bandWidthShare,channelID,edgeName,melName,timeStamp
100.0,"channelID: 10",Edge_12,MEL_Edge_12.6,12.595999999999998
50.0,"channelID: 10",Edge_12,MEL_Edge_12.6,12.808
33.333333333333336,"channelID: 10",Edge_12,MEL_Edge_12.6,12.955999999999998
25.0,"channelID: 10",Edge_12,MEL_Edge_12.6,13.243999999999998
20.0,"channelID: 10",Edge_12,MEL_Edge_12.6,13.379999999999997
16.666666666666668,"channelID: 10",Edge_12,MEL_Edge_12.6,13.591999999999999
14.285714285714286,"channelID: 10",Edge_12,MEL_Edge_12.6,13.879999999999999
12.5,"channelID: 10",Edge_12,MEL_Edge_12.6,14.303999999999997
11.11111111111111,"channelID: 10",Edge_12,MEL_Edge_12.6,14.375999999999998
50.0,"channelID: 11",Edge_12,MEL_Edge_12.6,12.808
33.333333333333336,"channelID: 11",Edge_12,MEL_Edge_12.6,12.955999999999998
25.0,"channelID: 11",Edge_12,MEL_Edge_12.6,13.243999999999998
20.0,"channelID: 11",Edge_12,MEL_Edge_12.6,13.379999999999997
16.666666666666668,"channelID: 11",Edge_12,MEL_Edge_12.6,13.591999999999999
14.285714285714286,"channelID: 11",Edge_12,MEL_Edge_12.6,13.879999999999999
12.5,"channelID: 11",Edge_12,MEL_Edge_12.6,14.303999999999997
11.11111111111111,"channelID: 11",Edge_12,MEL_Edge_12.6,14.375999999999998
12.5,"channelID: 11",Edge_12,MEL_Edge_12.6,15.492089999999997
33.333333333333336,"channelID: 12",Edge_12,MEL_Edge_12.5,12.955999999999998
25.0,"channelID: 12",Edge_12,MEL_Edge_12.5,13.243999999999998
20.0,"channelID: 12",Edge_12,MEL_Edge_12.5,13.379999999999997
16.666666666666668,"channelID: 12",Edge_12,MEL_Edge_12.5,13.591999999999999
14.285714285714286,"channelID: 12",Edge_12,MEL_Edge_12.5,13.879999999999999
12.5,"channelID: 12",Edge_12,MEL_Edge_12.5,14.303999999999997
11.11111111111111,"channelID: 12",Edge_12,MEL_Edge_12.5,14.375999999999998
12.5,"channelID: 12",Edge_12,MEL_Edge_12.5,15.492089999999997
14.285714285714286,"channelID: 12",Edge_12,MEL_Edge_12.5,17.18818
25.0,"channelID: 13",Edge_12,MEL_Edge_12.4,13.243999999999998
20.0,"channelID: 13",Edge_12,MEL_Edge_12.4,13.379999999999997
16.666666666666668,"channelID: 13",Edge_12,MEL_Edge_12.4,13.591999999999999
14.285714285714286,"channelID: 13",Edge_12,MEL_Edge_12.4,13.879999999999999
12.5,"channelID: 13",Edge_12,MEL_Edge_12.4,14.303999999999997
11.11111111111111,"channelID: 13",Edge_12,MEL_Edge_12.4,14.375999999999998
12.5,"channelID: 13",Edge_12,MEL_Edge_12.4,15.492089999999997
14.285714285714286,"channelID: 13",Edge_12,MEL_Edge_12.4,17.18818
16.666666666666668,"channelID: 13",Edge_12,MEL_Edge_12.4,17.70617
20.0,"channelID: 14",Edge_12,MEL_Edge_12.5,13.379999999999997
16.666666666666668,"channelID: 14",Edge_12,MEL_Edge_12.5,13.591999999999999
14.285714285714286,"channelID: 14",Edge_12,MEL_Edge_12.5,13.879999999999999
12.5,"channelID: 14",Edge_12,MEL_Edge_12.5,14.303999999999997
11.11111111111111,"channelID: 14",Edge_12,MEL_Edge_12.5,14.375999999999998
12.5,"channelID: 14",Edge_12,MEL_Edge_12.5,15.492089999999997
14.285714285714286,"channelID: 14",Edge_12,MEL_Edge_12.5,17.18818
16.666666666666668,"channelID: 14",Edge_12,MEL_Edge_12.5,17.70617
20.0,"channelID: 14",Edge_12,MEL_Edge_12.5,18.28218
16.666666666666668,"channelID: 15",Edge_12,MEL_Edge_12.5,13.591999999999999
14.285714285714286,"channelID: 15",Edge_12,MEL_Edge_12.5,13.879999999999999
12.5,"channelID: 15",Edge_12,MEL_Edge_12.5,14.303999999999997
11.11111111111111,"channelID: 15",Edge_12,MEL_Edge_12.5,14.375999999999998
12.5,"channelID: 15",Edge_12,MEL_Edge_12.5,15.492089999999997
14.285714285714286,"channelID: 15",Edge_12,MEL_Edge_12.5,17.18818
16.666666666666668,"channelID: 15",Edge_12,MEL_Edge_12.5,17.70617
20.0,"channelID: 15",Edge_12,MEL_Edge_12.5,18.28218
25.0,"channelID: 15",Edge_12,MEL_Edge_12.5,18.45217
14.285714285714286,"channelID: 16",Edge_12,MEL_Edge_12.4,13.879999999999999
12.5,"channelID: 16",Edge_12,MEL_Edge_12.4,14.303999999999997
11.11111111111111,"channelID: 16",Edge_12,MEL_Edge_12.4,14.375999999999998
12.5,"channelID: 16",Edge_12,MEL_Edge_12.4,15.492089999999997
14.285714285714286,"channelID: 16",Edge_12,MEL_Edge_12.4,17.18818
16.666666666666668,"channelID: 16",Edge_12,MEL_Edge_12.4,17.70617
20.0,"channelID: 16",Edge_12,MEL_Edge_12.4,18.28218
25.0,"channelID: 16",Edge_12,MEL_Edge_12.4,18.45217
33.333333333333336,"channelID: 16",Edge_12,MEL_Edge_12.4,18.621779999999998
12.5,"channelID: 17",Edge_12,MEL_Edge_12.4,14.303999999999997
11.11111111111111,"channelID: 17",Edge_12,MEL_Edge_12.4,14.375999999999998
12.5,"channelID: 17",Edge_12,MEL_Edge_12.4,15.492089999999997
14.285714285714286,"channelID: 17",Edge_12,MEL_Edge_12.4,17.18818
16.666666666666668,"channelID: 17",Edge_12,MEL_Edge_12.4,17.70617
20.0,"channelID: 17",Edge_12,MEL_Edge_12.4,18.28218
25.0,"channelID: 17",Edge_12,MEL_Edge_12.4,18.45217
33.333333333333336,"channelID: 17",Edge_12,MEL_Edge_12.4,18.621779999999998
50.0,"channelID: 17",Edge_12,MEL_Edge_12.4,18.76579
11.11111111111111,"channelID: 18",Edge_12,MEL_Edge_12.4,14.375999999999998
12.5,"channelID: 18",Edge_12,MEL_Edge_12.4,15.492089999999997
14.285714285714286,"channelID: 18",Edge_12,MEL_Edge_12.4,17.18818
16.666666666666668,"channelID: 18",Edge_12,MEL_Edge_12.4,17.70617
20.0,"channelID: 18",Edge_12,MEL_Edge_12.4,18.28218
25.0,"channelID: 18",Edge_12,MEL_Edge_12.4,18.45217
33.333333333333336,"channelID: 18",Edge_12,MEL_Edge_12.4,18.621779999999998
50.0,"channelID: 18",Edge_12,MEL_Edge_12.4,18.76579
100.0,"channelID: 18",Edge_12,MEL_Edge_12.4,18.88693
100.0,"channelID: 133",Edge_204c,MEL_Edge_204c.11,37.912
100.0,"channelID: 134",Edge_34,MEL_Edge_34.35,37.93599999999999
100.0,"channelID: 195",Edge_34,MEL_Edge_34.31,39.516
50.0,"channelID: 195",Edge_34,MEL_Edge_34.31,39.663999999999994
50.0,"channelID: 204",Edge_34,MEL_Edge_34.33,39.663999999999994
100.0,"channelID: 204",Edge_34,MEL_Edge_34.33,40.76798
100.0,"channelID: 213",Edge_204c,MEL_Edge_204c.14,40.00000000000001
50.0,"channelID: 213",Edge_204c,MEL_Edge_204c.14,40.336000000000006
50.0,"channelID: 214",Edge_204c,MEL_Edge_204c.17,40.336000000000006
100.0,"channelID: 214",Edge_204c,MEL_Edge_204c.17,41.06398
100.0,"channelID: 215",Edge_12,MEL_Edge_12.4,40.58
50.0,"channelID: 215",Edge_12,MEL_Edge_12.4,40.644
33.333333333333336,"channelID: 215",Edge_12,MEL_Edge_12.4,40.796
25.0,"channelID: 215",Edge_12,MEL_Edge_12.4,41.216
20.0,"channelID: 215",Edge_12,MEL_Edge_12.4,41.432
50.0,"channelID: 216",Edge_12,MEL_Edge_12.6,40.644
33.333333333333336,"channelID: 216",Edge_12,MEL_Edge_12.6,40.796
25.0,"channelID: 216",Edge_12,MEL_Edge_12.6,41.216
20.0,"channelID: 216",Edge_12,MEL_Edge_12.6,41.432
25.0,"channelID: 216",Edge_12,MEL_Edge_12.6,43.26185
33.333333333333336,"channelID: 217",Edge_12,MEL_Edge_12.5,40.796
25.0,"channelID: 217",Edge_12,MEL_Edge_12.5,41.216
20.0,"channelID: 217",Edge_12,MEL_Edge_12.5,41.432
25.0,"channelID: 217",Edge_12,MEL_Edge_12.5,43.26185
33.333333333333336,"channelID: 217",Edge_12,MEL_Edge_12.5,43.51789
100.0,"channelID: 220",Edge_34,MEL_Edge_34.33,41.78399999999999
50.0,"channelID: 220",Edge_34,MEL_Edge_34.33,41.791999999999994
33.333333333333336,"channelID: 220",Edge_34,MEL_Edge_34.33,42.132
25.0,"channelID: 220",Edge_34,MEL_Edge_34.33,43.080000000000005
20.0,"channelID: 220",Edge_34,MEL_Edge_34.33,43.69200000000001
16.666666666666668,"channelID: 220",Edge_34,MEL_Edge_34.33,43.912000000000006
50.0,"channelID: 221",Edge_34,MEL_Edge_34.31,41.791999999999994
33.333333333333336,"channelID: 221",Edge_34,MEL_Edge_34.31,42.132
25.0,"channelID: 221",Edge_34,MEL_Edge_34.31,43.080000000000005
20.0,"channelID: 221",Edge_34,MEL_Edge_34.31,43.69200000000001
16.666666666666668,"channelID: 221",Edge_34,MEL_Edge_34.31,43.912000000000006
20.0,"channelID: 221",Edge_34,MEL_Edge_34.31,43.96587000000001
25.0,"channelID: 218",Edge_12,MEL_Edge_12.4,41.216
20.0,"channelID: 218",Edge_12,MEL_Edge_12.4,41.432
25.0,"channelID: 218",Edge_12,MEL_Edge_12.4,43.26185
33.333333333333336,"channelID: 218",Edge_12,MEL_Edge_12.4,43.51789
50.0,"channelID: 218",Edge_12,MEL_Edge_12.4,43.745900000000006
20.0,"channelID: 219",Edge_12,MEL_Edge_12.5,41.432
25.0,"channelID: 219",Edge_12,MEL_Edge_12.5,43.26185
33.333333333333336,"channelID: 219",Edge_12,MEL_Edge_12.5,43.51789
50.0,"channelID: 219",Edge_12,MEL_Edge_12.5,43.745900000000006
100.0,"channelID: 219",Edge_12,MEL_Edge_12.5,44.025890000000004
33.333333333333336,"channelID: 222",Edge_34,MEL_Edge_34.35,42.132
25.0,"channelID: 222",Edge_34,MEL_Edge_34.35,43.080000000000005
20.0,"channelID: 222",Edge_34,MEL_Edge_34.35,43.69200000000001
16.666666666666668,"channelID: 222",Edge_34,MEL_Edge_34.35,43.912000000000006
20.0,"channelID: 222",Edge_34,MEL_Edge_34.35,43.96587000000001
25.0,"channelID: 222",Edge_34,MEL_Edge_34.35,44.00591000000001
20.0,"channelID: 222",Edge_34,MEL_Edge_34.35,44.212
16.666666666666668,"channelID: 222",Edge_34,MEL_Edge_34.35,44.255999999999986
14.285714285714286,"channelID: 222",Edge_34,MEL_Edge_34.35,44.54799999999999
12.5,"channelID: 222",Edge_34,MEL_Edge_34.35,44.58399999999998
11.11111111111111,"channelID: 222",Edge_34,MEL_Edge_34.35,44.999999999999986
100.0,"channelID: 227",Edge_204c,MEL_Edge_204c.14,44.22800000000001
50.0,"channelID: 227",Edge_204c,MEL_Edge_204c.14,44.572
50.0,"channelID: 230",Edge_204c,MEL_Edge_204c.17,44.572
83.33333333333333,"channelID: 230",Edge_204c,MEL_Edge_204c.17,45.28392999999998
76.92307692307692,"channelID: 230",Edge_204c,MEL_Edge_204c.17,45.39599999999998
50.0,"channelID: 230",Edge_204c,MEL_Edge_204c.17,45.416
47.61904761904762,"channelID: 230",Edge_204c,MEL_Edge_204c.17,45.731999999999985
45.45454545454545,"channelID: 230",Edge_204c,MEL_Edge_204c.17,45.80999999999998
43.47826086956522,"channelID: 230",Edge_204c,MEL_Edge_204c.17,45.85599999999999
50.0,"channelID: 237",Edge_204c,MEL_Edge_204c.11,45.416
47.61904761904762,"channelID: 237",Edge_204c,MEL_Edge_204c.11,45.731999999999985
45.45454545454545,"channelID: 237",Edge_204c,MEL_Edge_204c.11,45.80999999999998
43.47826086956522,"channelID: 237",Edge_204c,MEL_Edge_204c.11,45.85599999999999
45.45454545454545,"channelID: 237",Edge_204c,MEL_Edge_204c.11,45.900069999999985
43.47826086956522,"channelID: 237",Edge_204c,MEL_Edge_204c.11,45.941999999999986
41.666666666666664,"channelID: 237",Edge_204c,MEL_Edge_204c.11,46.124
40.0,"channelID: 237",Edge_204c,MEL_Edge_204c.11,46.27399999999999
38.46153846153846,"channelID: 237",Edge_204c,MEL_Edge_204c.11,46.376
37.03703703703704,"channelID: 237",Edge_204c,MEL_Edge_204c.11,46.448
35.714285714285715,"channelID: 237",Edge_204c,MEL_Edge_204c.11,46.48999999999999
34.48275862068966,"channelID: 237",Edge_204c,MEL_Edge_204c.11,46.72599999999999
34.48275862068966,"channelID: 254",Edge_204c,MEL_Edge_204c.11,47.43200000000001
33.333333333333336,"channelID: 254",Edge_204c,MEL_Edge_204c.11,48.25600000000001
32.25806451612903,"channelID: 254",Edge_204c,MEL_Edge_204c.11,48.603999999999985
25.0,"channelID: 254",Edge_204c,MEL_Edge_204c.11,49.528
33.333333333333336,"channelID: 255",Edge_204c,MEL_Edge_204c.14,48.25600000000001
32.25806451612903,"channelID: 255",Edge_204c,MEL_Edge_204c.14,48.603999999999985
25.0,"channelID: 255",Edge_204c,MEL_Edge_204c.14,49.528
32.25806451612903,"channelID: 255",Edge_204c,MEL_Edge_204c.14,49.53518
25.0,"channelID: 255",Edge_204c,MEL_Edge_204c.14,49.872
20.0,"channelID: 255",Edge_204c,MEL_Edge_204c.14,49.976000000000006
32.25806451612903,"channelID: 256",Edge_204c,MEL_Edge_204c.17,48.603999999999985
25.0,"channelID: 256",Edge_204c,MEL_Edge_204c.17,49.528
32.25806451612903,"channelID: 256",Edge_204c,MEL_Edge_204c.17,49.53518
25.0,"channelID: 256",Edge_204c,MEL_Edge_204c.17,49.872
20.0,"channelID: 256",Edge_204c,MEL_Edge_204c.17,49.976000000000006
25.0,"channelID: 256",Edge_204c,MEL_Edge_204c.17,50.723400000000005
20.0,"channelID: 256",Edge_204c,MEL_Edge_204c.17,50.88
25.0,"channelID: 223",Edge_34,MEL_Edge_34.35,43.080000000000005
20.0,"channelID: 223",Edge_34,MEL_Edge_34.35,43.69200000000001
16.666666666666668,"channelID: 223",Edge_34,MEL_Edge_34.35,43.912000000000006
20.0,"channelID: 223",Edge_34,MEL_Edge_34.35,43.96587000000001
25.0,"channelID: 223",Edge_34,MEL_Edge_34.35,44.00591000000001
20.0,"channelID: 223",Edge_34,MEL_Edge_34.35,44.212
16.666666666666668,"channelID: 223",Edge_34,MEL_Edge_34.35,44.255999999999986
14.285714285714286,"channelID: 223",Edge_34,MEL_Edge_34.35,44.54799999999999
12.5,"channelID: 223",Edge_34,MEL_Edge_34.35,44.58399999999998
11.11111111111111,"channelID: 223",Edge_34,MEL_Edge_34.35,44.999999999999986
12.5,"channelID: 223",Edge_34,MEL_Edge_34.35,45.03476999999999
11.11111111111111,"channelID: 223",Edge_34,MEL_Edge_34.35,45.092000000000006
10.0,"channelID: 223",Edge_34,MEL_Edge_34.35,45.251999999999995
9.090909090909092,"channelID: 223",Edge_34,MEL_Edge_34.35,45.26799999999998
8.333333333333334,"channelID: 223",Edge_34,MEL_Edge_34.35,45.39599999999998
7.6923076923076925,"channelID: 223",Edge_34,MEL_Edge_34.35,45.51199999999999
7.142857142857143,"channelID: 223",Edge_34,MEL_Edge_34.35,45.59200000000001
6.666666666666667,"channelID: 223",Edge_34,MEL_Edge_34.35,45.611999999999995
6.25,"channelID: 223",Edge_34,MEL_Edge_34.35,45.639999999999986
5.882352941176471,"channelID: 223",Edge_34,MEL_Edge_34.35,45.695999999999984
5.555555555555555,"channelID: 223",Edge_34,MEL_Edge_34.35,45.72799999999998
5.2631578947368425,"channelID: 223",Edge_34,MEL_Edge_34.35,45.731999999999985
5.0,"channelID: 223",Edge_34,MEL_Edge_34.35,45.80999999999998
4.761904761904762,"channelID: 223",Edge_34,MEL_Edge_34.35,45.85599999999999
4.545454545454546,"channelID: 223",Edge_34,MEL_Edge_34.35,45.941999999999986
4.3478260869565215,"channelID: 223",Edge_34,MEL_Edge_34.35,46.124
4.166666666666667,"channelID: 223",Edge_34,MEL_Edge_34.35,46.27399999999999
4.0,"channelID: 223",Edge_34,MEL_Edge_34.35,46.376
3.8461538461538463,"channelID: 223",Edge_34,MEL_Edge_34.35,46.448
3.7037037037037037,"channelID: 223",Edge_34,MEL_Edge_34.35,46.48999999999999
3.5714285714285716,"channelID: 223",Edge_34,MEL_Edge_34.35,46.72599999999999
25.0,"channelID: 257",Edge_204c,MEL_Edge_204c.14,49.528
32.25806451612903,"channelID: 257",Edge_204c,MEL_Edge_204c.14,49.53518
25.0,"channelID: 257",Edge_204c,MEL_Edge_204c.14,49.872
20.0,"channelID: 257",Edge_204c,MEL_Edge_204c.14,49.976000000000006
25.0,"channelID: 257",Edge_204c,MEL_Edge_204c.14,50.723400000000005
20.0,"channelID: 257",Edge_204c,MEL_Edge_204c.14,50.88
25.0,"channelID: 257",Edge_204c,MEL_Edge_204c.14,51.264250000000004
20.0,"channelID: 257",Edge_204c,MEL_Edge_204c.14,51.335999999999984
16.666666666666668,"channelID: 257",Edge_204c,MEL_Edge_204c.14,51.67599999999999
14.285714285714286,"channelID: 257",Edge_204c,MEL_Edge_204c.14,52.016000000000005
12.5,"channelID: 257",Edge_204c,MEL_Edge_204c.14,52.232
11.11111111111111,"channelID: 257",Edge_204c,MEL_Edge_204c.14,52.352000000000004
10.0,"channelID: 257",Edge_204c,MEL_Edge_204c.14,52.764
9.090909090909092,"channelID: 257",Edge_204c,MEL_Edge_204c.14,53.071999999999996
8.333333333333334,"channelID: 257",Edge_204c,MEL_Edge_204c.14,53.412000000000006
25.0,"channelID: 258",Edge_204c,MEL_Edge_204c.17,49.872
20.0,"channelID: 258",Edge_204c,MEL_Edge_204c.17,49.976000000000006
25.0,"channelID: 258",Edge_204c,MEL_Edge_204c.17,50.723400000000005
20.0,"channelID: 258",Edge_204c,MEL_Edge_204c.17,50.88
25.0,"channelID: 258",Edge_204c,MEL_Edge_204c.17,51.264250000000004
20.0,"channelID: 258",Edge_204c,MEL_Edge_204c.17,51.335999999999984
16.666666666666668,"channelID: 258",Edge_204c,MEL_Edge_204c.17,51.67599999999999
14.285714285714286,"channelID: 258",Edge_204c,MEL_Edge_204c.17,52.016000000000005
12.5,"channelID: 258",Edge_204c,MEL_Edge_204c.17,52.232
11.11111111111111,"channelID: 258",Edge_204c,MEL_Edge_204c.17,52.352000000000004
10.0,"channelID: 258",Edge_204c,MEL_Edge_204c.17,52.764
9.090909090909092,"channelID: 258",Edge_204c,MEL_Edge_204c.17,53.071999999999996
8.333333333333334,"channelID: 258",Edge_204c,MEL_Edge_204c.17,53.412000000000006
9.090909090909092,"channelID: 258",Edge_204c,MEL_Edge_204c.17,53.43732000000001
8.333333333333334,"channelID: 258",Edge_204c,MEL_Edge_204c.17,53.495999999999995
7.6923076923076925,"channelID: 258",Edge_204c,MEL_Edge_204c.17,53.611999999999995
7.142857142857143,"channelID: 258",Edge_204c,MEL_Edge_204c.17,53.83599999999999
6.666666666666667,"channelID: 258",Edge_204c,MEL_Edge_204c.17,53.95599999999998
6.25,"channelID: 258",Edge_204c,MEL_Edge_204c.17,54.184
5.882352941176471,"channelID: 258",Edge_204c,MEL_Edge_204c.17,54.472
5.555555555555555,"channelID: 258",Edge_204c,MEL_Edge_204c.17,54.523999999999994
5.2631578947368425,"channelID: 258",Edge_204c,MEL_Edge_204c.17,54.52799999999999
5.0,"channelID: 258",Edge_204c,MEL_Edge_204c.17,54.699999999999996
4.761904761904762,"channelID: 258",Edge_204c,MEL_Edge_204c.17,54.75999999999999
4.545454545454546,"channelID: 258",Edge_204c,MEL_Edge_204c.17,54.80799999999999
4.3478260869565215,"channelID: 258",Edge_204c,MEL_Edge_204c.17,54.89199999999999
4.166666666666667,"channelID: 258",Edge_204c,MEL_Edge_204c.17,54.97199999999999
4.0,"channelID: 258",Edge_204c,MEL_Edge_204c.17,55.04399999999999
3.8461538461538463,"channelID: 258",Edge_204c,MEL_Edge_204c.17,55.05199999999998
3.7037037037037037,"channelID: 258",Edge_204c,MEL_Edge_204c.17,55.151999999999994
3.5714285714285716,"channelID: 258",Edge_204c,MEL_Edge_204c.17,55.23599999999999
20.0,"channelID: 259",Edge_204c,MEL_Edge_204c.11,49.976000000000006
25.0,"channelID: 259",Edge_204c,MEL_Edge_204c.11,50.723400000000005
20.0,"channelID: 259",Edge_204c,MEL_Edge_204c.11,50.88
25.0,"channelID: 259",Edge_204c,MEL_Edge_204c.11,51.264250000000004
20.0,"channelID: 259",Edge_204c,MEL_Edge_204c.11,51.335999999999984
16.666666666666668,"channelID: 259",Edge_204c,MEL_Edge_204c.11,51.67599999999999
14.285714285714286,"channelID: 259",Edge_204c,MEL_Edge_204c.11,52.016000000000005
12.5,"channelID: 259",Edge_204c,MEL_Edge_204c.11,52.232
11.11111111111111,"channelID: 259",Edge_204c,MEL_Edge_204c.11,52.352000000000004
10.0,"channelID: 259",Edge_204c,MEL_Edge_204c.11,52.764
9.090909090909092,"channelID: 259",Edge_204c,MEL_Edge_204c.11,53.071999999999996
8.333333333333334,"channelID: 259",Edge_204c,MEL_Edge_204c.11,53.412000000000006
9.090909090909092,"channelID: 259",Edge_204c,MEL_Edge_204c.11,53.43732000000001
8.333333333333334,"channelID: 259",Edge_204c,MEL_Edge_204c.11,53.495999999999995
7.6923076923076925,"channelID: 259",Edge_204c,MEL_Edge_204c.11,53.611999999999995
7.142857142857143,"channelID: 259",Edge_204c,MEL_Edge_204c.11,53.83599999999999
6.666666666666667,"channelID: 259",Edge_204c,MEL_Edge_204c.11,53.95599999999998
6.25,"channelID: 259",Edge_204c,MEL_Edge_204c.11,54.184
5.882352941176471,"channelID: 259",Edge_204c,MEL_Edge_204c.11,54.472
5.555555555555555,"channelID: 259",Edge_204c,MEL_Edge_204c.11,54.523999999999994
5.2631578947368425,"channelID: 259",Edge_204c,MEL_Edge_204c.11,54.52799999999999
5.0,"channelID: 259",Edge_204c,MEL_Edge_204c.11,54.699999999999996
4.761904761904762,"channelID: 259",Edge_204c,MEL_Edge_204c.11,54.75999999999999
4.545454545454546,"channelID: 259",Edge_204c,MEL_Edge_204c.11,54.80799999999999
4.3478260869565215,"channelID: 259",Edge_204c,MEL_Edge_204c.11,54.89199999999999
4.166666666666667,"channelID: 259",Edge_204c,MEL_Edge_204c.11,54.97199999999999
4.0,"channelID: 259",Edge_204c,MEL_Edge_204c.11,55.04399999999999
3.8461538461538463,"channelID: 259",Edge_204c,MEL_Edge_204c.11,55.05199999999998
3.7037037037037037,"channelID: 259",Edge_204c,MEL_Edge_204c.11,55.151999999999994
3.5714285714285716,"channelID: 259",Edge_204c,MEL_Edge_204c.11,55.23599999999999
3.7037037037037037,"channelID: 259",Edge_204c,MEL_Edge_204c.11,55.27094999999999
3.5714285714285716,"channelID: 259",Edge_204c,MEL_Edge_204c.11,55.28799999999999
3.4482758620689653,"channelID: 259",Edge_204c,MEL_Edge_204c.11,55.31199999999998
3.3333333333333335,"channelID: 259",Edge_204c,MEL_Edge_204c.11,55.395999999999994
3.225806451612903,"channelID: 259",Edge_204c,MEL_Edge_204c.11,55.40399999999999
3.125,"channelID: 259",Edge_204c,MEL_Edge_204c.11,55.41999999999998
3.0303030303030303,"channelID: 259",Edge_204c,MEL_Edge_204c.11,55.49199999999998
2.9411764705882355,"channelID: 259",Edge_204c,MEL_Edge_204c.11,55.50399999999999
2.857142857142857,"channelID: 259",Edge_204c,MEL_Edge_204c.11,55.53599999999999
2.7777777777777777,"channelID: 259",Edge_204c,MEL_Edge_204c.11,55.56399999999998
2.7027027027027026,"channelID: 259",Edge_204c,MEL_Edge_204c.11,55.57199999999998
2.6315789473684212,"channelID: 259",Edge_204c,MEL_Edge_204c.11,55.61599999999998
2.5641025641025643,"channelID: 259",Edge_204c,MEL_Edge_204c.11,55.61999999999998
2.5,"channelID: 259",Edge_204c,MEL_Edge_204c.11,55.63199999999998
2.380952380952381,"channelID: 259",Edge_204c,MEL_Edge_204c.11,55.65599999999997
2.272727272727273,"channelID: 259",Edge_204c,MEL_Edge_204c.11,55.67999999999998
2.1739130434782608,"channelID: 259",Edge_204c,MEL_Edge_204c.11,55.69199999999997
2.127659574468085,"channelID: 259",Edge_204c,MEL_Edge_204c.11,55.71599999999997
2.0833333333333335,"channelID: 259",Edge_204c,MEL_Edge_204c.11,55.78799999999998
2.0408163265306123,"channelID: 259",Edge_204c,MEL_Edge_204c.11,55.843999999999966
2.0,"channelID: 259",Edge_204c,MEL_Edge_204c.11,55.871999999999986
1.9607843137254901,"channelID: 259",Edge_204c,MEL_Edge_204c.11,55.89599999999999
1.9230769230769231,"channelID: 259",Edge_204c,MEL_Edge_204c.11,55.90799999999998
20.0,"channelID: 224",Edge_34,MEL_Edge_34.33,43.69200000000001
16.666666666666668,"channelID: 224",Edge_34,MEL_Edge_34.33,43.912000000000006
20.0,"channelID: 224",Edge_34,MEL_Edge_34.33,43.96587000000001
25.0,"channelID: 224",Edge_34,MEL_Edge_34.33,44.00591000000001
20.0,"channelID: 224",Edge_34,MEL_Edge_34.33,44.212
16.666666666666668,"channelID: 224",Edge_34,MEL_Edge_34.33,44.255999999999986
14.285714285714286,"channelID: 224",Edge_34,MEL_Edge_34.33,44.54799999999999
12.5,"channelID: 224",Edge_34,MEL_Edge_34.33,44.58399999999998
11.11111111111111,"channelID: 224",Edge_34,MEL_Edge_34.33,44.999999999999986
12.5,"channelID: 224",Edge_34,MEL_Edge_34.33,45.03476999999999
11.11111111111111,"channelID: 224",Edge_34,MEL_Edge_34.33,45.092000000000006
10.0,"channelID: 224",Edge_34,MEL_Edge_34.33,45.251999999999995
9.090909090909092,"channelID: 224",Edge_34,MEL_Edge_34.33,45.26799999999998
8.333333333333334,"channelID: 224",Edge_34,MEL_Edge_34.33,45.39599999999998
7.6923076923076925,"channelID: 224",Edge_34,MEL_Edge_34.33,45.51199999999999
7.142857142857143,"channelID: 224",Edge_34,MEL_Edge_34.33,45.59200000000001
6.666666666666667,"channelID: 224",Edge_34,MEL_Edge_34.33,45.611999999999995
6.25,"channelID: 224",Edge_34,MEL_Edge_34.33,45.639999999999986
5.882352941176471,"channelID: 224",Edge_34,MEL_Edge_34.33,45.695999999999984
5.555555555555555,"channelID: 224",Edge_34,MEL_Edge_34.33,45.72799999999998
5.2631578947368425,"channelID: 224",Edge_34,MEL_Edge_34.33,45.731999999999985
5.0,"channelID: 224",Edge_34,MEL_Edge_34.33,45.80999999999998
4.761904761904762,"channelID: 224",Edge_34,MEL_Edge_34.33,45.85599999999999
4.545454545454546,"channelID: 224",Edge_34,MEL_Edge_34.33,45.941999999999986
4.3478260869565215,"channelID: 224",Edge_34,MEL_Edge_34.33,46.124
4.166666666666667,"channelID: 224",Edge_34,MEL_Edge_34.33,46.27399999999999
4.0,"channelID: 224",Edge_34,MEL_Edge_34.33,46.376
3.8461538461538463,"channelID: 224",Edge_34,MEL_Edge_34.33,46.448
3.7037037037037037,"channelID: 224",Edge_34,MEL_Edge_34.33,46.48999999999999
3.5714285714285716,"channelID: 224",Edge_34,MEL_Edge_34.33,46.72599999999999
3.7037037037037037,"channelID: 224",Edge_34,MEL_Edge_34.33,52.61497000000001
16.666666666666668,"channelID: 225",Edge_34,MEL_Edge_34.31,43.912000000000006
20.0,"channelID: 225",Edge_34,MEL_Edge_34.31,43.96587000000001
25.0,"channelID: 225",Edge_34,MEL_Edge_34.31,44.00591000000001
20.0,"channelID: 225",Edge_34,MEL_Edge_34.31,44.212
16.666666666666668,"channelID: 225",Edge_34,MEL_Edge_34.31,44.255999999999986
14.285714285714286,"channelID: 225",Edge_34,MEL_Edge_34.31,44.54799999999999
12.5,"channelID: 225",Edge_34,MEL_Edge_34.31,44.58399999999998
11.11111111111111,"channelID: 225",Edge_34,MEL_Edge_34.31,44.999999999999986
12.5,"channelID: 225",Edge_34,MEL_Edge_34.31,45.03476999999999
11.11111111111111,"channelID: 225",Edge_34,MEL_Edge_34.31,45.092000000000006
10.0,"channelID: 225",Edge_34,MEL_Edge_34.31,45.251999999999995
9.090909090909092,"channelID: 225",Edge_34,MEL_Edge_34.31,45.26799999999998
8.333333333333334,"channelID: 225",Edge_34,MEL_Edge_34.31,45.39599999999998
7.6923076923076925,"channelID: 225",Edge_34,MEL_Edge_34.31,45.51199999999999
7.142857142857143,"channelID: 225",Edge_34,MEL_Edge_34.31,45.59200000000001
6.666666666666667,"channelID: 225",Edge_34,MEL_Edge_34.31,45.611999999999995
6.25,"channelID: 225",Edge_34,MEL_Edge_34.31,45.639999999999986
5.882352941176471,"channelID: 225",Edge_34,MEL_Edge_34.31,45.695999999999984
5.555555555555555,"channelID: 225",Edge_34,MEL_Edge_34.31,45.72799999999998
5.2631578947368425,"channelID: 225",Edge_34,MEL_Edge_34.31,45.731999999999985
5.0,"channelID: 225",Edge_34,MEL_Edge_34.31,45.80999999999998
4.761904761904762,"channelID: 225",Edge_34,MEL_Edge_34.31,45.85599999999999
4.545454545454546,"channelID: 225",Edge_34,MEL_Edge_34.31,45.941999999999986
4.3478260869565215,"channelID: 225",Edge_34,MEL_Edge_34.31,46.124
4.166666666666667,"channelID: 225",Edge_34,MEL_Edge_34.31,46.27399999999999
4.0,"channelID: 225",Edge_34,MEL_Edge_34.31,46.376
3.8461538461538463,"channelID: 225",Edge_34,MEL_Edge_34.31,46.448
3.7037037037037037,"channelID: 225",Edge_34,MEL_Edge_34.31,46.48999999999999
3.5714285714285716,"channelID: 225",Edge_34,MEL_Edge_34.31,46.72599999999999
3.7037037037037037,"channelID: 225",Edge_34,MEL_Edge_34.31,52.61497000000001
3.8461538461538463,"channelID: 225",Edge_34,MEL_Edge_34.31,56.74574999999998
20.0,"channelID: 226",Edge_34,MEL_Edge_34.35,44.212
16.666666666666668,"channelID: 226",Edge_34,MEL_Edge_34.35,44.255999999999986
14.285714285714286,"channelID: 226",Edge_34,MEL_Edge_34.35,44.54799999999999
12.5,"channelID: 226",Edge_34,MEL_Edge_34.35,44.58399999999998
11.11111111111111,"channelID: 226",Edge_34,MEL_Edge_34.35,44.999999999999986
12.5,"channelID: 226",Edge_34,MEL_Edge_34.35,45.03476999999999
11.11111111111111,"channelID: 226",Edge_34,MEL_Edge_34.35,45.092000000000006
10.0,"channelID: 226",Edge_34,MEL_Edge_34.35,45.251999999999995
9.090909090909092,"channelID: 226",Edge_34,MEL_Edge_34.35,45.26799999999998
8.333333333333334,"channelID: 226",Edge_34,MEL_Edge_34.35,45.39599999999998
7.6923076923076925,"channelID: 226",Edge_34,MEL_Edge_34.35,45.51199999999999
7.142857142857143,"channelID: 226",Edge_34,MEL_Edge_34.35,45.59200000000001
6.666666666666667,"channelID: 226",Edge_34,MEL_Edge_34.35,45.611999999999995
6.25,"channelID: 226",Edge_34,MEL_Edge_34.35,45.639999999999986
5.882352941176471,"channelID: 226",Edge_34,MEL_Edge_34.35,45.695999999999984
5.555555555555555,"channelID: 226",Edge_34,MEL_Edge_34.35,45.72799999999998
5.2631578947368425,"channelID: 226",Edge_34,MEL_Edge_34.35,45.731999999999985
5.0,"channelID: 226",Edge_34,MEL_Edge_34.35,45.80999999999998
4.761904761904762,"channelID: 226",Edge_34,MEL_Edge_34.35,45.85599999999999
4.545454545454546,"channelID: 226",Edge_34,MEL_Edge_34.35,45.941999999999986
4.3478260869565215,"channelID: 226",Edge_34,MEL_Edge_34.35,46.124
4.166666666666667,"channelID: 226",Edge_34,MEL_Edge_34.35,46.27399999999999
4.0,"channelID: 226",Edge_34,MEL_Edge_34.35,46.376
3.8461538461538463,"channelID: 226",Edge_34,MEL_Edge_34.35,46.448
3.7037037037037037,"channelID: 226",Edge_34,MEL_Edge_34.35,46.48999999999999
3.5714285714285716,"channelID: 226",Edge_34,MEL_Edge_34.35,46.72599999999999
3.7037037037037037,"channelID: 226",Edge_34,MEL_Edge_34.35,52.61497000000001
3.8461538461538463,"channelID: 226",Edge_34,MEL_Edge_34.35,56.74574999999998
4.0,"channelID: 226",Edge_34,MEL_Edge_34.35,57.88979999999998
16.666666666666668,"channelID: 228",Edge_34,MEL_Edge_34.33,44.255999999999986
14.285714285714286,"channelID: 228",Edge_34,MEL_Edge_34.33,44.54799999999999
12.5,"channelID: 228",Edge_34,MEL_Edge_34.33,44.58399999999998
11.11111111111111,"channelID: 228",Edge_34,MEL_Edge_34.33,44.999999999999986
12.5,"channelID: 228",Edge_34,MEL_Edge_34.33,45.03476999999999
11.11111111111111,"channelID: 228",Edge_34,MEL_Edge_34.33,45.092000000000006
10.0,"channelID: 228",Edge_34,MEL_Edge_34.33,45.251999999999995
9.090909090909092,"channelID: 228",Edge_34,MEL_Edge_34.33,45.26799999999998
8.333333333333334,"channelID: 228",Edge_34,MEL_Edge_34.33,45.39599999999998
7.6923076923076925,"channelID: 228",Edge_34,MEL_Edge_34.33,45.51199999999999
7.142857142857143,"channelID: 228",Edge_34,MEL_Edge_34.33,45.59200000000001
6.666666666666667,"channelID: 228",Edge_34,MEL_Edge_34.33,45.611999999999995
6.25,"channelID: 228",Edge_34,MEL_Edge_34.33,45.639999999999986
5.882352941176471,"channelID: 228",Edge_34,MEL_Edge_34.33,45.695999999999984
5.555555555555555,"channelID: 228",Edge_34,MEL_Edge_34.33,45.72799999999998
5.2631578947368425,"channelID: 228",Edge_34,MEL_Edge_34.33,45.731999999999985
5.0,"channelID: 228",Edge_34,MEL_Edge_34.33,45.80999999999998
4.761904761904762,"channelID: 228",Edge_34,MEL_Edge_34.33,45.85599999999999
4.545454545454546,"channelID: 228",Edge_34,MEL_Edge_34.33,45.941999999999986
4.3478260869565215,"channelID: 228",Edge_34,MEL_Edge_34.33,46.124
4.166666666666667,"channelID: 228",Edge_34,MEL_Edge_34.33,46.27399999999999
4.0,"channelID: 228",Edge_34,MEL_Edge_34.33,46.376
3.8461538461538463,"channelID: 228",Edge_34,MEL_Edge_34.33,46.448
3.7037037037037037,"channelID: 228",Edge_34,MEL_Edge_34.33,46.48999999999999
3.5714285714285716,"channelID: 228",Edge_34,MEL_Edge_34.33,46.72599999999999
3.7037037037037037,"channelID: 228",Edge_34,MEL_Edge_34.33,52.61497000000001
3.8461538461538463,"channelID: 228",Edge_34,MEL_Edge_34.33,56.74574999999998
4.0,"channelID: 228",Edge_34,MEL_Edge_34.33,57.88979999999998
4.166666666666667,"channelID: 228",Edge_34,MEL_Edge_34.33,59.602599999999995
14.285714285714286,"channelID: 229",Edge_34,MEL_Edge_34.31,44.54799999999999
12.5,"channelID: 229",Edge_34,MEL_Edge_34.31,44.58399999999998
11.11111111111111,"channelID: 229",Edge_34,MEL_Edge_34.31,44.999999999999986
12.5,"channelID: 229",Edge_34,MEL_Edge_34.31,45.03476999999999
11.11111111111111,"channelID: 229",Edge_34,MEL_Edge_34.31,45.092000000000006
10.0,"channelID: 229",Edge_34,MEL_Edge_34.31,45.251999999999995
9.090909090909092,"channelID: 229",Edge_34,MEL_Edge_34.31,45.26799999999998
8.333333333333334,"channelID: 229",Edge_34,MEL_Edge_34.31,45.39599999999998
7.6923076923076925,"channelID: 229",Edge_34,MEL_Edge_34.31,45.51199999999999
7.142857142857143,"channelID: 229",Edge_34,MEL_Edge_34.31,45.59200000000001
6.666666666666667,"channelID: 229",Edge_34,MEL_Edge_34.31,45.611999999999995
6.25,"channelID: 229",Edge_34,MEL_Edge_34.31,45.639999999999986
5.882352941176471,"channelID: 229",Edge_34,MEL_Edge_34.31,45.695999999999984
5.555555555555555,"channelID: 229",Edge_34,MEL_Edge_34.31,45.72799999999998
5.2631578947368425,"channelID: 229",Edge_34,MEL_Edge_34.31,45.731999999999985
5.0,"channelID: 229",Edge_34,MEL_Edge_34.31,45.80999999999998
4.761904761904762,"channelID: 229",Edge_34,MEL_Edge_34.31,45.85599999999999
4.545454545454546,"channelID: 229",Edge_34,MEL_Edge_34.31,45.941999999999986
4.3478260869565215,"channelID: 229",Edge_34,MEL_Edge_34.31,46.124
4.166666666666667,"channelID: 229",Edge_34,MEL_Edge_34.31,46.27399999999999
4.0,"channelID: 229",Edge_34,MEL_Edge_34.31,46.376
3.8461538461538463,"channelID: 229",Edge_34,MEL_Edge_34.31,46.448
3.7037037037037037,"channelID: 229",Edge_34,MEL_Edge_34.31,46.48999999999999
3.5714285714285716,"channelID: 229",Edge_34,MEL_Edge_34.31,46.72599999999999
3.7037037037037037,"channelID: 229",Edge_34,MEL_Edge_34.31,52.61497000000001
3.8461538461538463,"channelID: 229",Edge_34,MEL_Edge_34.31,56.74574999999998
4.0,"channelID: 229",Edge_34,MEL_Edge_34.31,57.88979999999998
4.166666666666667,"channelID: 229",Edge_34,MEL_Edge_34.31,59.602599999999995
4.3478260869565215,"channelID: 229",Edge_34,MEL_Edge_34.31,59.81384
12.5,"channelID: 231",Edge_34,MEL_Edge_34.35,44.58399999999998
11.11111111111111,"channelID: 231",Edge_34,MEL_Edge_34.35,44.999999999999986
12.5,"channelID: 231",Edge_34,MEL_Edge_34.35,45.03476999999999
11.11111111111111,"channelID: 231",Edge_34,MEL_Edge_34.35,45.092000000000006
10.0,"channelID: 231",Edge_34,MEL_Edge_34.35,45.251999999999995
9.090909090909092,"channelID: 231",Edge_34,MEL_Edge_34.35,45.26799999999998
8.333333333333334,"channelID: 231",Edge_34,MEL_Edge_34.35,45.39599999999998
7.6923076923076925,"channelID: 231",Edge_34,MEL_Edge_34.35,45.51199999999999
7.142857142857143,"channelID: 231",Edge_34,MEL_Edge_34.35,45.59200000000001
6.666666666666667,"channelID: 231",Edge_34,MEL_Edge_34.35,45.611999999999995
6.25,"channelID: 231",Edge_34,MEL_Edge_34.35,45.639999999999986
5.882352941176471,"channelID: 231",Edge_34,MEL_Edge_34.35,45.695999999999984
5.555555555555555,"channelID: 231",Edge_34,MEL_Edge_34.35,45.72799999999998
5.2631578947368425,"channelID: 231",Edge_34,MEL_Edge_34.35,45.731999999999985
5.0,"channelID: 231",Edge_34,MEL_Edge_34.35,45.80999999999998
4.761904761904762,"channelID: 231",Edge_34,MEL_Edge_34.35,45.85599999999999
4.545454545454546,"channelID: 231",Edge_34,MEL_Edge_34.35,45.941999999999986
4.3478260869565215,"channelID: 231",Edge_34,MEL_Edge_34.35,46.124
4.166666666666667,"channelID: 231",Edge_34,MEL_Edge_34.35,46.27399999999999
4.0,"channelID: 231",Edge_34,MEL_Edge_34.35,46.376
3.8461538461538463,"channelID: 231",Edge_34,MEL_Edge_34.35,46.448
3.7037037037037037,"channelID: 231",Edge_34,MEL_Edge_34.35,46.48999999999999
3.5714285714285716,"channelID: 231",Edge_34,MEL_Edge_34.35,46.72599999999999
3.7037037037037037,"channelID: 231",Edge_34,MEL_Edge_34.35,52.61497000000001
3.8461538461538463,"channelID: 231",Edge_34,MEL_Edge_34.35,56.74574999999998
4.0,"channelID: 231",Edge_34,MEL_Edge_34.35,57.88979999999998
4.166666666666667,"channelID: 231",Edge_34,MEL_Edge_34.35,59.602599999999995
4.3478260869565215,"channelID: 231",Edge_34,MEL_Edge_34.35,59.81384
4.545454545454546,"channelID: 231",Edge_34,MEL_Edge_34.35,60.9332
11.11111111111111,"channelID: 232",Edge_34,MEL_Edge_34.33,44.999999999999986
12.5,"channelID: 232",Edge_34,MEL_Edge_34.33,45.03476999999999
11.11111111111111,"channelID: 232",Edge_34,MEL_Edge_34.33,45.092000000000006
10.0,"channelID: 232",Edge_34,MEL_Edge_34.33,45.251999999999995
9.090909090909092,"channelID: 232",Edge_34,MEL_Edge_34.33,45.26799999999998
8.333333333333334,"channelID: 232",Edge_34,MEL_Edge_34.33,45.39599999999998
7.6923076923076925,"channelID: 232",Edge_34,MEL_Edge_34.33,45.51199999999999
7.142857142857143,"channelID: 232",Edge_34,MEL_Edge_34.33,45.59200000000001
6.666666666666667,"channelID: 232",Edge_34,MEL_Edge_34.33,45.611999999999995
6.25,"channelID: 232",Edge_34,MEL_Edge_34.33,45.639999999999986
5.882352941176471,"channelID: 232",Edge_34,MEL_Edge_34.33,45.695999999999984
5.555555555555555,"channelID: 232",Edge_34,MEL_Edge_34.33,45.72799999999998
5.2631578947368425,"channelID: 232",Edge_34,MEL_Edge_34.33,45.731999999999985
5.0,"channelID: 232",Edge_34,MEL_Edge_34.33,45.80999999999998
4.761904761904762,"channelID: 232",Edge_34,MEL_Edge_34.33,45.85599999999999
4.545454545454546,"channelID: 232",Edge_34,MEL_Edge_34.33,45.941999999999986
4.3478260869565215,"channelID: 232",Edge_34,MEL_Edge_34.33,46.124
4.166666666666667,"channelID: 232",Edge_34,MEL_Edge_34.33,46.27399999999999
4.0,"channelID: 232",Edge_34,MEL_Edge_34.33,46.376
3.8461538461538463,"channelID: 232",Edge_34,MEL_Edge_34.33,46.448
3.7037037037037037,"channelID: 232",Edge_34,MEL_Edge_34.33,46.48999999999999
3.5714285714285716,"channelID: 232",Edge_34,MEL_Edge_34.33,46.72599999999999
3.7037037037037037,"channelID: 232",Edge_34,MEL_Edge_34.33,52.61497000000001
3.8461538461538463,"channelID: 232",Edge_34,MEL_Edge_34.33,56.74574999999998
4.0,"channelID: 232",Edge_34,MEL_Edge_34.33,57.88979999999998
4.166666666666667,"channelID: 232",Edge_34,MEL_Edge_34.33,59.602599999999995
4.3478260869565215,"channelID: 232",Edge_34,MEL_Edge_34.33,59.81384
4.545454545454546,"channelID: 232",Edge_34,MEL_Edge_34.33,60.9332
4.761904761904762,"channelID: 232",Edge_34,MEL_Edge_34.33,61.04638
11.11111111111111,"channelID: 233",Edge_34,MEL_Edge_34.35,45.092000000000006
10.0,"channelID: 233",Edge_34,MEL_Edge_34.35,45.251999999999995
9.090909090909092,"channelID: 233",Edge_34,MEL_Edge_34.35,45.26799999999998
8.333333333333334,"channelID: 233",Edge_34,MEL_Edge_34.35,45.39599999999998
7.6923076923076925,"channelID: 233",Edge_34,MEL_Edge_34.35,45.51199999999999
7.142857142857143,"channelID: 233",Edge_34,MEL_Edge_34.35,45.59200000000001
6.666666666666667,"channelID: 233",Edge_34,MEL_Edge_34.35,45.611999999999995
6.25,"channelID: 233",Edge_34,MEL_Edge_34.35,45.639999999999986
5.882352941176471,"channelID: 233",Edge_34,MEL_Edge_34.35,45.695999999999984
5.555555555555555,"channelID: 233",Edge_34,MEL_Edge_34.35,45.72799999999998
5.2631578947368425,"channelID: 233",Edge_34,MEL_Edge_34.35,45.731999999999985
5.0,"channelID: 233",Edge_34,MEL_Edge_34.35,45.80999999999998
4.761904761904762,"channelID: 233",Edge_34,MEL_Edge_34.35,45.85599999999999
4.545454545454546,"channelID: 233",Edge_34,MEL_Edge_34.35,45.941999999999986
4.3478260869565215,"channelID: 233",Edge_34,MEL_Edge_34.35,46.124
4.166666666666667,"channelID: 233",Edge_34,MEL_Edge_34.35,46.27399999999999
4.0,"channelID: 233",Edge_34,MEL_Edge_34.35,46.376
3.8461538461538463,"channelID: 233",Edge_34,MEL_Edge_34.35,46.448
3.7037037037037037,"channelID: 233",Edge_34,MEL_Edge_34.35,46.48999999999999
3.5714285714285716,"channelID: 233",Edge_34,MEL_Edge_34.35,46.72599999999999
3.7037037037037037,"channelID: 233",Edge_34,MEL_Edge_34.35,52.61497000000001
3.8461538461538463,"channelID: 233",Edge_34,MEL_Edge_34.35,56.74574999999998
4.0,"channelID: 233",Edge_34,MEL_Edge_34.35,57.88979999999998
4.166666666666667,"channelID: 233",Edge_34,MEL_Edge_34.35,59.602599999999995
4.3478260869565215,"channelID: 233",Edge_34,MEL_Edge_34.35,59.81384
4.545454545454546,"channelID: 233",Edge_34,MEL_Edge_34.35,60.9332
4.761904761904762,"channelID: 233",Edge_34,MEL_Edge_34.35,61.04638
5.0,"channelID: 233",Edge_34,MEL_Edge_34.35,62.138380000000005
10.0,"channelID: 234",Edge_34,MEL_Edge_34.33,45.251999999999995
9.090909090909092,"channelID: 234",Edge_34,MEL_Edge_34.33,45.26799999999998
8.333333333333334,"channelID: 234",Edge_34,MEL_Edge_34.33,45.39599999999998
7.6923076923076925,"channelID: 234",Edge_34,MEL_Edge_34.33,45.51199999999999
7.142857142857143,"channelID: 234",Edge_34,MEL_Edge_34.33,45.59200000000001
6.666666666666667,"channelID: 234",Edge_34,MEL_Edge_34.33,45.611999999999995
6.25,"channelID: 234",Edge_34,MEL_Edge_34.33,45.639999999999986
5.882352941176471,"channelID: 234",Edge_34,MEL_Edge_34.33,45.695999999999984
5.555555555555555,"channelID: 234",Edge_34,MEL_Edge_34.33,45.72799999999998
5.2631578947368425,"channelID: 234",Edge_34,MEL_Edge_34.33,45.731999999999985
5.0,"channelID: 234",Edge_34,MEL_Edge_34.33,45.80999999999998
4.761904761904762,"channelID: 234",Edge_34,MEL_Edge_34.33,45.85599999999999
4.545454545454546,"channelID: 234",Edge_34,MEL_Edge_34.33,45.941999999999986
4.3478260869565215,"channelID: 234",Edge_34,MEL_Edge_34.33,46.124
4.166666666666667,"channelID: 234",Edge_34,MEL_Edge_34.33,46.27399999999999
4.0,"channelID: 234",Edge_34,MEL_Edge_34.33,46.376
3.8461538461538463,"channelID: 234",Edge_34,MEL_Edge_34.33,46.448
3.7037037037037037,"channelID: 234",Edge_34,MEL_Edge_34.33,46.48999999999999
3.5714285714285716,"channelID: 234",Edge_34,MEL_Edge_34.33,46.72599999999999
3.7037037037037037,"channelID: 234",Edge_34,MEL_Edge_34.33,52.61497000000001
3.8461538461538463,"channelID: 234",Edge_34,MEL_Edge_34.33,56.74574999999998
4.0,"channelID: 234",Edge_34,MEL_Edge_34.33,57.88979999999998
4.166666666666667,"channelID: 234",Edge_34,MEL_Edge_34.33,59.602599999999995
4.3478260869565215,"channelID: 234",Edge_34,MEL_Edge_34.33,59.81384
4.545454545454546,"channelID: 234",Edge_34,MEL_Edge_34.33,60.9332
4.761904761904762,"channelID: 234",Edge_34,MEL_Edge_34.33,61.04638
5.0,"channelID: 234",Edge_34,MEL_Edge_34.33,62.138380000000005
5.2631578947368425,"channelID: 234",Edge_34,MEL_Edge_34.33,62.358760000000004
9.090909090909092,"channelID: 235",Edge_34,MEL_Edge_34.35,45.26799999999998
8.333333333333334,"channelID: 235",Edge_34,MEL_Edge_34.35,45.39599999999998
7.6923076923076925,"channelID: 235",Edge_34,MEL_Edge_34.35,45.51199999999999
7.142857142857143,"channelID: 235",Edge_34,MEL_Edge_34.35,45.59200000000001
6.666666666666667,"channelID: 235",Edge_34,MEL_Edge_34.35,45.611999999999995
6.25,"channelID: 235",Edge_34,MEL_Edge_34.35,45.639999999999986
5.882352941176471,"channelID: 235",Edge_34,MEL_Edge_34.35,45.695999999999984
5.555555555555555,"channelID: 235",Edge_34,MEL_Edge_34.35,45.72799999999998
5.2631578947368425,"channelID: 235",Edge_34,MEL_Edge_34.35,45.731999999999985
5.0,"channelID: 235",Edge_34,MEL_Edge_34.35,45.80999999999998
4.761904761904762,"channelID: 235",Edge_34,MEL_Edge_34.35,45.85599999999999
4.545454545454546,"channelID: 235",Edge_34,MEL_Edge_34.35,45.941999999999986
4.3478260869565215,"channelID: 235",Edge_34,MEL_Edge_34.35,46.124
4.166666666666667,"channelID: 235",Edge_34,MEL_Edge_34.35,46.27399999999999
4.0,"channelID: 235",Edge_34,MEL_Edge_34.35,46.376
3.8461538461538463,"channelID: 235",Edge_34,MEL_Edge_34.35,46.448
3.7037037037037037,"channelID: 235",Edge_34,MEL_Edge_34.35,46.48999999999999
3.5714285714285716,"channelID: 235",Edge_34,MEL_Edge_34.35,46.72599999999999
3.7037037037037037,"channelID: 235",Edge_34,MEL_Edge_34.35,52.61497000000001
3.8461538461538463,"channelID: 235",Edge_34,MEL_Edge_34.35,56.74574999999998
4.0,"channelID: 235",Edge_34,MEL_Edge_34.35,57.88979999999998
4.166666666666667,"channelID: 235",Edge_34,MEL_Edge_34.35,59.602599999999995
4.3478260869565215,"channelID: 235",Edge_34,MEL_Edge_34.35,59.81384
4.545454545454546,"channelID: 235",Edge_34,MEL_Edge_34.35,60.9332
4.761904761904762,"channelID: 235",Edge_34,MEL_Edge_34.35,61.04638
5.0,"channelID: 235",Edge_34,MEL_Edge_34.35,62.138380000000005
5.2631578947368425,"channelID: 235",Edge_34,MEL_Edge_34.35,62.358760000000004
5.555555555555555,"channelID: 235",Edge_34,MEL_Edge_34.35,62.69653999999999
8.333333333333334,"channelID: 236",Edge_34,MEL_Edge_34.31,45.39599999999998
7.6923076923076925,"channelID: 236",Edge_34,MEL_Edge_34.31,45.51199999999999
7.142857142857143,"channelID: 236",Edge_34,MEL_Edge_34.31,45.59200000000001
6.666666666666667,"channelID: 236",Edge_34,MEL_Edge_34.31,45.611999999999995
6.25,"channelID: 236",Edge_34,MEL_Edge_34.31,45.639999999999986
5.882352941176471,"channelID: 236",Edge_34,MEL_Edge_34.31,45.695999999999984
5.555555555555555,"channelID: 236",Edge_34,MEL_Edge_34.31,45.72799999999998
5.2631578947368425,"channelID: 236",Edge_34,MEL_Edge_34.31,45.731999999999985
5.0,"channelID: 236",Edge_34,MEL_Edge_34.31,45.80999999999998
4.761904761904762,"channelID: 236",Edge_34,MEL_Edge_34.31,45.85599999999999
4.545454545454546,"channelID: 236",Edge_34,MEL_Edge_34.31,45.941999999999986
4.3478260869565215,"channelID: 236",Edge_34,MEL_Edge_34.31,46.124
4.166666666666667,"channelID: 236",Edge_34,MEL_Edge_34.31,46.27399999999999
4.0,"channelID: 236",Edge_34,MEL_Edge_34.31,46.376
3.8461538461538463,"channelID: 236",Edge_34,MEL_Edge_34.31,46.448
3.7037037037037037,"channelID: 236",Edge_34,MEL_Edge_34.31,46.48999999999999
3.5714285714285716,"channelID: 236",Edge_34,MEL_Edge_34.31,46.72599999999999
3.7037037037037037,"channelID: 236",Edge_34,MEL_Edge_34.31,52.61497000000001
3.8461538461538463,"channelID: 236",Edge_34,MEL_Edge_34.31,56.74574999999998
4.0,"channelID: 236",Edge_34,MEL_Edge_34.31,57.88979999999998
4.166666666666667,"channelID: 236",Edge_34,MEL_Edge_34.31,59.602599999999995
4.3478260869565215,"channelID: 236",Edge_34,MEL_Edge_34.31,59.81384
4.545454545454546,"channelID: 236",Edge_34,MEL_Edge_34.31,60.9332
4.761904761904762,"channelID: 236",Edge_34,MEL_Edge_34.31,61.04638
5.0,"channelID: 236",Edge_34,MEL_Edge_34.31,62.138380000000005
5.2631578947368425,"channelID: 236",Edge_34,MEL_Edge_34.31,62.358760000000004
5.555555555555555,"channelID: 236",Edge_34,MEL_Edge_34.31,62.69653999999999
5.882352941176471,"channelID: 236",Edge_34,MEL_Edge_34.31,62.72533999999999
7.6923076923076925,"channelID: 238",Edge_34,MEL_Edge_34.35,45.51199999999999
7.142857142857143,"channelID: 238",Edge_34,MEL_Edge_34.35,45.59200000000001
6.666666666666667,"channelID: 238",Edge_34,MEL_Edge_34.35,45.611999999999995
6.25,"channelID: 238",Edge_34,MEL_Edge_34.35,45.639999999999986
5.882352941176471,"channelID: 238",Edge_34,MEL_Edge_34.35,45.695999999999984
5.555555555555555,"channelID: 238",Edge_34,MEL_Edge_34.35,45.72799999999998
5.2631578947368425,"channelID: 238",Edge_34,MEL_Edge_34.35,45.731999999999985
5.0,"channelID: 238",Edge_34,MEL_Edge_34.35,45.80999999999998
4.761904761904762,"channelID: 238",Edge_34,MEL_Edge_34.35,45.85599999999999
4.545454545454546,"channelID: 238",Edge_34,MEL_Edge_34.35,45.941999999999986
4.3478260869565215,"channelID: 238",Edge_34,MEL_Edge_34.35,46.124
4.166666666666667,"channelID: 238",Edge_34,MEL_Edge_34.35,46.27399999999999
4.0,"channelID: 238",Edge_34,MEL_Edge_34.35,46.376
3.8461538461538463,"channelID: 238",Edge_34,MEL_Edge_34.35,46.448
3.7037037037037037,"channelID: 238",Edge_34,MEL_Edge_34.35,46.48999999999999
3.5714285714285716,"channelID: 238",Edge_34,MEL_Edge_34.35,46.72599999999999
3.7037037037037037,"channelID: 238",Edge_34,MEL_Edge_34.35,52.61497000000001
3.8461538461538463,"channelID: 238",Edge_34,MEL_Edge_34.35,56.74574999999998
4.0,"channelID: 238",Edge_34,MEL_Edge_34.35,57.88979999999998
4.166666666666667,"channelID: 238",Edge_34,MEL_Edge_34.35,59.602599999999995
4.3478260869565215,"channelID: 238",Edge_34,MEL_Edge_34.35,59.81384
4.545454545454546,"channelID: 238",Edge_34,MEL_Edge_34.35,60.9332
4.761904761904762,"channelID: 238",Edge_34,MEL_Edge_34.35,61.04638
5.0,"channelID: 238",Edge_34,MEL_Edge_34.35,62.138380000000005
5.2631578947368425,"channelID: 238",Edge_34,MEL_Edge_34.35,62.358760000000004
5.555555555555555,"channelID: 238",Edge_34,MEL_Edge_34.35,62.69653999999999
5.882352941176471,"channelID: 238",Edge_34,MEL_Edge_34.35,62.72533999999999
6.25,"channelID: 238",Edge_34,MEL_Edge_34.35,62.92315999999999
7.142857142857143,"channelID: 239",Edge_34,MEL_Edge_34.35,45.59200000000001
6.666666666666667,"channelID: 239",Edge_34,MEL_Edge_34.35,45.611999999999995
6.25,"channelID: 239",Edge_34,MEL_Edge_34.35,45.639999999999986
5.882352941176471,"channelID: 239",Edge_34,MEL_Edge_34.35,45.695999999999984
5.555555555555555,"channelID: 239",Edge_34,MEL_Edge_34.35,45.72799999999998
5.2631578947368425,"channelID: 239",Edge_34,MEL_Edge_34.35,45.731999999999985
5.0,"channelID: 239",Edge_34,MEL_Edge_34.35,45.80999999999998
4.761904761904762,"channelID: 239",Edge_34,MEL_Edge_34.35,45.85599999999999
4.545454545454546,"channelID: 239",Edge_34,MEL_Edge_34.35,45.941999999999986
4.3478260869565215,"channelID: 239",Edge_34,MEL_Edge_34.35,46.124
4.166666666666667,"channelID: 239",Edge_34,MEL_Edge_34.35,46.27399999999999
4.0,"channelID: 239",Edge_34,MEL_Edge_34.35,46.376
3.8461538461538463,"channelID: 239",Edge_34,MEL_Edge_34.35,46.448
3.7037037037037037,"channelID: 239",Edge_34,MEL_Edge_34.35,46.48999999999999
3.5714285714285716,"channelID: 239",Edge_34,MEL_Edge_34.35,46.72599999999999
3.7037037037037037,"channelID: 239",Edge_34,MEL_Edge_34.35,52.61497000000001
3.8461538461538463,"channelID: 239",Edge_34,MEL_Edge_34.35,56.74574999999998
4.0,"channelID: 239",Edge_34,MEL_Edge_34.35,57.88979999999998
4.166666666666667,"channelID: 239",Edge_34,MEL_Edge_34.35,59.602599999999995
4.3478260869565215,"channelID: 239",Edge_34,MEL_Edge_34.35,59.81384
4.545454545454546,"channelID: 239",Edge_34,MEL_Edge_34.35,60.9332
4.761904761904762,"channelID: 239",Edge_34,MEL_Edge_34.35,61.04638
5.0,"channelID: 239",Edge_34,MEL_Edge_34.35,62.138380000000005
5.2631578947368425,"channelID: 239",Edge_34,MEL_Edge_34.35,62.358760000000004
5.555555555555555,"channelID: 239",Edge_34,MEL_Edge_34.35,62.69653999999999
5.882352941176471,"channelID: 239",Edge_34,MEL_Edge_34.35,62.72533999999999
6.25,"channelID: 239",Edge_34,MEL_Edge_34.35,62.92315999999999
6.666666666666667,"channelID: 239",Edge_34,MEL_Edge_34.35,63.07781999999999
6.666666666666667,"channelID: 240",Edge_34,MEL_Edge_34.33,45.611999999999995
6.25,"channelID: 240",Edge_34,MEL_Edge_34.33,45.639999999999986
5.882352941176471,"channelID: 240",Edge_34,MEL_Edge_34.33,45.695999999999984
5.555555555555555,"channelID: 240",Edge_34,MEL_Edge_34.33,45.72799999999998
5.2631578947368425,"channelID: 240",Edge_34,MEL_Edge_34.33,45.731999999999985
5.0,"channelID: 240",Edge_34,MEL_Edge_34.33,45.80999999999998
4.761904761904762,"channelID: 240",Edge_34,MEL_Edge_34.33,45.85599999999999
4.545454545454546,"channelID: 240",Edge_34,MEL_Edge_34.33,45.941999999999986
4.3478260869565215,"channelID: 240",Edge_34,MEL_Edge_34.33,46.124
4.166666666666667,"channelID: 240",Edge_34,MEL_Edge_34.33,46.27399999999999
4.0,"channelID: 240",Edge_34,MEL_Edge_34.33,46.376
3.8461538461538463,"channelID: 240",Edge_34,MEL_Edge_34.33,46.448
3.7037037037037037,"channelID: 240",Edge_34,MEL_Edge_34.33,46.48999999999999
3.5714285714285716,"channelID: 240",Edge_34,MEL_Edge_34.33,46.72599999999999
3.7037037037037037,"channelID: 240",Edge_34,MEL_Edge_34.33,52.61497000000001
3.8461538461538463,"channelID: 240",Edge_34,MEL_Edge_34.33,56.74574999999998
4.0,"channelID: 240",Edge_34,MEL_Edge_34.33,57.88979999999998
4.166666666666667,"channelID: 240",Edge_34,MEL_Edge_34.33,59.602599999999995
4.3478260869565215,"channelID: 240",Edge_34,MEL_Edge_34.33,59.81384
4.545454545454546,"channelID: 240",Edge_34,MEL_Edge_34.33,60.9332
4.761904761904762,"channelID: 240",Edge_34,MEL_Edge_34.33,61.04638
5.0,"channelID: 240",Edge_34,MEL_Edge_34.33,62.138380000000005
5.2631578947368425,"channelID: 240",Edge_34,MEL_Edge_34.33,62.358760000000004
5.555555555555555,"channelID: 240",Edge_34,MEL_Edge_34.33,62.69653999999999
5.882352941176471,"channelID: 240",Edge_34,MEL_Edge_34.33,62.72533999999999
6.25,"channelID: 240",Edge_34,MEL_Edge_34.33,62.92315999999999
6.666666666666667,"channelID: 240",Edge_34,MEL_Edge_34.33,63.07781999999999
7.142857142857143,"channelID: 240",Edge_34,MEL_Edge_34.33,63.17012
6.25,"channelID: 241",Edge_34,MEL_Edge_34.35,45.639999999999986
5.882352941176471,"channelID: 241",Edge_34,MEL_Edge_34.35,45.695999999999984
5.555555555555555,"channelID: 241",Edge_34,MEL_Edge_34.35,45.72799999999998
5.2631578947368425,"channelID: 241",Edge_34,MEL_Edge_34.35,45.731999999999985
5.0,"channelID: 241",Edge_34,MEL_Edge_34.35,45.80999999999998
4.761904761904762,"channelID: 241",Edge_34,MEL_Edge_34.35,45.85599999999999
4.545454545454546,"channelID: 241",Edge_34,MEL_Edge_34.35,45.941999999999986
4.3478260869565215,"channelID: 241",Edge_34,MEL_Edge_34.35,46.124
4.166666666666667,"channelID: 241",Edge_34,MEL_Edge_34.35,46.27399999999999
4.0,"channelID: 241",Edge_34,MEL_Edge_34.35,46.376
3.8461538461538463,"channelID: 241",Edge_34,MEL_Edge_34.35,46.448
3.7037037037037037,"channelID: 241",Edge_34,MEL_Edge_34.35,46.48999999999999
3.5714285714285716,"channelID: 241",Edge_34,MEL_Edge_34.35,46.72599999999999
3.7037037037037037,"channelID: 241",Edge_34,MEL_Edge_34.35,52.61497000000001
3.8461538461538463,"channelID: 241",Edge_34,MEL_Edge_34.35,56.74574999999998
4.0,"channelID: 241",Edge_34,MEL_Edge_34.35,57.88979999999998
4.166666666666667,"channelID: 241",Edge_34,MEL_Edge_34.35,59.602599999999995
4.3478260869565215,"channelID: 241",Edge_34,MEL_Edge_34.35,59.81384
4.545454545454546,"channelID: 241",Edge_34,MEL_Edge_34.35,60.9332
4.761904761904762,"channelID: 241",Edge_34,MEL_Edge_34.35,61.04638
5.0,"channelID: 241",Edge_34,MEL_Edge_34.35,62.138380000000005
5.2631578947368425,"channelID: 241",Edge_34,MEL_Edge_34.35,62.358760000000004
5.555555555555555,"channelID: 241",Edge_34,MEL_Edge_34.35,62.69653999999999
5.882352941176471,"channelID: 241",Edge_34,MEL_Edge_34.35,62.72533999999999
6.25,"channelID: 241",Edge_34,MEL_Edge_34.35,62.92315999999999
6.666666666666667,"channelID: 241",Edge_34,MEL_Edge_34.35,63.07781999999999
7.142857142857143,"channelID: 241",Edge_34,MEL_Edge_34.35,63.17012
7.6923076923076925,"channelID: 241",Edge_34,MEL_Edge_34.35,63.19012
5.882352941176471,"channelID: 242",Edge_34,MEL_Edge_34.31,45.695999999999984
5.555555555555555,"channelID: 242",Edge_34,MEL_Edge_34.31,45.72799999999998
5.2631578947368425,"channelID: 242",Edge_34,MEL_Edge_34.31,45.731999999999985
5.0,"channelID: 242",Edge_34,MEL_Edge_34.31,45.80999999999998
4.761904761904762,"channelID: 242",Edge_34,MEL_Edge_34.31,45.85599999999999
4.545454545454546,"channelID: 242",Edge_34,MEL_Edge_34.31,45.941999999999986
4.3478260869565215,"channelID: 242",Edge_34,MEL_Edge_34.31,46.124
4.166666666666667,"channelID: 242",Edge_34,MEL_Edge_34.31,46.27399999999999
4.0,"channelID: 242",Edge_34,MEL_Edge_34.31,46.376
3.8461538461538463,"channelID: 242",Edge_34,MEL_Edge_34.31,46.448
3.7037037037037037,"channelID: 242",Edge_34,MEL_Edge_34.31,46.48999999999999
3.5714285714285716,"channelID: 242",Edge_34,MEL_Edge_34.31,46.72599999999999
3.7037037037037037,"channelID: 242",Edge_34,MEL_Edge_34.31,52.61497000000001
3.8461538461538463,"channelID: 242",Edge_34,MEL_Edge_34.31,56.74574999999998
4.0,"channelID: 242",Edge_34,MEL_Edge_34.31,57.88979999999998
4.166666666666667,"channelID: 242",Edge_34,MEL_Edge_34.31,59.602599999999995
4.3478260869565215,"channelID: 242",Edge_34,MEL_Edge_34.31,59.81384
4.545454545454546,"channelID: 242",Edge_34,MEL_Edge_34.31,60.9332
4.761904761904762,"channelID: 242",Edge_34,MEL_Edge_34.31,61.04638
5.0,"channelID: 242",Edge_34,MEL_Edge_34.31,62.138380000000005
5.2631578947368425,"channelID: 242",Edge_34,MEL_Edge_34.31,62.358760000000004
5.555555555555555,"channelID: 242",Edge_34,MEL_Edge_34.31,62.69653999999999
5.882352941176471,"channelID: 242",Edge_34,MEL_Edge_34.31,62.72533999999999
6.25,"channelID: 242",Edge_34,MEL_Edge_34.31,62.92315999999999
6.666666666666667,"channelID: 242",Edge_34,MEL_Edge_34.31,63.07781999999999
7.142857142857143,"channelID: 242",Edge_34,MEL_Edge_34.31,63.17012
7.6923076923076925,"channelID: 242",Edge_34,MEL_Edge_34.31,63.19012
8.333333333333334,"channelID: 242",Edge_34,MEL_Edge_34.31,63.21437
5.555555555555555,"channelID: 243",Edge_34,MEL_Edge_34.33,45.72799999999998
5.2631578947368425,"channelID: 243",Edge_34,MEL_Edge_34.33,45.731999999999985
5.0,"channelID: 243",Edge_34,MEL_Edge_34.33,45.80999999999998
4.761904761904762,"channelID: 243",Edge_34,MEL_Edge_34.33,45.85599999999999
4.545454545454546,"channelID: 243",Edge_34,MEL_Edge_34.33,45.941999999999986
4.3478260869565215,"channelID: 243",Edge_34,MEL_Edge_34.33,46.124
4.166666666666667,"channelID: 243",Edge_34,MEL_Edge_34.33,46.27399999999999
4.0,"channelID: 243",Edge_34,MEL_Edge_34.33,46.376
3.8461538461538463,"channelID: 243",Edge_34,MEL_Edge_34.33,46.448
3.7037037037037037,"channelID: 243",Edge_34,MEL_Edge_34.33,46.48999999999999
3.5714285714285716,"channelID: 243",Edge_34,MEL_Edge_34.33,46.72599999999999
3.7037037037037037,"channelID: 243",Edge_34,MEL_Edge_34.33,52.61497000000001
3.8461538461538463,"channelID: 243",Edge_34,MEL_Edge_34.33,56.74574999999998
4.0,"channelID: 243",Edge_34,MEL_Edge_34.33,57.88979999999998
4.166666666666667,"channelID: 243",Edge_34,MEL_Edge_34.33,59.602599999999995
4.3478260869565215,"channelID: 243",Edge_34,MEL_Edge_34.33,59.81384
4.545454545454546,"channelID: 243",Edge_34,MEL_Edge_34.33,60.9332
4.761904761904762,"channelID: 243",Edge_34,MEL_Edge_34.33,61.04638
5.0,"channelID: 243",Edge_34,MEL_Edge_34.33,62.138380000000005
5.2631578947368425,"channelID: 243",Edge_34,MEL_Edge_34.33,62.358760000000004
5.555555555555555,"channelID: 243",Edge_34,MEL_Edge_34.33,62.69653999999999
5.882352941176471,"channelID: 243",Edge_34,MEL_Edge_34.33,62.72533999999999
6.25,"channelID: 243",Edge_34,MEL_Edge_34.33,62.92315999999999
6.666666666666667,"channelID: 243",Edge_34,MEL_Edge_34.33,63.07781999999999
7.142857142857143,"channelID: 243",Edge_34,MEL_Edge_34.33,63.17012
7.6923076923076925,"channelID: 243",Edge_34,MEL_Edge_34.33,63.19012
8.333333333333334,"channelID: 243",Edge_34,MEL_Edge_34.33,63.21437
8.695652173913043,"channelID: 243",Edge_34,MEL_Edge_34.33,63.256370000000004
5.2631578947368425,"channelID: 244",Edge_34,MEL_Edge_34.35,45.731999999999985
5.0,"channelID: 244",Edge_34,MEL_Edge_34.35,45.80999999999998
4.761904761904762,"channelID: 244",Edge_34,MEL_Edge_34.35,45.85599999999999
4.545454545454546,"channelID: 244",Edge_34,MEL_Edge_34.35,45.941999999999986
4.3478260869565215,"channelID: 244",Edge_34,MEL_Edge_34.35,46.124
4.166666666666667,"channelID: 244",Edge_34,MEL_Edge_34.35,46.27399999999999
4.0,"channelID: 244",Edge_34,MEL_Edge_34.35,46.376
3.8461538461538463,"channelID: 244",Edge_34,MEL_Edge_34.35,46.448
3.7037037037037037,"channelID: 244",Edge_34,MEL_Edge_34.35,46.48999999999999
3.5714285714285716,"channelID: 244",Edge_34,MEL_Edge_34.35,46.72599999999999
3.7037037037037037,"channelID: 244",Edge_34,MEL_Edge_34.35,52.61497000000001
3.8461538461538463,"channelID: 244",Edge_34,MEL_Edge_34.35,56.74574999999998
4.0,"channelID: 244",Edge_34,MEL_Edge_34.35,57.88979999999998
4.166666666666667,"channelID: 244",Edge_34,MEL_Edge_34.35,59.602599999999995
4.3478260869565215,"channelID: 244",Edge_34,MEL_Edge_34.35,59.81384
4.545454545454546,"channelID: 244",Edge_34,MEL_Edge_34.35,60.9332
4.761904761904762,"channelID: 244",Edge_34,MEL_Edge_34.35,61.04638
5.0,"channelID: 244",Edge_34,MEL_Edge_34.35,62.138380000000005
5.2631578947368425,"channelID: 244",Edge_34,MEL_Edge_34.35,62.358760000000004
5.555555555555555,"channelID: 244",Edge_34,MEL_Edge_34.35,62.69653999999999
5.882352941176471,"channelID: 244",Edge_34,MEL_Edge_34.35,62.72533999999999
6.25,"channelID: 244",Edge_34,MEL_Edge_34.35,62.92315999999999
6.666666666666667,"channelID: 244",Edge_34,MEL_Edge_34.35,63.07781999999999
7.142857142857143,"channelID: 244",Edge_34,MEL_Edge_34.35,63.17012
7.6923076923076925,"channelID: 244",Edge_34,MEL_Edge_34.35,63.19012
8.333333333333334,"channelID: 244",Edge_34,MEL_Edge_34.35,63.21437
8.695652173913043,"channelID: 244",Edge_34,MEL_Edge_34.35,63.256370000000004
8.771929824561404,"channelID: 244",Edge_34,MEL_Edge_34.35,63.278000000000006
5.0,"channelID: 245",Edge_34,MEL_Edge_34.33,45.80999999999998
4.761904761904762,"channelID: 245",Edge_34,MEL_Edge_34.33,45.85599999999999
4.545454545454546,"channelID: 245",Edge_34,MEL_Edge_34.33,45.941999999999986
4.3478260869565215,"channelID: 245",Edge_34,MEL_Edge_34.33,46.124
4.166666666666667,"channelID: 245",Edge_34,MEL_Edge_34.33,46.27399999999999
4.0,"channelID: 245",Edge_34,MEL_Edge_34.33,46.376
3.8461538461538463,"channelID: 245",Edge_34,MEL_Edge_34.33,46.448
3.7037037037037037,"channelID: 245",Edge_34,MEL_Edge_34.33,46.48999999999999
3.5714285714285716,"channelID: 245",Edge_34,MEL_Edge_34.33,46.72599999999999
3.7037037037037037,"channelID: 245",Edge_34,MEL_Edge_34.33,52.61497000000001
3.8461538461538463,"channelID: 245",Edge_34,MEL_Edge_34.33,56.74574999999998
4.0,"channelID: 245",Edge_34,MEL_Edge_34.33,57.88979999999998
4.166666666666667,"channelID: 245",Edge_34,MEL_Edge_34.33,59.602599999999995
4.3478260869565215,"channelID: 245",Edge_34,MEL_Edge_34.33,59.81384
4.545454545454546,"channelID: 245",Edge_34,MEL_Edge_34.33,60.9332
4.761904761904762,"channelID: 245",Edge_34,MEL_Edge_34.33,61.04638
5.0,"channelID: 245",Edge_34,MEL_Edge_34.33,62.138380000000005
5.2631578947368425,"channelID: 245",Edge_34,MEL_Edge_34.33,62.358760000000004
5.555555555555555,"channelID: 245",Edge_34,MEL_Edge_34.33,62.69653999999999
5.882352941176471,"channelID: 245",Edge_34,MEL_Edge_34.33,62.72533999999999
6.25,"channelID: 245",Edge_34,MEL_Edge_34.33,62.92315999999999
6.666666666666667,"channelID: 245",Edge_34,MEL_Edge_34.33,63.07781999999999
7.142857142857143,"channelID: 245",Edge_34,MEL_Edge_34.33,63.17012
7.6923076923076925,"channelID: 245",Edge_34,MEL_Edge_34.33,63.19012
8.333333333333334,"channelID: 245",Edge_34,MEL_Edge_34.33,63.21437
8.695652173913043,"channelID: 245",Edge_34,MEL_Edge_34.33,63.256370000000004
8.771929824561404,"channelID: 245",Edge_34,MEL_Edge_34.33,63.278000000000006
8.849557522123893,"channelID: 245",Edge_34,MEL_Edge_34.33,63.280530000000006
4.761904761904762,"channelID: 246",Edge_34,MEL_Edge_34.33,45.85599999999999
4.545454545454546,"channelID: 246",Edge_34,MEL_Edge_34.33,45.941999999999986
4.3478260869565215,"channelID: 246",Edge_34,MEL_Edge_34.33,46.124
4.166666666666667,"channelID: 246",Edge_34,MEL_Edge_34.33,46.27399999999999
4.0,"channelID: 246",Edge_34,MEL_Edge_34.33,46.376
3.8461538461538463,"channelID: 246",Edge_34,MEL_Edge_34.33,46.448
3.7037037037037037,"channelID: 246",Edge_34,MEL_Edge_34.33,46.48999999999999
3.5714285714285716,"channelID: 246",Edge_34,MEL_Edge_34.33,46.72599999999999
3.7037037037037037,"channelID: 246",Edge_34,MEL_Edge_34.33,52.61497000000001
3.8461538461538463,"channelID: 246",Edge_34,MEL_Edge_34.33,56.74574999999998
4.0,"channelID: 246",Edge_34,MEL_Edge_34.33,57.88979999999998
4.166666666666667,"channelID: 246",Edge_34,MEL_Edge_34.33,59.602599999999995
4.3478260869565215,"channelID: 246",Edge_34,MEL_Edge_34.33,59.81384
4.545454545454546,"channelID: 246",Edge_34,MEL_Edge_34.33,60.9332
4.761904761904762,"channelID: 246",Edge_34,MEL_Edge_34.33,61.04638
5.0,"channelID: 246",Edge_34,MEL_Edge_34.33,62.138380000000005
5.2631578947368425,"channelID: 246",Edge_34,MEL_Edge_34.33,62.358760000000004
5.555555555555555,"channelID: 246",Edge_34,MEL_Edge_34.33,62.69653999999999
5.882352941176471,"channelID: 246",Edge_34,MEL_Edge_34.33,62.72533999999999
6.25,"channelID: 246",Edge_34,MEL_Edge_34.33,62.92315999999999
6.666666666666667,"channelID: 246",Edge_34,MEL_Edge_34.33,63.07781999999999
7.142857142857143,"channelID: 246",Edge_34,MEL_Edge_34.33,63.17012
7.6923076923076925,"channelID: 246",Edge_34,MEL_Edge_34.33,63.19012
8.333333333333334,"channelID: 246",Edge_34,MEL_Edge_34.33,63.21437
8.695652173913043,"channelID: 246",Edge_34,MEL_Edge_34.33,63.256370000000004
8.771929824561404,"channelID: 246",Edge_34,MEL_Edge_34.33,63.278000000000006
8.849557522123893,"channelID: 246",Edge_34,MEL_Edge_34.33,63.280530000000006
8.928571428571429,"channelID: 246",Edge_34,MEL_Edge_34.33,63.326910000000005
4.545454545454546,"channelID: 247",Edge_34,MEL_Edge_34.33,45.941999999999986
4.3478260869565215,"channelID: 247",Edge_34,MEL_Edge_34.33,46.124
4.166666666666667,"channelID: 247",Edge_34,MEL_Edge_34.33,46.27399999999999
4.0,"channelID: 247",Edge_34,MEL_Edge_34.33,46.376
3.8461538461538463,"channelID: 247",Edge_34,MEL_Edge_34.33,46.448
3.7037037037037037,"channelID: 247",Edge_34,MEL_Edge_34.33,46.48999999999999
3.5714285714285716,"channelID: 247",Edge_34,MEL_Edge_34.33,46.72599999999999
3.7037037037037037,"channelID: 247",Edge_34,MEL_Edge_34.33,52.61497000000001
3.8461538461538463,"channelID: 247",Edge_34,MEL_Edge_34.33,56.74574999999998
4.0,"channelID: 247",Edge_34,MEL_Edge_34.33,57.88979999999998
4.166666666666667,"channelID: 247",Edge_34,MEL_Edge_34.33,59.602599999999995
4.3478260869565215,"channelID: 247",Edge_34,MEL_Edge_34.33,59.81384
4.545454545454546,"channelID: 247",Edge_34,MEL_Edge_34.33,60.9332
4.761904761904762,"channelID: 247",Edge_34,MEL_Edge_34.33,61.04638
5.0,"channelID: 247",Edge_34,MEL_Edge_34.33,62.138380000000005
5.2631578947368425,"channelID: 247",Edge_34,MEL_Edge_34.33,62.358760000000004
5.555555555555555,"channelID: 247",Edge_34,MEL_Edge_34.33,62.69653999999999
5.882352941176471,"channelID: 247",Edge_34,MEL_Edge_34.33,62.72533999999999
6.25,"channelID: 247",Edge_34,MEL_Edge_34.33,62.92315999999999
6.666666666666667,"channelID: 247",Edge_34,MEL_Edge_34.33,63.07781999999999
7.142857142857143,"channelID: 247",Edge_34,MEL_Edge_34.33,63.17012
7.6923076923076925,"channelID: 247",Edge_34,MEL_Edge_34.33,63.19012
8.333333333333334,"channelID: 247",Edge_34,MEL_Edge_34.33,63.21437
8.695652173913043,"channelID: 247",Edge_34,MEL_Edge_34.33,63.256370000000004
8.771929824561404,"channelID: 247",Edge_34,MEL_Edge_34.33,63.278000000000006
8.849557522123893,"channelID: 247",Edge_34,MEL_Edge_34.33,63.280530000000006
8.928571428571429,"channelID: 247",Edge_34,MEL_Edge_34.33,63.326910000000005
9.00900900900901,"channelID: 247",Edge_34,MEL_Edge_34.33,63.35268000000001
4.3478260869565215,"channelID: 248",Edge_34,MEL_Edge_34.31,46.124
4.166666666666667,"channelID: 248",Edge_34,MEL_Edge_34.31,46.27399999999999
4.0,"channelID: 248",Edge_34,MEL_Edge_34.31,46.376
3.8461538461538463,"channelID: 248",Edge_34,MEL_Edge_34.31,46.448
3.7037037037037037,"channelID: 248",Edge_34,MEL_Edge_34.31,46.48999999999999
3.5714285714285716,"channelID: 248",Edge_34,MEL_Edge_34.31,46.72599999999999
3.7037037037037037,"channelID: 248",Edge_34,MEL_Edge_34.31,52.61497000000001
3.8461538461538463,"channelID: 248",Edge_34,MEL_Edge_34.31,56.74574999999998
4.0,"channelID: 248",Edge_34,MEL_Edge_34.31,57.88979999999998
4.166666666666667,"channelID: 248",Edge_34,MEL_Edge_34.31,59.602599999999995
4.3478260869565215,"channelID: 248",Edge_34,MEL_Edge_34.31,59.81384
4.545454545454546,"channelID: 248",Edge_34,MEL_Edge_34.31,60.9332
4.761904761904762,"channelID: 248",Edge_34,MEL_Edge_34.31,61.04638
5.0,"channelID: 248",Edge_34,MEL_Edge_34.31,62.138380000000005
5.2631578947368425,"channelID: 248",Edge_34,MEL_Edge_34.31,62.358760000000004
5.555555555555555,"channelID: 248",Edge_34,MEL_Edge_34.31,62.69653999999999
5.882352941176471,"channelID: 248",Edge_34,MEL_Edge_34.31,62.72533999999999
6.25,"channelID: 248",Edge_34,MEL_Edge_34.31,62.92315999999999
6.666666666666667,"channelID: 248",Edge_34,MEL_Edge_34.31,63.07781999999999
7.142857142857143,"channelID: 248",Edge_34,MEL_Edge_34.31,63.17012
7.6923076923076925,"channelID: 248",Edge_34,MEL_Edge_34.31,63.19012
8.333333333333334,"channelID: 248",Edge_34,MEL_Edge_34.31,63.21437
8.695652173913043,"channelID: 248",Edge_34,MEL_Edge_34.31,63.256370000000004
8.771929824561404,"channelID: 248",Edge_34,MEL_Edge_34.31,63.278000000000006
8.849557522123893,"channelID: 248",Edge_34,MEL_Edge_34.31,63.280530000000006
8.928571428571429,"channelID: 248",Edge_34,MEL_Edge_34.31,63.326910000000005
9.00900900900901,"channelID: 248",Edge_34,MEL_Edge_34.31,63.35268000000001
9.090909090909092,"channelID: 248",Edge_34,MEL_Edge_34.31,63.39813000000001
8.928571428571429,"channelID: 248",Edge_34,MEL_Edge_34.31,63.438
4.166666666666667,"channelID: 249",Edge_34,MEL_Edge_34.31,46.27399999999999
4.0,"channelID: 249",Edge_34,MEL_Edge_34.31,46.376
3.8461538461538463,"channelID: 249",Edge_34,MEL_Edge_34.31,46.448
3.7037037037037037,"channelID: 249",Edge_34,MEL_Edge_34.31,46.48999999999999
3.5714285714285716,"channelID: 249",Edge_34,MEL_Edge_34.31,46.72599999999999
3.7037037037037037,"channelID: 249",Edge_34,MEL_Edge_34.31,52.61497000000001
3.8461538461538463,"channelID: 249",Edge_34,MEL_Edge_34.31,56.74574999999998
4.0,"channelID: 249",Edge_34,MEL_Edge_34.31,57.88979999999998
4.166666666666667,"channelID: 249",Edge_34,MEL_Edge_34.31,59.602599999999995
4.3478260869565215,"channelID: 249",Edge_34,MEL_Edge_34.31,59.81384
4.545454545454546,"channelID: 249",Edge_34,MEL_Edge_34.31,60.9332
4.761904761904762,"channelID: 249",Edge_34,MEL_Edge_34.31,61.04638
5.0,"channelID: 249",Edge_34,MEL_Edge_34.31,62.138380000000005
5.2631578947368425,"channelID: 249",Edge_34,MEL_Edge_34.31,62.358760000000004
5.555555555555555,"channelID: 249",Edge_34,MEL_Edge_34.31,62.69653999999999
5.882352941176471,"channelID: 249",Edge_34,MEL_Edge_34.31,62.72533999999999
6.25,"channelID: 249",Edge_34,MEL_Edge_34.31,62.92315999999999
6.666666666666667,"channelID: 249",Edge_34,MEL_Edge_34.31,63.07781999999999
7.142857142857143,"channelID: 249",Edge_34,MEL_Edge_34.31,63.17012
7.6923076923076925,"channelID: 249",Edge_34,MEL_Edge_34.31,63.19012
8.333333333333334,"channelID: 249",Edge_34,MEL_Edge_34.31,63.21437
8.695652173913043,"channelID: 249",Edge_34,MEL_Edge_34.31,63.256370000000004
8.771929824561404,"channelID: 249",Edge_34,MEL_Edge_34.31,63.278000000000006
8.849557522123893,"channelID: 249",Edge_34,MEL_Edge_34.31,63.280530000000006
8.928571428571429,"channelID: 249",Edge_34,MEL_Edge_34.31,63.326910000000005
9.00900900900901,"channelID: 249",Edge_34,MEL_Edge_34.31,63.35268000000001
9.090909090909092,"channelID: 249",Edge_34,MEL_Edge_34.31,63.39813000000001
8.928571428571429,"channelID: 249",Edge_34,MEL_Edge_34.31,63.438
9.00900900900901,"channelID: 249",Edge_34,MEL_Edge_34.31,63.490050000000004
8.849557522123893,"channelID: 249",Edge_34,MEL_Edge_34.31,63.5
4.0,"channelID: 250",Edge_34,MEL_Edge_34.31,46.376
3.8461538461538463,"channelID: 250",Edge_34,MEL_Edge_34.31,46.448
3.7037037037037037,"channelID: 250",Edge_34,MEL_Edge_34.31,46.48999999999999
3.5714285714285716,"channelID: 250",Edge_34,MEL_Edge_34.31,46.72599999999999
3.7037037037037037,"channelID: 250",Edge_34,MEL_Edge_34.31,52.61497000000001
3.8461538461538463,"channelID: 250",Edge_34,MEL_Edge_34.31,56.74574999999998
4.0,"channelID: 250",Edge_34,MEL_Edge_34.31,57.88979999999998
4.166666666666667,"channelID: 250",Edge_34,MEL_Edge_34.31,59.602599999999995
4.3478260869565215,"channelID: 250",Edge_34,MEL_Edge_34.31,59.81384
4.545454545454546,"channelID: 250",Edge_34,MEL_Edge_34.31,60.9332
4.761904761904762,"channelID: 250",Edge_34,MEL_Edge_34.31,61.04638
5.0,"channelID: 250",Edge_34,MEL_Edge_34.31,62.138380000000005
5.2631578947368425,"channelID: 250",Edge_34,MEL_Edge_34.31,62.358760000000004
5.555555555555555,"channelID: 250",Edge_34,MEL_Edge_34.31,62.69653999999999
5.882352941176471,"channelID: 250",Edge_34,MEL_Edge_34.31,62.72533999999999
6.25,"channelID: 250",Edge_34,MEL_Edge_34.31,62.92315999999999
6.666666666666667,"channelID: 250",Edge_34,MEL_Edge_34.31,63.07781999999999
7.142857142857143,"channelID: 250",Edge_34,MEL_Edge_34.31,63.17012
7.6923076923076925,"channelID: 250",Edge_34,MEL_Edge_34.31,63.19012
8.333333333333334,"channelID: 250",Edge_34,MEL_Edge_34.31,63.21437
8.695652173913043,"channelID: 250",Edge_34,MEL_Edge_34.31,63.256370000000004
8.771929824561404,"channelID: 250",Edge_34,MEL_Edge_34.31,63.278000000000006
8.849557522123893,"channelID: 250",Edge_34,MEL_Edge_34.31,63.280530000000006
8.928571428571429,"channelID: 250",Edge_34,MEL_Edge_34.31,63.326910000000005
9.00900900900901,"channelID: 250",Edge_34,MEL_Edge_34.31,63.35268000000001
9.090909090909092,"channelID: 250",Edge_34,MEL_Edge_34.31,63.39813000000001
8.928571428571429,"channelID: 250",Edge_34,MEL_Edge_34.31,63.438
9.00900900900901,"channelID: 250",Edge_34,MEL_Edge_34.31,63.490050000000004
8.849557522123893,"channelID: 250",Edge_34,MEL_Edge_34.31,63.5
8.928571428571429,"channelID: 250",Edge_34,MEL_Edge_34.31,63.56356
3.8461538461538463,"channelID: 251",Edge_34,MEL_Edge_34.31,46.448
3.7037037037037037,"channelID: 251",Edge_34,MEL_Edge_34.31,46.48999999999999
3.5714285714285716,"channelID: 251",Edge_34,MEL_Edge_34.31,46.72599999999999
3.7037037037037037,"channelID: 251",Edge_34,MEL_Edge_34.31,52.61497000000001
3.8461538461538463,"channelID: 251",Edge_34,MEL_Edge_34.31,56.74574999999998
4.0,"channelID: 251",Edge_34,MEL_Edge_34.31,57.88979999999998
4.166666666666667,"channelID: 251",Edge_34,MEL_Edge_34.31,59.602599999999995
4.3478260869565215,"channelID: 251",Edge_34,MEL_Edge_34.31,59.81384
4.545454545454546,"channelID: 251",Edge_34,MEL_Edge_34.31,60.9332
4.761904761904762,"channelID: 251",Edge_34,MEL_Edge_34.31,61.04638
5.0,"channelID: 251",Edge_34,MEL_Edge_34.31,62.138380000000005
5.2631578947368425,"channelID: 251",Edge_34,MEL_Edge_34.31,62.358760000000004
5.555555555555555,"channelID: 251",Edge_34,MEL_Edge_34.31,62.69653999999999
5.882352941176471,"channelID: 251",Edge_34,MEL_Edge_34.31,62.72533999999999
6.25,"channelID: 251",Edge_34,MEL_Edge_34.31,62.92315999999999
6.666666666666667,"channelID: 251",Edge_34,MEL_Edge_34.31,63.07781999999999
7.142857142857143,"channelID: 251",Edge_34,MEL_Edge_34.31,63.17012
7.6923076923076925,"channelID: 251",Edge_34,MEL_Edge_34.31,63.19012
8.333333333333334,"channelID: 251",Edge_34,MEL_Edge_34.31,63.21437
8.695652173913043,"channelID: 251",Edge_34,MEL_Edge_34.31,63.256370000000004
8.771929824561404,"channelID: 251",Edge_34,MEL_Edge_34.31,63.278000000000006
8.849557522123893,"channelID: 251",Edge_34,MEL_Edge_34.31,63.280530000000006
8.928571428571429,"channelID: 251",Edge_34,MEL_Edge_34.31,63.326910000000005
9.00900900900901,"channelID: 251",Edge_34,MEL_Edge_34.31,63.35268000000001
9.090909090909092,"channelID: 251",Edge_34,MEL_Edge_34.31,63.39813000000001
8.928571428571429,"channelID: 251",Edge_34,MEL_Edge_34.31,63.438
9.00900900900901,"channelID: 251",Edge_34,MEL_Edge_34.31,63.490050000000004
8.849557522123893,"channelID: 251",Edge_34,MEL_Edge_34.31,63.5
8.928571428571429,"channelID: 251",Edge_34,MEL_Edge_34.31,63.56356
9.00900900900901,"channelID: 251",Edge_34,MEL_Edge_34.31,63.611160000000005
3.7037037037037037,"channelID: 252",Edge_34,MEL_Edge_34.31,46.48999999999999
3.5714285714285716,"channelID: 252",Edge_34,MEL_Edge_34.31,46.72599999999999
3.7037037037037037,"channelID: 252",Edge_34,MEL_Edge_34.31,52.61497000000001
3.8461538461538463,"channelID: 252",Edge_34,MEL_Edge_34.31,56.74574999999998
4.0,"channelID: 252",Edge_34,MEL_Edge_34.31,57.88979999999998
4.166666666666667,"channelID: 252",Edge_34,MEL_Edge_34.31,59.602599999999995
4.3478260869565215,"channelID: 252",Edge_34,MEL_Edge_34.31,59.81384
4.545454545454546,"channelID: 252",Edge_34,MEL_Edge_34.31,60.9332
4.761904761904762,"channelID: 252",Edge_34,MEL_Edge_34.31,61.04638
5.0,"channelID: 252",Edge_34,MEL_Edge_34.31,62.138380000000005
5.2631578947368425,"channelID: 252",Edge_34,MEL_Edge_34.31,62.358760000000004
5.555555555555555,"channelID: 252",Edge_34,MEL_Edge_34.31,62.69653999999999
5.882352941176471,"channelID: 252",Edge_34,MEL_Edge_34.31,62.72533999999999
6.25,"channelID: 252",Edge_34,MEL_Edge_34.31,62.92315999999999
6.666666666666667,"channelID: 252",Edge_34,MEL_Edge_34.31,63.07781999999999
7.142857142857143,"channelID: 252",Edge_34,MEL_Edge_34.31,63.17012
7.6923076923076925,"channelID: 252",Edge_34,MEL_Edge_34.31,63.19012
8.333333333333334,"channelID: 252",Edge_34,MEL_Edge_34.31,63.21437
8.695652173913043,"channelID: 252",Edge_34,MEL_Edge_34.31,63.256370000000004
8.771929824561404,"channelID: 252",Edge_34,MEL_Edge_34.31,63.278000000000006
8.849557522123893,"channelID: 252",Edge_34,MEL_Edge_34.31,63.280530000000006
8.928571428571429,"channelID: 252",Edge_34,MEL_Edge_34.31,63.326910000000005
9.00900900900901,"channelID: 252",Edge_34,MEL_Edge_34.31,63.35268000000001
9.090909090909092,"channelID: 252",Edge_34,MEL_Edge_34.31,63.39813000000001
8.928571428571429,"channelID: 252",Edge_34,MEL_Edge_34.31,63.438
9.00900900900901,"channelID: 252",Edge_34,MEL_Edge_34.31,63.490050000000004
8.849557522123893,"channelID: 252",Edge_34,MEL_Edge_34.31,63.5
8.928571428571429,"channelID: 252",Edge_34,MEL_Edge_34.31,63.56356
9.00900900900901,"channelID: 252",Edge_34,MEL_Edge_34.31,63.611160000000005
9.090909090909092,"channelID: 252",Edge_34,MEL_Edge_34.31,63.64312
3.5714285714285716,"channelID: 253",Edge_34,MEL_Edge_34.31,46.72599999999999
3.7037037037037037,"channelID: 253",Edge_34,MEL_Edge_34.31,52.61497000000001
3.8461538461538463,"channelID: 253",Edge_34,MEL_Edge_34.31,56.74574999999998
4.0,"channelID: 253",Edge_34,MEL_Edge_34.31,57.88979999999998
4.166666666666667,"channelID: 253",Edge_34,MEL_Edge_34.31,59.602599999999995
4.3478260869565215,"channelID: 253",Edge_34,MEL_Edge_34.31,59.81384
4.545454545454546,"channelID: 253",Edge_34,MEL_Edge_34.31,60.9332
4.761904761904762,"channelID: 253",Edge_34,MEL_Edge_34.31,61.04638
5.0,"channelID: 253",Edge_34,MEL_Edge_34.31,62.138380000000005
5.2631578947368425,"channelID: 253",Edge_34,MEL_Edge_34.31,62.358760000000004
5.555555555555555,"channelID: 253",Edge_34,MEL_Edge_34.31,62.69653999999999
5.882352941176471,"channelID: 253",Edge_34,MEL_Edge_34.31,62.72533999999999
6.25,"channelID: 253",Edge_34,MEL_Edge_34.31,62.92315999999999
6.666666666666667,"channelID: 253",Edge_34,MEL_Edge_34.31,63.07781999999999
7.142857142857143,"channelID: 253",Edge_34,MEL_Edge_34.31,63.17012
7.6923076923076925,"channelID: 253",Edge_34,MEL_Edge_34.31,63.19012
8.333333333333334,"channelID: 253",Edge_34,MEL_Edge_34.31,63.21437
8.695652173913043,"channelID: 253",Edge_34,MEL_Edge_34.31,63.256370000000004
8.771929824561404,"channelID: 253",Edge_34,MEL_Edge_34.31,63.278000000000006
8.849557522123893,"channelID: 253",Edge_34,MEL_Edge_34.31,63.280530000000006
8.928571428571429,"channelID: 253",Edge_34,MEL_Edge_34.31,63.326910000000005
9.00900900900901,"channelID: 253",Edge_34,MEL_Edge_34.31,63.35268000000001
9.090909090909092,"channelID: 253",Edge_34,MEL_Edge_34.31,63.39813000000001
8.928571428571429,"channelID: 253",Edge_34,MEL_Edge_34.31,63.438
9.00900900900901,"channelID: 253",Edge_34,MEL_Edge_34.31,63.490050000000004
8.849557522123893,"channelID: 253",Edge_34,MEL_Edge_34.31,63.5
8.928571428571429,"channelID: 253",Edge_34,MEL_Edge_34.31,63.56356
9.00900900900901,"channelID: 253",Edge_34,MEL_Edge_34.31,63.611160000000005
9.090909090909092,"channelID: 253",Edge_34,MEL_Edge_34.31,63.64312
9.174311926605505,"channelID: 253",Edge_34,MEL_Edge_34.31,63.66089
20.0,"channelID: 260",Edge_204c,MEL_Edge_204c.11,50.88
25.0,"channelID: 260",Edge_204c,MEL_Edge_204c.11,51.264250000000004
20.0,"channelID: 260",Edge_204c,MEL_Edge_204c.11,51.335999999999984
16.666666666666668,"channelID: 260",Edge_204c,MEL_Edge_204c.11,51.67599999999999
14.285714285714286,"channelID: 260",Edge_204c,MEL_Edge_204c.11,52.016000000000005
12.5,"channelID: 260",Edge_204c,MEL_Edge_204c.11,52.232
11.11111111111111,"channelID: 260",Edge_204c,MEL_Edge_204c.11,52.352000000000004
10.0,"channelID: 260",Edge_204c,MEL_Edge_204c.11,52.764
9.090909090909092,"channelID: 260",Edge_204c,MEL_Edge_204c.11,53.071999999999996
8.333333333333334,"channelID: 260",Edge_204c,MEL_Edge_204c.11,53.412000000000006
9.090909090909092,"channelID: 260",Edge_204c,MEL_Edge_204c.11,53.43732000000001
8.333333333333334,"channelID: 260",Edge_204c,MEL_Edge_204c.11,53.495999999999995
7.6923076923076925,"channelID: 260",Edge_204c,MEL_Edge_204c.11,53.611999999999995
7.142857142857143,"channelID: 260",Edge_204c,MEL_Edge_204c.11,53.83599999999999
6.666666666666667,"channelID: 260",Edge_204c,MEL_Edge_204c.11,53.95599999999998
6.25,"channelID: 260",Edge_204c,MEL_Edge_204c.11,54.184
5.882352941176471,"channelID: 260",Edge_204c,MEL_Edge_204c.11,54.472
5.555555555555555,"channelID: 260",Edge_204c,MEL_Edge_204c.11,54.523999999999994
5.2631578947368425,"channelID: 260",Edge_204c,MEL_Edge_204c.11,54.52799999999999
5.0,"channelID: 260",Edge_204c,MEL_Edge_204c.11,54.699999999999996
4.761904761904762,"channelID: 260",Edge_204c,MEL_Edge_204c.11,54.75999999999999
4.545454545454546,"channelID: 260",Edge_204c,MEL_Edge_204c.11,54.80799999999999
4.3478260869565215,"channelID: 260",Edge_204c,MEL_Edge_204c.11,54.89199999999999
4.166666666666667,"channelID: 260",Edge_204c,MEL_Edge_204c.11,54.97199999999999
4.0,"channelID: 260",Edge_204c,MEL_Edge_204c.11,55.04399999999999
3.8461538461538463,"channelID: 260",Edge_204c,MEL_Edge_204c.11,55.05199999999998
3.7037037037037037,"channelID: 260",Edge_204c,MEL_Edge_204c.11,55.151999999999994
3.5714285714285716,"channelID: 260",Edge_204c,MEL_Edge_204c.11,55.23599999999999
3.7037037037037037,"channelID: 260",Edge_204c,MEL_Edge_204c.11,55.27094999999999
3.5714285714285716,"channelID: 260",Edge_204c,MEL_Edge_204c.11,55.28799999999999
3.4482758620689653,"channelID: 260",Edge_204c,MEL_Edge_204c.11,55.31199999999998
3.3333333333333335,"channelID: 260",Edge_204c,MEL_Edge_204c.11,55.395999999999994
3.225806451612903,"channelID: 260",Edge_204c,MEL_Edge_204c.11,55.40399999999999
3.125,"channelID: 260",Edge_204c,MEL_Edge_204c.11,55.41999999999998
3.0303030303030303,"channelID: 260",Edge_204c,MEL_Edge_204c.11,55.49199999999998
2.9411764705882355,"channelID: 260",Edge_204c,MEL_Edge_204c.11,55.50399999999999
2.857142857142857,"channelID: 260",Edge_204c,MEL_Edge_204c.11,55.53599999999999
2.7777777777777777,"channelID: 260",Edge_204c,MEL_Edge_204c.11,55.56399999999998
2.7027027027027026,"channelID: 260",Edge_204c,MEL_Edge_204c.11,55.57199999999998
2.6315789473684212,"channelID: 260",Edge_204c,MEL_Edge_204c.11,55.61599999999998
2.5641025641025643,"channelID: 260",Edge_204c,MEL_Edge_204c.11,55.61999999999998
2.5,"channelID: 260",Edge_204c,MEL_Edge_204c.11,55.63199999999998
2.380952380952381,"channelID: 260",Edge_204c,MEL_Edge_204c.11,55.65599999999997
2.272727272727273,"channelID: 260",Edge_204c,MEL_Edge_204c.11,55.67999999999998
2.1739130434782608,"channelID: 260",Edge_204c,MEL_Edge_204c.11,55.69199999999997
2.127659574468085,"channelID: 260",Edge_204c,MEL_Edge_204c.11,55.71599999999997
2.0833333333333335,"channelID: 260",Edge_204c,MEL_Edge_204c.11,55.78799999999998
2.0408163265306123,"channelID: 260",Edge_204c,MEL_Edge_204c.11,55.843999999999966
2.0,"channelID: 260",Edge_204c,MEL_Edge_204c.11,55.871999999999986
1.9607843137254901,"channelID: 260",Edge_204c,MEL_Edge_204c.11,55.89599999999999
1.9230769230769231,"channelID: 260",Edge_204c,MEL_Edge_204c.11,55.90799999999998
1.9607843137254901,"channelID: 260",Edge_204c,MEL_Edge_204c.11,56.36037999999998
21.27659574468085,"channelID: 277",Edge_9,MEL_Edge_9.3,54.34
20.833333333333332,"channelID: 277",Edge_9,MEL_Edge_9.3,54.472
20.408163265306122,"channelID: 277",Edge_9,MEL_Edge_9.3,54.523999999999994
20.0,"channelID: 277",Edge_9,MEL_Edge_9.3,54.52799999999999
19.607843137254903,"channelID: 277",Edge_9,MEL_Edge_9.3,54.699999999999996
19.23076923076923,"channelID: 277",Edge_9,MEL_Edge_9.3,54.75999999999999
18.867924528301888,"channelID: 277",Edge_9,MEL_Edge_9.3,54.80799999999999
18.51851851851852,"channelID: 277",Edge_9,MEL_Edge_9.3,54.89199999999999
18.181818181818183,"channelID: 277",Edge_9,MEL_Edge_9.3,54.97199999999999
17.857142857142858,"channelID: 277",Edge_9,MEL_Edge_9.3,55.04399999999999
12.5,"channelID: 277",Edge_9,MEL_Edge_9.3,55.044000000000004
8.333333333333334,"channelID: 277",Edge_9,MEL_Edge_9.3,55.623999999999995
6.666666666666667,"channelID: 277",Edge_9,MEL_Edge_9.3,58.156
5.555555555555555,"channelID: 277",Edge_9,MEL_Edge_9.3,59.196
4.545454545454546,"channelID: 277",Edge_9,MEL_Edge_9.3,59.756
4.0,"channelID: 277",Edge_9,MEL_Edge_9.3,60.072
3.7037037037037037,"channelID: 277",Edge_9,MEL_Edge_9.3,61.211999999999996
3.3333333333333335,"channelID: 277",Edge_9,MEL_Edge_9.3,61.27199999999999
3.0303030303030303,"channelID: 277",Edge_9,MEL_Edge_9.3,61.508
2.7777777777777777,"channelID: 277",Edge_9,MEL_Edge_9.3,62.072
2.7027027027027026,"channelID: 277",Edge_9,MEL_Edge_9.3,62.428
2.5641025641025643,"channelID: 277",Edge_9,MEL_Edge_9.3,62.544
2.4390243902439024,"channelID: 277",Edge_9,MEL_Edge_9.3,62.587999999999994
2.3255813953488373,"channelID: 277",Edge_9,MEL_Edge_9.3,62.60399999999999
2.272727272727273,"channelID: 277",Edge_9,MEL_Edge_9.3,62.82399999999999
2.127659574468085,"channelID: 277",Edge_9,MEL_Edge_9.3,62.931999999999995
2.0833333333333335,"channelID: 277",Edge_9,MEL_Edge_9.3,62.98399999999999
2.0408163265306123,"channelID: 277",Edge_9,MEL_Edge_9.3,63.03199999999999
1.9607843137254901,"channelID: 277",Edge_9,MEL_Edge_9.3,63.07199999999999
1.9230769230769231,"channelID: 277",Edge_9,MEL_Edge_9.3,63.087999999999994
1.8867924528301887,"channelID: 277",Edge_9,MEL_Edge_9.3,63.098
1.8181818181818181,"channelID: 277",Edge_9,MEL_Edge_9.3,63.438
1.7543859649122806,"channelID: 277",Edge_9,MEL_Edge_9.3,63.5
1.7241379310344827,"channelID: 277",Edge_9,MEL_Edge_9.3,63.86
1.694915254237288,"channelID: 277",Edge_9,MEL_Edge_9.3,63.988
1.6129032258064515,"channelID: 277",Edge_9,MEL_Edge_9.3,64.048
1.5384615384615385,"channelID: 277",Edge_9,MEL_Edge_9.3,64.22
1.5151515151515151,"channelID: 277",Edge_9,MEL_Edge_9.3,64.30799999999999
1.4492753623188406,"channelID: 277",Edge_9,MEL_Edge_9.3,64.402
1.4285714285714286,"channelID: 277",Edge_9,MEL_Edge_9.3,64.48400000000001
1.408450704225352,"channelID: 277",Edge_9,MEL_Edge_9.3,64.53
1.36986301369863,"channelID: 277",Edge_9,MEL_Edge_9.3,64.58800000000001
1.3157894736842106,"channelID: 277",Edge_9,MEL_Edge_9.3,64.604
1.2987012987012987,"channelID: 277",Edge_9,MEL_Edge_9.3,64.61800000000001
1.2820512820512822,"channelID: 277",Edge_9,MEL_Edge_9.3,64.64200000000001
1.25,"channelID: 277",Edge_9,MEL_Edge_9.3,64.66000000000001
1.2345679012345678,"channelID: 277",Edge_9,MEL_Edge_9.3,64.69200000000001
1.2195121951219512,"channelID: 277",Edge_9,MEL_Edge_9.3,64.74800000000002
1.1904761904761905,"channelID: 277",Edge_9,MEL_Edge_9.3,64.802
1.1764705882352942,"channelID: 277",Edge_9,MEL_Edge_9.3,64.836
1.1627906976744187,"channelID: 277",Edge_9,MEL_Edge_9.3,64.86000000000003
1.1363636363636365,"channelID: 277",Edge_9,MEL_Edge_9.3,64.878
21.27659574468085,"channelID: 276",Edge_9,MEL_Edge_9.3,54.34
20.833333333333332,"channelID: 276",Edge_9,MEL_Edge_9.3,54.472
20.408163265306122,"channelID: 276",Edge_9,MEL_Edge_9.3,54.523999999999994
20.0,"channelID: 276",Edge_9,MEL_Edge_9.3,54.52799999999999
19.607843137254903,"channelID: 276",Edge_9,MEL_Edge_9.3,54.699999999999996
19.23076923076923,"channelID: 276",Edge_9,MEL_Edge_9.3,54.75999999999999
18.867924528301888,"channelID: 276",Edge_9,MEL_Edge_9.3,54.80799999999999
18.51851851851852,"channelID: 276",Edge_9,MEL_Edge_9.3,54.89199999999999
18.181818181818183,"channelID: 276",Edge_9,MEL_Edge_9.3,54.97199999999999
17.857142857142858,"channelID: 276",Edge_9,MEL_Edge_9.3,55.04399999999999
12.5,"channelID: 276",Edge_9,MEL_Edge_9.3,55.044000000000004
8.333333333333334,"channelID: 276",Edge_9,MEL_Edge_9.3,55.623999999999995
6.666666666666667,"channelID: 276",Edge_9,MEL_Edge_9.3,58.156
5.555555555555555,"channelID: 276",Edge_9,MEL_Edge_9.3,59.196
4.545454545454546,"channelID: 276",Edge_9,MEL_Edge_9.3,59.756
4.0,"channelID: 276",Edge_9,MEL_Edge_9.3,60.072
3.7037037037037037,"channelID: 276",Edge_9,MEL_Edge_9.3,61.211999999999996
3.3333333333333335,"channelID: 276",Edge_9,MEL_Edge_9.3,61.27199999999999
3.0303030303030303,"channelID: 276",Edge_9,MEL_Edge_9.3,61.508
2.7777777777777777,"channelID: 276",Edge_9,MEL_Edge_9.3,62.072
2.7027027027027026,"channelID: 276",Edge_9,MEL_Edge_9.3,62.428
2.5641025641025643,"channelID: 276",Edge_9,MEL_Edge_9.3,62.544
2.4390243902439024,"channelID: 276",Edge_9,MEL_Edge_9.3,62.587999999999994
2.3255813953488373,"channelID: 276",Edge_9,MEL_Edge_9.3,62.60399999999999
2.272727272727273,"channelID: 276",Edge_9,MEL_Edge_9.3,62.82399999999999
2.127659574468085,"channelID: 276",Edge_9,MEL_Edge_9.3,62.931999999999995
2.0833333333333335,"channelID: 276",Edge_9,MEL_Edge_9.3,62.98399999999999
2.0408163265306123,"channelID: 276",Edge_9,MEL_Edge_9.3,63.03199999999999
1.9607843137254901,"channelID: 276",Edge_9,MEL_Edge_9.3,63.07199999999999
1.9230769230769231,"channelID: 276",Edge_9,MEL_Edge_9.3,63.087999999999994
1.8867924528301887,"channelID: 276",Edge_9,MEL_Edge_9.3,63.098
1.8181818181818181,"channelID: 276",Edge_9,MEL_Edge_9.3,63.438
1.7543859649122806,"channelID: 276",Edge_9,MEL_Edge_9.3,63.5
1.7241379310344827,"channelID: 276",Edge_9,MEL_Edge_9.3,63.86
1.694915254237288,"channelID: 276",Edge_9,MEL_Edge_9.3,63.988
1.6129032258064515,"channelID: 276",Edge_9,MEL_Edge_9.3,64.048
1.5384615384615385,"channelID: 276",Edge_9,MEL_Edge_9.3,64.22
1.5151515151515151,"channelID: 276",Edge_9,MEL_Edge_9.3,64.30799999999999
1.4492753623188406,"channelID: 276",Edge_9,MEL_Edge_9.3,64.402
1.4285714285714286,"channelID: 276",Edge_9,MEL_Edge_9.3,64.48400000000001
1.408450704225352,"channelID: 276",Edge_9,MEL_Edge_9.3,64.53
1.36986301369863,"channelID: 276",Edge_9,MEL_Edge_9.3,64.58800000000001
1.3157894736842106,"channelID: 276",Edge_9,MEL_Edge_9.3,64.604
1.2987012987012987,"channelID: 276",Edge_9,MEL_Edge_9.3,64.61800000000001
1.2820512820512822,"channelID: 276",Edge_9,MEL_Edge_9.3,64.64200000000001
1.25,"channelID: 276",Edge_9,MEL_Edge_9.3,64.66000000000001
1.2345679012345678,"channelID: 276",Edge_9,MEL_Edge_9.3,64.69200000000001
1.2195121951219512,"channelID: 276",Edge_9,MEL_Edge_9.3,64.74800000000002
1.1904761904761905,"channelID: 276",Edge_9,MEL_Edge_9.3,64.802
1.1764705882352942,"channelID: 276",Edge_9,MEL_Edge_9.3,64.836
1.1627906976744187,"channelID: 276",Edge_9,MEL_Edge_9.3,64.86000000000003
1.1363636363636365,"channelID: 276",Edge_9,MEL_Edge_9.3,64.878
1.1494252873563218,"channelID: 276",Edge_9,MEL_Edge_9.3,68.00725999999999
21.27659574468085,"channelID: 275",Edge_9,MEL_Edge_9.3,54.34
20.833333333333332,"channelID: 275",Edge_9,MEL_Edge_9.3,54.472
20.408163265306122,"channelID: 275",Edge_9,MEL_Edge_9.3,54.523999999999994
20.0,"channelID: 275",Edge_9,MEL_Edge_9.3,54.52799999999999
19.607843137254903,"channelID: 275",Edge_9,MEL_Edge_9.3,54.699999999999996
19.23076923076923,"channelID: 275",Edge_9,MEL_Edge_9.3,54.75999999999999
18.867924528301888,"channelID: 275",Edge_9,MEL_Edge_9.3,54.80799999999999
18.51851851851852,"channelID: 275",Edge_9,MEL_Edge_9.3,54.89199999999999
18.181818181818183,"channelID: 275",Edge_9,MEL_Edge_9.3,54.97199999999999
17.857142857142858,"channelID: 275",Edge_9,MEL_Edge_9.3,55.04399999999999
12.5,"channelID: 275",Edge_9,MEL_Edge_9.3,55.044000000000004
8.333333333333334,"channelID: 275",Edge_9,MEL_Edge_9.3,55.623999999999995
6.666666666666667,"channelID: 275",Edge_9,MEL_Edge_9.3,58.156
5.555555555555555,"channelID: 275",Edge_9,MEL_Edge_9.3,59.196
4.545454545454546,"channelID: 275",Edge_9,MEL_Edge_9.3,59.756
4.0,"channelID: 275",Edge_9,MEL_Edge_9.3,60.072
3.7037037037037037,"channelID: 275",Edge_9,MEL_Edge_9.3,61.211999999999996
3.3333333333333335,"channelID: 275",Edge_9,MEL_Edge_9.3,61.27199999999999
3.0303030303030303,"channelID: 275",Edge_9,MEL_Edge_9.3,61.508
2.7777777777777777,"channelID: 275",Edge_9,MEL_Edge_9.3,62.072
2.7027027027027026,"channelID: 275",Edge_9,MEL_Edge_9.3,62.428
2.5641025641025643,"channelID: 275",Edge_9,MEL_Edge_9.3,62.544
2.4390243902439024,"channelID: 275",Edge_9,MEL_Edge_9.3,62.587999999999994
2.3255813953488373,"channelID: 275",Edge_9,MEL_Edge_9.3,62.60399999999999
2.272727272727273,"channelID: 275",Edge_9,MEL_Edge_9.3,62.82399999999999
2.127659574468085,"channelID: 275",Edge_9,MEL_Edge_9.3,62.931999999999995
2.0833333333333335,"channelID: 275",Edge_9,MEL_Edge_9.3,62.98399999999999
2.0408163265306123,"channelID: 275",Edge_9,MEL_Edge_9.3,63.03199999999999
1.9607843137254901,"channelID: 275",Edge_9,MEL_Edge_9.3,63.07199999999999
1.9230769230769231,"channelID: 275",Edge_9,MEL_Edge_9.3,63.087999999999994
1.8867924528301887,"channelID: 275",Edge_9,MEL_Edge_9.3,63.098
1.8181818181818181,"channelID: 275",Edge_9,MEL_Edge_9.3,63.438
1.7543859649122806,"channelID: 275",Edge_9,MEL_Edge_9.3,63.5
1.7241379310344827,"channelID: 275",Edge_9,MEL_Edge_9.3,63.86
1.694915254237288,"channelID: 275",Edge_9,MEL_Edge_9.3,63.988
1.6129032258064515,"channelID: 275",Edge_9,MEL_Edge_9.3,64.048
1.5384615384615385,"channelID: 275",Edge_9,MEL_Edge_9.3,64.22
1.5151515151515151,"channelID: 275",Edge_9,MEL_Edge_9.3,64.30799999999999
1.4492753623188406,"channelID: 275",Edge_9,MEL_Edge_9.3,64.402
1.4285714285714286,"channelID: 275",Edge_9,MEL_Edge_9.3,64.48400000000001
1.408450704225352,"channelID: 275",Edge_9,MEL_Edge_9.3,64.53
1.36986301369863,"channelID: 275",Edge_9,MEL_Edge_9.3,64.58800000000001
1.3157894736842106,"channelID: 275",Edge_9,MEL_Edge_9.3,64.604
1.2987012987012987,"channelID: 275",Edge_9,MEL_Edge_9.3,64.61800000000001
1.2820512820512822,"channelID: 275",Edge_9,MEL_Edge_9.3,64.64200000000001
1.25,"channelID: 275",Edge_9,MEL_Edge_9.3,64.66000000000001
1.2345679012345678,"channelID: 275",Edge_9,MEL_Edge_9.3,64.69200000000001
1.2195121951219512,"channelID: 275",Edge_9,MEL_Edge_9.3,64.74800000000002
1.1904761904761905,"channelID: 275",Edge_9,MEL_Edge_9.3,64.802
1.1764705882352942,"channelID: 275",Edge_9,MEL_Edge_9.3,64.836
1.1627906976744187,"channelID: 275",Edge_9,MEL_Edge_9.3,64.86000000000003
1.1363636363636365,"channelID: 275",Edge_9,MEL_Edge_9.3,64.878
1.1627906976744187,"channelID: 275",Edge_9,MEL_Edge_9.3,68.00725999999999
21.27659574468085,"channelID: 274",Edge_9,MEL_Edge_9.3,54.34
20.833333333333332,"channelID: 274",Edge_9,MEL_Edge_9.3,54.472
20.408163265306122,"channelID: 274",Edge_9,MEL_Edge_9.3,54.523999999999994
20.0,"channelID: 274",Edge_9,MEL_Edge_9.3,54.52799999999999
19.607843137254903,"channelID: 274",Edge_9,MEL_Edge_9.3,54.699999999999996
19.23076923076923,"channelID: 274",Edge_9,MEL_Edge_9.3,54.75999999999999
18.867924528301888,"channelID: 274",Edge_9,MEL_Edge_9.3,54.80799999999999
18.51851851851852,"channelID: 274",Edge_9,MEL_Edge_9.3,54.89199999999999
18.181818181818183,"channelID: 274",Edge_9,MEL_Edge_9.3,54.97199999999999
17.857142857142858,"channelID: 274",Edge_9,MEL_Edge_9.3,55.04399999999999
12.5,"channelID: 274",Edge_9,MEL_Edge_9.3,55.044000000000004
8.333333333333334,"channelID: 274",Edge_9,MEL_Edge_9.3,55.623999999999995
6.666666666666667,"channelID: 274",Edge_9,MEL_Edge_9.3,58.156
5.555555555555555,"channelID: 274",Edge_9,MEL_Edge_9.3,59.196
4.545454545454546,"channelID: 274",Edge_9,MEL_Edge_9.3,59.756
4.0,"channelID: 274",Edge_9,MEL_Edge_9.3,60.072
3.7037037037037037,"channelID: 274",Edge_9,MEL_Edge_9.3,61.211999999999996
3.3333333333333335,"channelID: 274",Edge_9,MEL_Edge_9.3,61.27199999999999
3.0303030303030303,"channelID: 274",Edge_9,MEL_Edge_9.3,61.508
2.7777777777777777,"channelID: 274",Edge_9,MEL_Edge_9.3,62.072
2.7027027027027026,"channelID: 274",Edge_9,MEL_Edge_9.3,62.428
2.5641025641025643,"channelID: 274",Edge_9,MEL_Edge_9.3,62.544
2.4390243902439024,"channelID: 274",Edge_9,MEL_Edge_9.3,62.587999999999994
2.3255813953488373,"channelID: 274",Edge_9,MEL_Edge_9.3,62.60399999999999
2.272727272727273,"channelID: 274",Edge_9,MEL_Edge_9.3,62.82399999999999
2.127659574468085,"channelID: 274",Edge_9,MEL_Edge_9.3,62.931999999999995
2.0833333333333335,"channelID: 274",Edge_9,MEL_Edge_9.3,62.98399999999999
2.0408163265306123,"channelID: 274",Edge_9,MEL_Edge_9.3,63.03199999999999
1.9607843137254901,"channelID: 274",Edge_9,MEL_Edge_9.3,63.07199999999999
1.9230769230769231,"channelID: 274",Edge_9,MEL_Edge_9.3,63.087999999999994
1.8867924528301887,"channelID: 274",Edge_9,MEL_Edge_9.3,63.098
1.8181818181818181,"channelID: 274",Edge_9,MEL_Edge_9.3,63.438
1.7543859649122806,"channelID: 274",Edge_9,MEL_Edge_9.3,63.5
1.7241379310344827,"channelID: 274",Edge_9,MEL_Edge_9.3,63.86
1.694915254237288,"channelID: 274",Edge_9,MEL_Edge_9.3,63.988
1.6129032258064515,"channelID: 274",Edge_9,MEL_Edge_9.3,64.048
1.5384615384615385,"channelID: 274",Edge_9,MEL_Edge_9.3,64.22
1.5151515151515151,"channelID: 274",Edge_9,MEL_Edge_9.3,64.30799999999999
1.4492753623188406,"channelID: 274",Edge_9,MEL_Edge_9.3,64.402
1.4285714285714286,"channelID: 274",Edge_9,MEL_Edge_9.3,64.48400000000001
1.408450704225352,"channelID: 274",Edge_9,MEL_Edge_9.3,64.53
1.36986301369863,"channelID: 274",Edge_9,MEL_Edge_9.3,64.58800000000001
1.3157894736842106,"channelID: 274",Edge_9,MEL_Edge_9.3,64.604
1.2987012987012987,"channelID: 274",Edge_9,MEL_Edge_9.3,64.61800000000001
1.2820512820512822,"channelID: 274",Edge_9,MEL_Edge_9.3,64.64200000000001
1.25,"channelID: 274",Edge_9,MEL_Edge_9.3,64.66000000000001
1.2345679012345678,"channelID: 274",Edge_9,MEL_Edge_9.3,64.69200000000001
1.2195121951219512,"channelID: 274",Edge_9,MEL_Edge_9.3,64.74800000000002
1.1904761904761905,"channelID: 274",Edge_9,MEL_Edge_9.3,64.802
1.1764705882352942,"channelID: 274",Edge_9,MEL_Edge_9.3,64.836
1.1627906976744187,"channelID: 274",Edge_9,MEL_Edge_9.3,64.86000000000003
1.1363636363636365,"channelID: 274",Edge_9,MEL_Edge_9.3,64.878
1.1764705882352942,"channelID: 274",Edge_9,MEL_Edge_9.3,68.00725999999999
20.0,"channelID: 261",Edge_204c,MEL_Edge_204c.14,51.335999999999984
16.666666666666668,"channelID: 261",Edge_204c,MEL_Edge_204c.14,51.67599999999999
14.285714285714286,"channelID: 261",Edge_204c,MEL_Edge_204c.14,52.016000000000005
12.5,"channelID: 261",Edge_204c,MEL_Edge_204c.14,52.232
11.11111111111111,"channelID: 261",Edge_204c,MEL_Edge_204c.14,52.352000000000004
10.0,"channelID: 261",Edge_204c,MEL_Edge_204c.14,52.764
9.090909090909092,"channelID: 261",Edge_204c,MEL_Edge_204c.14,53.071999999999996
8.333333333333334,"channelID: 261",Edge_204c,MEL_Edge_204c.14,53.412000000000006
9.090909090909092,"channelID: 261",Edge_204c,MEL_Edge_204c.14,53.43732000000001
8.333333333333334,"channelID: 261",Edge_204c,MEL_Edge_204c.14,53.495999999999995
7.6923076923076925,"channelID: 261",Edge_204c,MEL_Edge_204c.14,53.611999999999995
7.142857142857143,"channelID: 261",Edge_204c,MEL_Edge_204c.14,53.83599999999999
6.666666666666667,"channelID: 261",Edge_204c,MEL_Edge_204c.14,53.95599999999998
6.25,"channelID: 261",Edge_204c,MEL_Edge_204c.14,54.184
5.882352941176471,"channelID: 261",Edge_204c,MEL_Edge_204c.14,54.472
5.555555555555555,"channelID: 261",Edge_204c,MEL_Edge_204c.14,54.523999999999994
5.2631578947368425,"channelID: 261",Edge_204c,MEL_Edge_204c.14,54.52799999999999
5.0,"channelID: 261",Edge_204c,MEL_Edge_204c.14,54.699999999999996
4.761904761904762,"channelID: 261",Edge_204c,MEL_Edge_204c.14,54.75999999999999
4.545454545454546,"channelID: 261",Edge_204c,MEL_Edge_204c.14,54.80799999999999
4.3478260869565215,"channelID: 261",Edge_204c,MEL_Edge_204c.14,54.89199999999999
4.166666666666667,"channelID: 261",Edge_204c,MEL_Edge_204c.14,54.97199999999999
4.0,"channelID: 261",Edge_204c,MEL_Edge_204c.14,55.04399999999999
3.8461538461538463,"channelID: 261",Edge_204c,MEL_Edge_204c.14,55.05199999999998
3.7037037037037037,"channelID: 261",Edge_204c,MEL_Edge_204c.14,55.151999999999994
3.5714285714285716,"channelID: 261",Edge_204c,MEL_Edge_204c.14,55.23599999999999
3.7037037037037037,"channelID: 261",Edge_204c,MEL_Edge_204c.14,55.27094999999999
3.5714285714285716,"channelID: 261",Edge_204c,MEL_Edge_204c.14,55.28799999999999
3.4482758620689653,"channelID: 261",Edge_204c,MEL_Edge_204c.14,55.31199999999998
3.3333333333333335,"channelID: 261",Edge_204c,MEL_Edge_204c.14,55.395999999999994
3.225806451612903,"channelID: 261",Edge_204c,MEL_Edge_204c.14,55.40399999999999
3.125,"channelID: 261",Edge_204c,MEL_Edge_204c.14,55.41999999999998
3.0303030303030303,"channelID: 261",Edge_204c,MEL_Edge_204c.14,55.49199999999998
2.9411764705882355,"channelID: 261",Edge_204c,MEL_Edge_204c.14,55.50399999999999
2.857142857142857,"channelID: 261",Edge_204c,MEL_Edge_204c.14,55.53599999999999
2.7777777777777777,"channelID: 261",Edge_204c,MEL_Edge_204c.14,55.56399999999998
2.7027027027027026,"channelID: 261",Edge_204c,MEL_Edge_204c.14,55.57199999999998
2.6315789473684212,"channelID: 261",Edge_204c,MEL_Edge_204c.14,55.61599999999998
2.5641025641025643,"channelID: 261",Edge_204c,MEL_Edge_204c.14,55.61999999999998
2.5,"channelID: 261",Edge_204c,MEL_Edge_204c.14,55.63199999999998
2.380952380952381,"channelID: 261",Edge_204c,MEL_Edge_204c.14,55.65599999999997
2.272727272727273,"channelID: 261",Edge_204c,MEL_Edge_204c.14,55.67999999999998
2.1739130434782608,"channelID: 261",Edge_204c,MEL_Edge_204c.14,55.69199999999997
2.127659574468085,"channelID: 261",Edge_204c,MEL_Edge_204c.14,55.71599999999997
2.0833333333333335,"channelID: 261",Edge_204c,MEL_Edge_204c.14,55.78799999999998
2.0408163265306123,"channelID: 261",Edge_204c,MEL_Edge_204c.14,55.843999999999966
2.0,"channelID: 261",Edge_204c,MEL_Edge_204c.14,55.871999999999986
1.9607843137254901,"channelID: 261",Edge_204c,MEL_Edge_204c.14,55.89599999999999
1.9230769230769231,"channelID: 261",Edge_204c,MEL_Edge_204c.14,55.90799999999998
1.9607843137254901,"channelID: 261",Edge_204c,MEL_Edge_204c.14,56.36037999999998
2.0,"channelID: 261",Edge_204c,MEL_Edge_204c.14,65.97997
16.666666666666668,"channelID: 262",Edge_204c,MEL_Edge_204c.17,51.67599999999999
14.285714285714286,"channelID: 262",Edge_204c,MEL_Edge_204c.17,52.016000000000005
12.5,"channelID: 262",Edge_204c,MEL_Edge_204c.17,52.232
11.11111111111111,"channelID: 262",Edge_204c,MEL_Edge_204c.17,52.352000000000004
10.0,"channelID: 262",Edge_204c,MEL_Edge_204c.17,52.764
9.090909090909092,"channelID: 262",Edge_204c,MEL_Edge_204c.17,53.071999999999996
8.333333333333334,"channelID: 262",Edge_204c,MEL_Edge_204c.17,53.412000000000006
9.090909090909092,"channelID: 262",Edge_204c,MEL_Edge_204c.17,53.43732000000001
8.333333333333334,"channelID: 262",Edge_204c,MEL_Edge_204c.17,53.495999999999995
7.6923076923076925,"channelID: 262",Edge_204c,MEL_Edge_204c.17,53.611999999999995
7.142857142857143,"channelID: 262",Edge_204c,MEL_Edge_204c.17,53.83599999999999
6.666666666666667,"channelID: 262",Edge_204c,MEL_Edge_204c.17,53.95599999999998
6.25,"channelID: 262",Edge_204c,MEL_Edge_204c.17,54.184
5.882352941176471,"channelID: 262",Edge_204c,MEL_Edge_204c.17,54.472
5.555555555555555,"channelID: 262",Edge_204c,MEL_Edge_204c.17,54.523999999999994
5.2631578947368425,"channelID: 262",Edge_204c,MEL_Edge_204c.17,54.52799999999999
5.0,"channelID: 262",Edge_204c,MEL_Edge_204c.17,54.699999999999996
4.761904761904762,"channelID: 262",Edge_204c,MEL_Edge_204c.17,54.75999999999999
4.545454545454546,"channelID: 262",Edge_204c,MEL_Edge_204c.17,54.80799999999999
4.3478260869565215,"channelID: 262",Edge_204c,MEL_Edge_204c.17,54.89199999999999
4.166666666666667,"channelID: 262",Edge_204c,MEL_Edge_204c.17,54.97199999999999
4.0,"channelID: 262",Edge_204c,MEL_Edge_204c.17,55.04399999999999
3.8461538461538463,"channelID: 262",Edge_204c,MEL_Edge_204c.17,55.05199999999998
3.7037037037037037,"channelID: 262",Edge_204c,MEL_Edge_204c.17,55.151999999999994
3.5714285714285716,"channelID: 262",Edge_204c,MEL_Edge_204c.17,55.23599999999999
3.7037037037037037,"channelID: 262",Edge_204c,MEL_Edge_204c.17,55.27094999999999
3.5714285714285716,"channelID: 262",Edge_204c,MEL_Edge_204c.17,55.28799999999999
3.4482758620689653,"channelID: 262",Edge_204c,MEL_Edge_204c.17,55.31199999999998
3.3333333333333335,"channelID: 262",Edge_204c,MEL_Edge_204c.17,55.395999999999994
3.225806451612903,"channelID: 262",Edge_204c,MEL_Edge_204c.17,55.40399999999999
3.125,"channelID: 262",Edge_204c,MEL_Edge_204c.17,55.41999999999998
3.0303030303030303,"channelID: 262",Edge_204c,MEL_Edge_204c.17,55.49199999999998
2.9411764705882355,"channelID: 262",Edge_204c,MEL_Edge_204c.17,55.50399999999999
2.857142857142857,"channelID: 262",Edge_204c,MEL_Edge_204c.17,55.53599999999999
2.7777777777777777,"channelID: 262",Edge_204c,MEL_Edge_204c.17,55.56399999999998
2.7027027027027026,"channelID: 262",Edge_204c,MEL_Edge_204c.17,55.57199999999998
2.6315789473684212,"channelID: 262",Edge_204c,MEL_Edge_204c.17,55.61599999999998
2.5641025641025643,"channelID: 262",Edge_204c,MEL_Edge_204c.17,55.61999999999998
2.5,"channelID: 262",Edge_204c,MEL_Edge_204c.17,55.63199999999998
2.380952380952381,"channelID: 262",Edge_204c,MEL_Edge_204c.17,55.65599999999997
2.272727272727273,"channelID: 262",Edge_204c,MEL_Edge_204c.17,55.67999999999998
2.1739130434782608,"channelID: 262",Edge_204c,MEL_Edge_204c.17,55.69199999999997
2.127659574468085,"channelID: 262",Edge_204c,MEL_Edge_204c.17,55.71599999999997
2.0833333333333335,"channelID: 262",Edge_204c,MEL_Edge_204c.17,55.78799999999998
2.0408163265306123,"channelID: 262",Edge_204c,MEL_Edge_204c.17,55.843999999999966
2.0,"channelID: 262",Edge_204c,MEL_Edge_204c.17,55.871999999999986
1.9607843137254901,"channelID: 262",Edge_204c,MEL_Edge_204c.17,55.89599999999999
1.9230769230769231,"channelID: 262",Edge_204c,MEL_Edge_204c.17,55.90799999999998
1.9607843137254901,"channelID: 262",Edge_204c,MEL_Edge_204c.17,56.36037999999998
2.0,"channelID: 262",Edge_204c,MEL_Edge_204c.17,65.97997
2.0408163265306123,"channelID: 262",Edge_204c,MEL_Edge_204c.17,70.71945
14.285714285714286,"channelID: 263",Edge_204c,MEL_Edge_204c.14,52.016000000000005
12.5,"channelID: 263",Edge_204c,MEL_Edge_204c.14,52.232
11.11111111111111,"channelID: 263",Edge_204c,MEL_Edge_204c.14,52.352000000000004
10.0,"channelID: 263",Edge_204c,MEL_Edge_204c.14,52.764
9.090909090909092,"channelID: 263",Edge_204c,MEL_Edge_204c.14,53.071999999999996
8.333333333333334,"channelID: 263",Edge_204c,MEL_Edge_204c.14,53.412000000000006
9.090909090909092,"channelID: 263",Edge_204c,MEL_Edge_204c.14,53.43732000000001
8.333333333333334,"channelID: 263",Edge_204c,MEL_Edge_204c.14,53.495999999999995
7.6923076923076925,"channelID: 263",Edge_204c,MEL_Edge_204c.14,53.611999999999995
7.142857142857143,"channelID: 263",Edge_204c,MEL_Edge_204c.14,53.83599999999999
6.666666666666667,"channelID: 263",Edge_204c,MEL_Edge_204c.14,53.95599999999998
6.25,"channelID: 263",Edge_204c,MEL_Edge_204c.14,54.184
5.882352941176471,"channelID: 263",Edge_204c,MEL_Edge_204c.14,54.472
5.555555555555555,"channelID: 263",Edge_204c,MEL_Edge_204c.14,54.523999999999994
5.2631578947368425,"channelID: 263",Edge_204c,MEL_Edge_204c.14,54.52799999999999
5.0,"channelID: 263",Edge_204c,MEL_Edge_204c.14,54.699999999999996
4.761904761904762,"channelID: 263",Edge_204c,MEL_Edge_204c.14,54.75999999999999
4.545454545454546,"channelID: 263",Edge_204c,MEL_Edge_204c.14,54.80799999999999
4.3478260869565215,"channelID: 263",Edge_204c,MEL_Edge_204c.14,54.89199999999999
4.166666666666667,"channelID: 263",Edge_204c,MEL_Edge_204c.14,54.97199999999999
4.0,"channelID: 263",Edge_204c,MEL_Edge_204c.14,55.04399999999999
3.8461538461538463,"channelID: 263",Edge_204c,MEL_Edge_204c.14,55.05199999999998
3.7037037037037037,"channelID: 263",Edge_204c,MEL_Edge_204c.14,55.151999999999994
3.5714285714285716,"channelID: 263",Edge_204c,MEL_Edge_204c.14,55.23599999999999
3.7037037037037037,"channelID: 263",Edge_204c,MEL_Edge_204c.14,55.27094999999999
3.5714285714285716,"channelID: 263",Edge_204c,MEL_Edge_204c.14,55.28799999999999
3.4482758620689653,"channelID: 263",Edge_204c,MEL_Edge_204c.14,55.31199999999998
3.3333333333333335,"channelID: 263",Edge_204c,MEL_Edge_204c.14,55.395999999999994
3.225806451612903,"channelID: 263",Edge_204c,MEL_Edge_204c.14,55.40399999999999
3.125,"channelID: 263",Edge_204c,MEL_Edge_204c.14,55.41999999999998
3.0303030303030303,"channelID: 263",Edge_204c,MEL_Edge_204c.14,55.49199999999998
2.9411764705882355,"channelID: 263",Edge_204c,MEL_Edge_204c.14,55.50399999999999
2.857142857142857,"channelID: 263",Edge_204c,MEL_Edge_204c.14,55.53599999999999
2.7777777777777777,"channelID: 263",Edge_204c,MEL_Edge_204c.14,55.56399999999998
2.7027027027027026,"channelID: 263",Edge_204c,MEL_Edge_204c.14,55.57199999999998
2.6315789473684212,"channelID: 263",Edge_204c,MEL_Edge_204c.14,55.61599999999998
2.5641025641025643,"channelID: 263",Edge_204c,MEL_Edge_204c.14,55.61999999999998
2.5,"channelID: 263",Edge_204c,MEL_Edge_204c.14,55.63199999999998
2.380952380952381,"channelID: 263",Edge_204c,MEL_Edge_204c.14,55.65599999999997
2.272727272727273,"channelID: 263",Edge_204c,MEL_Edge_204c.14,55.67999999999998
2.1739130434782608,"channelID: 263",Edge_204c,MEL_Edge_204c.14,55.69199999999997
2.127659574468085,"channelID: 263",Edge_204c,MEL_Edge_204c.14,55.71599999999997
2.0833333333333335,"channelID: 263",Edge_204c,MEL_Edge_204c.14,55.78799999999998
2.0408163265306123,"channelID: 263",Edge_204c,MEL_Edge_204c.14,55.843999999999966
2.0,"channelID: 263",Edge_204c,MEL_Edge_204c.14,55.871999999999986
1.9607843137254901,"channelID: 263",Edge_204c,MEL_Edge_204c.14,55.89599999999999
1.9230769230769231,"channelID: 263",Edge_204c,MEL_Edge_204c.14,55.90799999999998
1.9607843137254901,"channelID: 263",Edge_204c,MEL_Edge_204c.14,56.36037999999998
2.0,"channelID: 263",Edge_204c,MEL_Edge_204c.14,65.97997
2.0408163265306123,"channelID: 263",Edge_204c,MEL_Edge_204c.14,70.71945
2.0833333333333335,"channelID: 263",Edge_204c,MEL_Edge_204c.14,74.05153
12.5,"channelID: 264",Edge_204c,MEL_Edge_204c.11,52.232
11.11111111111111,"channelID: 264",Edge_204c,MEL_Edge_204c.11,52.352000000000004
10.0,"channelID: 264",Edge_204c,MEL_Edge_204c.11,52.764
9.090909090909092,"channelID: 264",Edge_204c,MEL_Edge_204c.11,53.071999999999996
8.333333333333334,"channelID: 264",Edge_204c,MEL_Edge_204c.11,53.412000000000006
9.090909090909092,"channelID: 264",Edge_204c,MEL_Edge_204c.11,53.43732000000001
8.333333333333334,"channelID: 264",Edge_204c,MEL_Edge_204c.11,53.495999999999995
7.6923076923076925,"channelID: 264",Edge_204c,MEL_Edge_204c.11,53.611999999999995
7.142857142857143,"channelID: 264",Edge_204c,MEL_Edge_204c.11,53.83599999999999
6.666666666666667,"channelID: 264",Edge_204c,MEL_Edge_204c.11,53.95599999999998
6.25,"channelID: 264",Edge_204c,MEL_Edge_204c.11,54.184
5.882352941176471,"channelID: 264",Edge_204c,MEL_Edge_204c.11,54.472
5.555555555555555,"channelID: 264",Edge_204c,MEL_Edge_204c.11,54.523999999999994
5.2631578947368425,"channelID: 264",Edge_204c,MEL_Edge_204c.11,54.52799999999999
5.0,"channelID: 264",Edge_204c,MEL_Edge_204c.11,54.699999999999996
4.761904761904762,"channelID: 264",Edge_204c,MEL_Edge_204c.11,54.75999999999999
4.545454545454546,"channelID: 264",Edge_204c,MEL_Edge_204c.11,54.80799999999999
4.3478260869565215,"channelID: 264",Edge_204c,MEL_Edge_204c.11,54.89199999999999
4.166666666666667,"channelID: 264",Edge_204c,MEL_Edge_204c.11,54.97199999999999
4.0,"channelID: 264",Edge_204c,MEL_Edge_204c.11,55.04399999999999
3.8461538461538463,"channelID: 264",Edge_204c,MEL_Edge_204c.11,55.05199999999998
3.7037037037037037,"channelID: 264",Edge_204c,MEL_Edge_204c.11,55.151999999999994
3.5714285714285716,"channelID: 264",Edge_204c,MEL_Edge_204c.11,55.23599999999999
3.7037037037037037,"channelID: 264",Edge_204c,MEL_Edge_204c.11,55.27094999999999
3.5714285714285716,"channelID: 264",Edge_204c,MEL_Edge_204c.11,55.28799999999999
3.4482758620689653,"channelID: 264",Edge_204c,MEL_Edge_204c.11,55.31199999999998
3.3333333333333335,"channelID: 264",Edge_204c,MEL_Edge_204c.11,55.395999999999994
3.225806451612903,"channelID: 264",Edge_204c,MEL_Edge_204c.11,55.40399999999999
3.125,"channelID: 264",Edge_204c,MEL_Edge_204c.11,55.41999999999998
3.0303030303030303,"channelID: 264",Edge_204c,MEL_Edge_204c.11,55.49199999999998
2.9411764705882355,"channelID: 264",Edge_204c,MEL_Edge_204c.11,55.50399999999999
2.857142857142857,"channelID: 264",Edge_204c,MEL_Edge_204c.11,55.53599999999999
2.7777777777777777,"channelID: 264",Edge_204c,MEL_Edge_204c.11,55.56399999999998
2.7027027027027026,"channelID: 264",Edge_204c,MEL_Edge_204c.11,55.57199999999998
2.6315789473684212,"channelID: 264",Edge_204c,MEL_Edge_204c.11,55.61599999999998
2.5641025641025643,"channelID: 264",Edge_204c,MEL_Edge_204c.11,55.61999999999998
2.5,"channelID: 264",Edge_204c,MEL_Edge_204c.11,55.63199999999998
2.380952380952381,"channelID: 264",Edge_204c,MEL_Edge_204c.11,55.65599999999997
2.272727272727273,"channelID: 264",Edge_204c,MEL_Edge_204c.11,55.67999999999998
2.1739130434782608,"channelID: 264",Edge_204c,MEL_Edge_204c.11,55.69199999999997
2.127659574468085,"channelID: 264",Edge_204c,MEL_Edge_204c.11,55.71599999999997
2.0833333333333335,"channelID: 264",Edge_204c,MEL_Edge_204c.11,55.78799999999998
2.0408163265306123,"channelID: 264",Edge_204c,MEL_Edge_204c.11,55.843999999999966
2.0,"channelID: 264",Edge_204c,MEL_Edge_204c.11,55.871999999999986
1.9607843137254901,"channelID: 264",Edge_204c,MEL_Edge_204c.11,55.89599999999999
1.9230769230769231,"channelID: 264",Edge_204c,MEL_Edge_204c.11,55.90799999999998
1.9607843137254901,"channelID: 264",Edge_204c,MEL_Edge_204c.11,56.36037999999998
2.0,"channelID: 264",Edge_204c,MEL_Edge_204c.11,65.97997
2.0408163265306123,"channelID: 264",Edge_204c,MEL_Edge_204c.11,70.71945
2.0833333333333335,"channelID: 264",Edge_204c,MEL_Edge_204c.11,74.05153
2.127659574468085,"channelID: 264",Edge_204c,MEL_Edge_204c.11,76.7716
11.11111111111111,"channelID: 265",Edge_204c,MEL_Edge_204c.17,52.352000000000004
10.0,"channelID: 265",Edge_204c,MEL_Edge_204c.17,52.764
9.090909090909092,"channelID: 265",Edge_204c,MEL_Edge_204c.17,53.071999999999996
8.333333333333334,"channelID: 265",Edge_204c,MEL_Edge_204c.17,53.412000000000006
9.090909090909092,"channelID: 265",Edge_204c,MEL_Edge_204c.17,53.43732000000001
8.333333333333334,"channelID: 265",Edge_204c,MEL_Edge_204c.17,53.495999999999995
7.6923076923076925,"channelID: 265",Edge_204c,MEL_Edge_204c.17,53.611999999999995
7.142857142857143,"channelID: 265",Edge_204c,MEL_Edge_204c.17,53.83599999999999
6.666666666666667,"channelID: 265",Edge_204c,MEL_Edge_204c.17,53.95599999999998
6.25,"channelID: 265",Edge_204c,MEL_Edge_204c.17,54.184
5.882352941176471,"channelID: 265",Edge_204c,MEL_Edge_204c.17,54.472
5.555555555555555,"channelID: 265",Edge_204c,MEL_Edge_204c.17,54.523999999999994
5.2631578947368425,"channelID: 265",Edge_204c,MEL_Edge_204c.17,54.52799999999999
5.0,"channelID: 265",Edge_204c,MEL_Edge_204c.17,54.699999999999996
4.761904761904762,"channelID: 265",Edge_204c,MEL_Edge_204c.17,54.75999999999999
4.545454545454546,"channelID: 265",Edge_204c,MEL_Edge_204c.17,54.80799999999999
4.3478260869565215,"channelID: 265",Edge_204c,MEL_Edge_204c.17,54.89199999999999
4.166666666666667,"channelID: 265",Edge_204c,MEL_Edge_204c.17,54.97199999999999
4.0,"channelID: 265",Edge_204c,MEL_Edge_204c.17,55.04399999999999
3.8461538461538463,"channelID: 265",Edge_204c,MEL_Edge_204c.17,55.05199999999998
3.7037037037037037,"channelID: 265",Edge_204c,MEL_Edge_204c.17,55.151999999999994
3.5714285714285716,"channelID: 265",Edge_204c,MEL_Edge_204c.17,55.23599999999999
3.7037037037037037,"channelID: 265",Edge_204c,MEL_Edge_204c.17,55.27094999999999
3.5714285714285716,"channelID: 265",Edge_204c,MEL_Edge_204c.17,55.28799999999999
3.4482758620689653,"channelID: 265",Edge_204c,MEL_Edge_204c.17,55.31199999999998
3.3333333333333335,"channelID: 265",Edge_204c,MEL_Edge_204c.17,55.395999999999994
3.225806451612903,"channelID: 265",Edge_204c,MEL_Edge_204c.17,55.40399999999999
3.125,"channelID: 265",Edge_204c,MEL_Edge_204c.17,55.41999999999998
3.0303030303030303,"channelID: 265",Edge_204c,MEL_Edge_204c.17,55.49199999999998
2.9411764705882355,"channelID: 265",Edge_204c,MEL_Edge_204c.17,55.50399999999999
2.857142857142857,"channelID: 265",Edge_204c,MEL_Edge_204c.17,55.53599999999999
2.7777777777777777,"channelID: 265",Edge_204c,MEL_Edge_204c.17,55.56399999999998
2.7027027027027026,"channelID: 265",Edge_204c,MEL_Edge_204c.17,55.57199999999998
2.6315789473684212,"channelID: 265",Edge_204c,MEL_Edge_204c.17,55.61599999999998
2.5641025641025643,"channelID: 265",Edge_204c,MEL_Edge_204c.17,55.61999999999998
2.5,"channelID: 265",Edge_204c,MEL_Edge_204c.17,55.63199999999998
2.380952380952381,"channelID: 265",Edge_204c,MEL_Edge_204c.17,55.65599999999997
2.272727272727273,"channelID: 265",Edge_204c,MEL_Edge_204c.17,55.67999999999998
2.1739130434782608,"channelID: 265",Edge_204c,MEL_Edge_204c.17,55.69199999999997
2.127659574468085,"channelID: 265",Edge_204c,MEL_Edge_204c.17,55.71599999999997
2.0833333333333335,"channelID: 265",Edge_204c,MEL_Edge_204c.17,55.78799999999998
2.0408163265306123,"channelID: 265",Edge_204c,MEL_Edge_204c.17,55.843999999999966
2.0,"channelID: 265",Edge_204c,MEL_Edge_204c.17,55.871999999999986
1.9607843137254901,"channelID: 265",Edge_204c,MEL_Edge_204c.17,55.89599999999999
1.9230769230769231,"channelID: 265",Edge_204c,MEL_Edge_204c.17,55.90799999999998
1.9607843137254901,"channelID: 265",Edge_204c,MEL_Edge_204c.17,56.36037999999998
2.0,"channelID: 265",Edge_204c,MEL_Edge_204c.17,65.97997
2.0408163265306123,"channelID: 265",Edge_204c,MEL_Edge_204c.17,70.71945
2.0833333333333335,"channelID: 265",Edge_204c,MEL_Edge_204c.17,74.05153
2.127659574468085,"channelID: 265",Edge_204c,MEL_Edge_204c.17,76.7716
2.1739130434782608,"channelID: 265",Edge_204c,MEL_Edge_204c.17,78.22188000000001
12.5,"channelID: 287",Edge_9,MEL_Edge_9.2,55.044000000000004
8.333333333333334,"channelID: 287",Edge_9,MEL_Edge_9.2,55.623999999999995
6.666666666666667,"channelID: 287",Edge_9,MEL_Edge_9.2,58.156
5.555555555555555,"channelID: 287",Edge_9,MEL_Edge_9.2,59.196
4.545454545454546,"channelID: 287",Edge_9,MEL_Edge_9.2,59.756
4.0,"channelID: 287",Edge_9,MEL_Edge_9.2,60.072
3.7037037037037037,"channelID: 287",Edge_9,MEL_Edge_9.2,61.211999999999996
3.3333333333333335,"channelID: 287",Edge_9,MEL_Edge_9.2,61.27199999999999
3.0303030303030303,"channelID: 287",Edge_9,MEL_Edge_9.2,61.508
2.7777777777777777,"channelID: 287",Edge_9,MEL_Edge_9.2,62.072
2.7027027027027026,"channelID: 287",Edge_9,MEL_Edge_9.2,62.428
2.5641025641025643,"channelID: 287",Edge_9,MEL_Edge_9.2,62.544
2.4390243902439024,"channelID: 287",Edge_9,MEL_Edge_9.2,62.587999999999994
2.3255813953488373,"channelID: 287",Edge_9,MEL_Edge_9.2,62.60399999999999
2.272727272727273,"channelID: 287",Edge_9,MEL_Edge_9.2,62.82399999999999
2.127659574468085,"channelID: 287",Edge_9,MEL_Edge_9.2,62.931999999999995
2.0833333333333335,"channelID: 287",Edge_9,MEL_Edge_9.2,62.98399999999999
2.0408163265306123,"channelID: 287",Edge_9,MEL_Edge_9.2,63.03199999999999
1.9607843137254901,"channelID: 287",Edge_9,MEL_Edge_9.2,63.07199999999999
1.9230769230769231,"channelID: 287",Edge_9,MEL_Edge_9.2,63.087999999999994
1.8867924528301887,"channelID: 287",Edge_9,MEL_Edge_9.2,63.098
1.8181818181818181,"channelID: 287",Edge_9,MEL_Edge_9.2,63.438
1.7543859649122806,"channelID: 287",Edge_9,MEL_Edge_9.2,63.5
1.7241379310344827,"channelID: 287",Edge_9,MEL_Edge_9.2,63.86
1.694915254237288,"channelID: 287",Edge_9,MEL_Edge_9.2,63.988
1.6129032258064515,"channelID: 287",Edge_9,MEL_Edge_9.2,64.048
1.5384615384615385,"channelID: 287",Edge_9,MEL_Edge_9.2,64.22
1.5151515151515151,"channelID: 287",Edge_9,MEL_Edge_9.2,64.30799999999999
1.4492753623188406,"channelID: 287",Edge_9,MEL_Edge_9.2,64.402
1.4285714285714286,"channelID: 287",Edge_9,MEL_Edge_9.2,64.48400000000001
1.408450704225352,"channelID: 287",Edge_9,MEL_Edge_9.2,64.53
1.36986301369863,"channelID: 287",Edge_9,MEL_Edge_9.2,64.58800000000001
1.3157894736842106,"channelID: 287",Edge_9,MEL_Edge_9.2,64.604
1.2987012987012987,"channelID: 287",Edge_9,MEL_Edge_9.2,64.61800000000001
1.2820512820512822,"channelID: 287",Edge_9,MEL_Edge_9.2,64.64200000000001
1.25,"channelID: 287",Edge_9,MEL_Edge_9.2,64.66000000000001
1.2345679012345678,"channelID: 287",Edge_9,MEL_Edge_9.2,64.69200000000001
1.2195121951219512,"channelID: 287",Edge_9,MEL_Edge_9.2,64.74800000000002
1.1904761904761905,"channelID: 287",Edge_9,MEL_Edge_9.2,64.802
1.1764705882352942,"channelID: 287",Edge_9,MEL_Edge_9.2,64.836
1.1627906976744187,"channelID: 287",Edge_9,MEL_Edge_9.2,64.86000000000003
1.1363636363636365,"channelID: 287",Edge_9,MEL_Edge_9.2,64.878
1.1904761904761905,"channelID: 287",Edge_9,MEL_Edge_9.2,68.00725999999999
12.5,"channelID: 288",Edge_9,MEL_Edge_9.2,55.044000000000004
8.333333333333334,"channelID: 288",Edge_9,MEL_Edge_9.2,55.623999999999995
6.666666666666667,"channelID: 288",Edge_9,MEL_Edge_9.2,58.156
5.555555555555555,"channelID: 288",Edge_9,MEL_Edge_9.2,59.196
4.545454545454546,"channelID: 288",Edge_9,MEL_Edge_9.2,59.756
4.0,"channelID: 288",Edge_9,MEL_Edge_9.2,60.072
3.7037037037037037,"channelID: 288",Edge_9,MEL_Edge_9.2,61.211999999999996
3.3333333333333335,"channelID: 288",Edge_9,MEL_Edge_9.2,61.27199999999999
3.0303030303030303,"channelID: 288",Edge_9,MEL_Edge_9.2,61.508
2.7777777777777777,"channelID: 288",Edge_9,MEL_Edge_9.2,62.072
2.7027027027027026,"channelID: 288",Edge_9,MEL_Edge_9.2,62.428
2.5641025641025643,"channelID: 288",Edge_9,MEL_Edge_9.2,62.544
2.4390243902439024,"channelID: 288",Edge_9,MEL_Edge_9.2,62.587999999999994
2.3255813953488373,"channelID: 288",Edge_9,MEL_Edge_9.2,62.60399999999999
2.272727272727273,"channelID: 288",Edge_9,MEL_Edge_9.2,62.82399999999999
2.127659574468085,"channelID: 288",Edge_9,MEL_Edge_9.2,62.931999999999995
2.0833333333333335,"channelID: 288",Edge_9,MEL_Edge_9.2,62.98399999999999
2.0408163265306123,"channelID: 288",Edge_9,MEL_Edge_9.2,63.03199999999999
1.9607843137254901,"channelID: 288",Edge_9,MEL_Edge_9.2,63.07199999999999
1.9230769230769231,"channelID: 288",Edge_9,MEL_Edge_9.2,63.087999999999994
1.8867924528301887,"channelID: 288",Edge_9,MEL_Edge_9.2,63.098
1.8181818181818181,"channelID: 288",Edge_9,MEL_Edge_9.2,63.438
1.7543859649122806,"channelID: 288",Edge_9,MEL_Edge_9.2,63.5
1.7241379310344827,"channelID: 288",Edge_9,MEL_Edge_9.2,63.86
1.694915254237288,"channelID: 288",Edge_9,MEL_Edge_9.2,63.988
1.6129032258064515,"channelID: 288",Edge_9,MEL_Edge_9.2,64.048
1.5384615384615385,"channelID: 288",Edge_9,MEL_Edge_9.2,64.22
1.5151515151515151,"channelID: 288",Edge_9,MEL_Edge_9.2,64.30799999999999
1.4492753623188406,"channelID: 288",Edge_9,MEL_Edge_9.2,64.402
1.4285714285714286,"channelID: 288",Edge_9,MEL_Edge_9.2,64.48400000000001
1.408450704225352,"channelID: 288",Edge_9,MEL_Edge_9.2,64.53
1.36986301369863,"channelID: 288",Edge_9,MEL_Edge_9.2,64.58800000000001
1.3157894736842106,"channelID: 288",Edge_9,MEL_Edge_9.2,64.604
1.2987012987012987,"channelID: 288",Edge_9,MEL_Edge_9.2,64.61800000000001
1.2820512820512822,"channelID: 288",Edge_9,MEL_Edge_9.2,64.64200000000001
1.25,"channelID: 288",Edge_9,MEL_Edge_9.2,64.66000000000001
1.2345679012345678,"channelID: 288",Edge_9,MEL_Edge_9.2,64.69200000000001
1.2195121951219512,"channelID: 288",Edge_9,MEL_Edge_9.2,64.74800000000002
1.1904761904761905,"channelID: 288",Edge_9,MEL_Edge_9.2,64.802
1.1764705882352942,"channelID: 288",Edge_9,MEL_Edge_9.2,64.836
1.1627906976744187,"channelID: 288",Edge_9,MEL_Edge_9.2,64.86000000000003
1.1363636363636365,"channelID: 288",Edge_9,MEL_Edge_9.2,64.878
1.1904761904761905,"channelID: 288",Edge_9,MEL_Edge_9.2,68.00725999999999
1.2048192771084338,"channelID: 288",Edge_9,MEL_Edge_9.2,79.67422
12.5,"channelID: 290",Edge_9,MEL_Edge_9.2,55.044000000000004
8.333333333333334,"channelID: 290",Edge_9,MEL_Edge_9.2,55.623999999999995
6.666666666666667,"channelID: 290",Edge_9,MEL_Edge_9.2,58.156
5.555555555555555,"channelID: 290",Edge_9,MEL_Edge_9.2,59.196
4.545454545454546,"channelID: 290",Edge_9,MEL_Edge_9.2,59.756
4.0,"channelID: 290",Edge_9,MEL_Edge_9.2,60.072
3.7037037037037037,"channelID: 290",Edge_9,MEL_Edge_9.2,61.211999999999996
3.3333333333333335,"channelID: 290",Edge_9,MEL_Edge_9.2,61.27199999999999
3.0303030303030303,"channelID: 290",Edge_9,MEL_Edge_9.2,61.508
2.7777777777777777,"channelID: 290",Edge_9,MEL_Edge_9.2,62.072
2.7027027027027026,"channelID: 290",Edge_9,MEL_Edge_9.2,62.428
2.5641025641025643,"channelID: 290",Edge_9,MEL_Edge_9.2,62.544
2.4390243902439024,"channelID: 290",Edge_9,MEL_Edge_9.2,62.587999999999994
2.3255813953488373,"channelID: 290",Edge_9,MEL_Edge_9.2,62.60399999999999
2.272727272727273,"channelID: 290",Edge_9,MEL_Edge_9.2,62.82399999999999
2.127659574468085,"channelID: 290",Edge_9,MEL_Edge_9.2,62.931999999999995
2.0833333333333335,"channelID: 290",Edge_9,MEL_Edge_9.2,62.98399999999999
2.0408163265306123,"channelID: 290",Edge_9,MEL_Edge_9.2,63.03199999999999
1.9607843137254901,"channelID: 290",Edge_9,MEL_Edge_9.2,63.07199999999999
1.9230769230769231,"channelID: 290",Edge_9,MEL_Edge_9.2,63.087999999999994
1.8867924528301887,"channelID: 290",Edge_9,MEL_Edge_9.2,63.098
1.8181818181818181,"channelID: 290",Edge_9,MEL_Edge_9.2,63.438
1.7543859649122806,"channelID: 290",Edge_9,MEL_Edge_9.2,63.5
1.7241379310344827,"channelID: 290",Edge_9,MEL_Edge_9.2,63.86
1.694915254237288,"channelID: 290",Edge_9,MEL_Edge_9.2,63.988
1.6129032258064515,"channelID: 290",Edge_9,MEL_Edge_9.2,64.048
1.5384615384615385,"channelID: 290",Edge_9,MEL_Edge_9.2,64.22
1.5151515151515151,"channelID: 290",Edge_9,MEL_Edge_9.2,64.30799999999999
1.4492753623188406,"channelID: 290",Edge_9,MEL_Edge_9.2,64.402
1.4285714285714286,"channelID: 290",Edge_9,MEL_Edge_9.2,64.48400000000001
1.408450704225352,"channelID: 290",Edge_9,MEL_Edge_9.2,64.53
1.36986301369863,"channelID: 290",Edge_9,MEL_Edge_9.2,64.58800000000001
1.3157894736842106,"channelID: 290",Edge_9,MEL_Edge_9.2,64.604
1.2987012987012987,"channelID: 290",Edge_9,MEL_Edge_9.2,64.61800000000001
1.2820512820512822,"channelID: 290",Edge_9,MEL_Edge_9.2,64.64200000000001
1.25,"channelID: 290",Edge_9,MEL_Edge_9.2,64.66000000000001
1.2345679012345678,"channelID: 290",Edge_9,MEL_Edge_9.2,64.69200000000001
1.2195121951219512,"channelID: 290",Edge_9,MEL_Edge_9.2,64.74800000000002
1.1904761904761905,"channelID: 290",Edge_9,MEL_Edge_9.2,64.802
1.1764705882352942,"channelID: 290",Edge_9,MEL_Edge_9.2,64.836
1.1627906976744187,"channelID: 290",Edge_9,MEL_Edge_9.2,64.86000000000003
1.1363636363636365,"channelID: 290",Edge_9,MEL_Edge_9.2,64.878
1.1904761904761905,"channelID: 290",Edge_9,MEL_Edge_9.2,68.00725999999999
1.2195121951219512,"channelID: 290",Edge_9,MEL_Edge_9.2,79.67422
12.5,"channelID: 289",Edge_9,MEL_Edge_9.2,55.044000000000004
8.333333333333334,"channelID: 289",Edge_9,MEL_Edge_9.2,55.623999999999995
6.666666666666667,"channelID: 289",Edge_9,MEL_Edge_9.2,58.156
5.555555555555555,"channelID: 289",Edge_9,MEL_Edge_9.2,59.196
4.545454545454546,"channelID: 289",Edge_9,MEL_Edge_9.2,59.756
4.0,"channelID: 289",Edge_9,MEL_Edge_9.2,60.072
3.7037037037037037,"channelID: 289",Edge_9,MEL_Edge_9.2,61.211999999999996
3.3333333333333335,"channelID: 289",Edge_9,MEL_Edge_9.2,61.27199999999999
3.0303030303030303,"channelID: 289",Edge_9,MEL_Edge_9.2,61.508
2.7777777777777777,"channelID: 289",Edge_9,MEL_Edge_9.2,62.072
2.7027027027027026,"channelID: 289",Edge_9,MEL_Edge_9.2,62.428
2.5641025641025643,"channelID: 289",Edge_9,MEL_Edge_9.2,62.544
2.4390243902439024,"channelID: 289",Edge_9,MEL_Edge_9.2,62.587999999999994
2.3255813953488373,"channelID: 289",Edge_9,MEL_Edge_9.2,62.60399999999999
2.272727272727273,"channelID: 289",Edge_9,MEL_Edge_9.2,62.82399999999999
2.127659574468085,"channelID: 289",Edge_9,MEL_Edge_9.2,62.931999999999995
2.0833333333333335,"channelID: 289",Edge_9,MEL_Edge_9.2,62.98399999999999
2.0408163265306123,"channelID: 289",Edge_9,MEL_Edge_9.2,63.03199999999999
1.9607843137254901,"channelID: 289",Edge_9,MEL_Edge_9.2,63.07199999999999
1.9230769230769231,"channelID: 289",Edge_9,MEL_Edge_9.2,63.087999999999994
1.8867924528301887,"channelID: 289",Edge_9,MEL_Edge_9.2,63.098
1.8181818181818181,"channelID: 289",Edge_9,MEL_Edge_9.2,63.438
1.7543859649122806,"channelID: 289",Edge_9,MEL_Edge_9.2,63.5
1.7241379310344827,"channelID: 289",Edge_9,MEL_Edge_9.2,63.86
1.694915254237288,"channelID: 289",Edge_9,MEL_Edge_9.2,63.988
1.6129032258064515,"channelID: 289",Edge_9,MEL_Edge_9.2,64.048
1.5384615384615385,"channelID: 289",Edge_9,MEL_Edge_9.2,64.22
1.5151515151515151,"channelID: 289",Edge_9,MEL_Edge_9.2,64.30799999999999
1.4492753623188406,"channelID: 289",Edge_9,MEL_Edge_9.2,64.402
1.4285714285714286,"channelID: 289",Edge_9,MEL_Edge_9.2,64.48400000000001
1.408450704225352,"channelID: 289",Edge_9,MEL_Edge_9.2,64.53
1.36986301369863,"channelID: 289",Edge_9,MEL_Edge_9.2,64.58800000000001
1.3157894736842106,"channelID: 289",Edge_9,MEL_Edge_9.2,64.604
1.2987012987012987,"channelID: 289",Edge_9,MEL_Edge_9.2,64.61800000000001
1.2820512820512822,"channelID: 289",Edge_9,MEL_Edge_9.2,64.64200000000001
1.25,"channelID: 289",Edge_9,MEL_Edge_9.2,64.66000000000001
1.2345679012345678,"channelID: 289",Edge_9,MEL_Edge_9.2,64.69200000000001
1.2195121951219512,"channelID: 289",Edge_9,MEL_Edge_9.2,64.74800000000002
1.1904761904761905,"channelID: 289",Edge_9,MEL_Edge_9.2,64.802
1.1764705882352942,"channelID: 289",Edge_9,MEL_Edge_9.2,64.836
1.1627906976744187,"channelID: 289",Edge_9,MEL_Edge_9.2,64.86000000000003
1.1363636363636365,"channelID: 289",Edge_9,MEL_Edge_9.2,64.878
1.1904761904761905,"channelID: 289",Edge_9,MEL_Edge_9.2,68.00725999999999
1.2345679012345678,"channelID: 289",Edge_9,MEL_Edge_9.2,79.67422
10.0,"channelID: 266",Edge_204c,MEL_Edge_204c.11,52.764
9.090909090909092,"channelID: 266",Edge_204c,MEL_Edge_204c.11,53.071999999999996
8.333333333333334,"channelID: 266",Edge_204c,MEL_Edge_204c.11,53.412000000000006
9.090909090909092,"channelID: 266",Edge_204c,MEL_Edge_204c.11,53.43732000000001
8.333333333333334,"channelID: 266",Edge_204c,MEL_Edge_204c.11,53.495999999999995
7.6923076923076925,"channelID: 266",Edge_204c,MEL_Edge_204c.11,53.611999999999995
7.142857142857143,"channelID: 266",Edge_204c,MEL_Edge_204c.11,53.83599999999999
6.666666666666667,"channelID: 266",Edge_204c,MEL_Edge_204c.11,53.95599999999998
6.25,"channelID: 266",Edge_204c,MEL_Edge_204c.11,54.184
5.882352941176471,"channelID: 266",Edge_204c,MEL_Edge_204c.11,54.472
5.555555555555555,"channelID: 266",Edge_204c,MEL_Edge_204c.11,54.523999999999994
5.2631578947368425,"channelID: 266",Edge_204c,MEL_Edge_204c.11,54.52799999999999
5.0,"channelID: 266",Edge_204c,MEL_Edge_204c.11,54.699999999999996
4.761904761904762,"channelID: 266",Edge_204c,MEL_Edge_204c.11,54.75999999999999
4.545454545454546,"channelID: 266",Edge_204c,MEL_Edge_204c.11,54.80799999999999
4.3478260869565215,"channelID: 266",Edge_204c,MEL_Edge_204c.11,54.89199999999999
4.166666666666667,"channelID: 266",Edge_204c,MEL_Edge_204c.11,54.97199999999999
4.0,"channelID: 266",Edge_204c,MEL_Edge_204c.11,55.04399999999999
3.8461538461538463,"channelID: 266",Edge_204c,MEL_Edge_204c.11,55.05199999999998
3.7037037037037037,"channelID: 266",Edge_204c,MEL_Edge_204c.11,55.151999999999994
3.5714285714285716,"channelID: 266",Edge_204c,MEL_Edge_204c.11,55.23599999999999
3.7037037037037037,"channelID: 266",Edge_204c,MEL_Edge_204c.11,55.27094999999999
3.5714285714285716,"channelID: 266",Edge_204c,MEL_Edge_204c.11,55.28799999999999
3.4482758620689653,"channelID: 266",Edge_204c,MEL_Edge_204c.11,55.31199999999998
3.3333333333333335,"channelID: 266",Edge_204c,MEL_Edge_204c.11,55.395999999999994
3.225806451612903,"channelID: 266",Edge_204c,MEL_Edge_204c.11,55.40399999999999
3.125,"channelID: 266",Edge_204c,MEL_Edge_204c.11,55.41999999999998
3.0303030303030303,"channelID: 266",Edge_204c,MEL_Edge_204c.11,55.49199999999998
2.9411764705882355,"channelID: 266",Edge_204c,MEL_Edge_204c.11,55.50399999999999
2.857142857142857,"channelID: 266",Edge_204c,MEL_Edge_204c.11,55.53599999999999
2.7777777777777777,"channelID: 266",Edge_204c,MEL_Edge_204c.11,55.56399999999998
2.7027027027027026,"channelID: 266",Edge_204c,MEL_Edge_204c.11,55.57199999999998
2.6315789473684212,"channelID: 266",Edge_204c,MEL_Edge_204c.11,55.61599999999998
2.5641025641025643,"channelID: 266",Edge_204c,MEL_Edge_204c.11,55.61999999999998
2.5,"channelID: 266",Edge_204c,MEL_Edge_204c.11,55.63199999999998
2.380952380952381,"channelID: 266",Edge_204c,MEL_Edge_204c.11,55.65599999999997
2.272727272727273,"channelID: 266",Edge_204c,MEL_Edge_204c.11,55.67999999999998
2.1739130434782608,"channelID: 266",Edge_204c,MEL_Edge_204c.11,55.69199999999997
2.127659574468085,"channelID: 266",Edge_204c,MEL_Edge_204c.11,55.71599999999997
2.0833333333333335,"channelID: 266",Edge_204c,MEL_Edge_204c.11,55.78799999999998
2.0408163265306123,"channelID: 266",Edge_204c,MEL_Edge_204c.11,55.843999999999966
2.0,"channelID: 266",Edge_204c,MEL_Edge_204c.11,55.871999999999986
1.9607843137254901,"channelID: 266",Edge_204c,MEL_Edge_204c.11,55.89599999999999
1.9230769230769231,"channelID: 266",Edge_204c,MEL_Edge_204c.11,55.90799999999998
1.9607843137254901,"channelID: 266",Edge_204c,MEL_Edge_204c.11,56.36037999999998
2.0,"channelID: 266",Edge_204c,MEL_Edge_204c.11,65.97997
2.0408163265306123,"channelID: 266",Edge_204c,MEL_Edge_204c.11,70.71945
2.0833333333333335,"channelID: 266",Edge_204c,MEL_Edge_204c.11,74.05153
2.127659574468085,"channelID: 266",Edge_204c,MEL_Edge_204c.11,76.7716
2.1739130434782608,"channelID: 266",Edge_204c,MEL_Edge_204c.11,78.22188000000001
2.2222222222222223,"channelID: 266",Edge_204c,MEL_Edge_204c.11,78.91193000000001
9.090909090909092,"channelID: 267",Edge_204c,MEL_Edge_204c.14,53.071999999999996
8.333333333333334,"channelID: 267",Edge_204c,MEL_Edge_204c.14,53.412000000000006
9.090909090909092,"channelID: 267",Edge_204c,MEL_Edge_204c.14,53.43732000000001
8.333333333333334,"channelID: 267",Edge_204c,MEL_Edge_204c.14,53.495999999999995
7.6923076923076925,"channelID: 267",Edge_204c,MEL_Edge_204c.14,53.611999999999995
7.142857142857143,"channelID: 267",Edge_204c,MEL_Edge_204c.14,53.83599999999999
6.666666666666667,"channelID: 267",Edge_204c,MEL_Edge_204c.14,53.95599999999998
6.25,"channelID: 267",Edge_204c,MEL_Edge_204c.14,54.184
5.882352941176471,"channelID: 267",Edge_204c,MEL_Edge_204c.14,54.472
5.555555555555555,"channelID: 267",Edge_204c,MEL_Edge_204c.14,54.523999999999994
5.2631578947368425,"channelID: 267",Edge_204c,MEL_Edge_204c.14,54.52799999999999
5.0,"channelID: 267",Edge_204c,MEL_Edge_204c.14,54.699999999999996
4.761904761904762,"channelID: 267",Edge_204c,MEL_Edge_204c.14,54.75999999999999
4.545454545454546,"channelID: 267",Edge_204c,MEL_Edge_204c.14,54.80799999999999
4.3478260869565215,"channelID: 267",Edge_204c,MEL_Edge_204c.14,54.89199999999999
4.166666666666667,"channelID: 267",Edge_204c,MEL_Edge_204c.14,54.97199999999999
4.0,"channelID: 267",Edge_204c,MEL_Edge_204c.14,55.04399999999999
3.8461538461538463,"channelID: 267",Edge_204c,MEL_Edge_204c.14,55.05199999999998
3.7037037037037037,"channelID: 267",Edge_204c,MEL_Edge_204c.14,55.151999999999994
3.5714285714285716,"channelID: 267",Edge_204c,MEL_Edge_204c.14,55.23599999999999
3.7037037037037037,"channelID: 267",Edge_204c,MEL_Edge_204c.14,55.27094999999999
3.5714285714285716,"channelID: 267",Edge_204c,MEL_Edge_204c.14,55.28799999999999
3.4482758620689653,"channelID: 267",Edge_204c,MEL_Edge_204c.14,55.31199999999998
3.3333333333333335,"channelID: 267",Edge_204c,MEL_Edge_204c.14,55.395999999999994
3.225806451612903,"channelID: 267",Edge_204c,MEL_Edge_204c.14,55.40399999999999
3.125,"channelID: 267",Edge_204c,MEL_Edge_204c.14,55.41999999999998
3.0303030303030303,"channelID: 267",Edge_204c,MEL_Edge_204c.14,55.49199999999998
2.9411764705882355,"channelID: 267",Edge_204c,MEL_Edge_204c.14,55.50399999999999
2.857142857142857,"channelID: 267",Edge_204c,MEL_Edge_204c.14,55.53599999999999
2.7777777777777777,"channelID: 267",Edge_204c,MEL_Edge_204c.14,55.56399999999998
2.7027027027027026,"channelID: 267",Edge_204c,MEL_Edge_204c.14,55.57199999999998
2.6315789473684212,"channelID: 267",Edge_204c,MEL_Edge_204c.14,55.61599999999998
2.5641025641025643,"channelID: 267",Edge_204c,MEL_Edge_204c.14,55.61999999999998
2.5,"channelID: 267",Edge_204c,MEL_Edge_204c.14,55.63199999999998
2.380952380952381,"channelID: 267",Edge_204c,MEL_Edge_204c.14,55.65599999999997
2.272727272727273,"channelID: 267",Edge_204c,MEL_Edge_204c.14,55.67999999999998
2.1739130434782608,"channelID: 267",Edge_204c,MEL_Edge_204c.14,55.69199999999997
2.127659574468085,"channelID: 267",Edge_204c,MEL_Edge_204c.14,55.71599999999997
2.0833333333333335,"channelID: 267",Edge_204c,MEL_Edge_204c.14,55.78799999999998
2.0408163265306123,"channelID: 267",Edge_204c,MEL_Edge_204c.14,55.843999999999966
2.0,"channelID: 267",Edge_204c,MEL_Edge_204c.14,55.871999999999986
1.9607843137254901,"channelID: 267",Edge_204c,MEL_Edge_204c.14,55.89599999999999
1.9230769230769231,"channelID: 267",Edge_204c,MEL_Edge_204c.14,55.90799999999998
1.9607843137254901,"channelID: 267",Edge_204c,MEL_Edge_204c.14,56.36037999999998
2.0,"channelID: 267",Edge_204c,MEL_Edge_204c.14,65.97997
2.0408163265306123,"channelID: 267",Edge_204c,MEL_Edge_204c.14,70.71945
2.0833333333333335,"channelID: 267",Edge_204c,MEL_Edge_204c.14,74.05153
2.127659574468085,"channelID: 267",Edge_204c,MEL_Edge_204c.14,76.7716
2.1739130434782608,"channelID: 267",Edge_204c,MEL_Edge_204c.14,78.22188000000001
2.2222222222222223,"channelID: 267",Edge_204c,MEL_Edge_204c.14,78.91193000000001
2.272727272727273,"channelID: 267",Edge_204c,MEL_Edge_204c.14,80.97198
8.333333333333334,"channelID: 268",Edge_204c,MEL_Edge_204c.17,53.412000000000006
9.090909090909092,"channelID: 268",Edge_204c,MEL_Edge_204c.17,53.43732000000001
8.333333333333334,"channelID: 268",Edge_204c,MEL_Edge_204c.17,53.495999999999995
7.6923076923076925,"channelID: 268",Edge_204c,MEL_Edge_204c.17,53.611999999999995
7.142857142857143,"channelID: 268",Edge_204c,MEL_Edge_204c.17,53.83599999999999
6.666666666666667,"channelID: 268",Edge_204c,MEL_Edge_204c.17,53.95599999999998
6.25,"channelID: 268",Edge_204c,MEL_Edge_204c.17,54.184
5.882352941176471,"channelID: 268",Edge_204c,MEL_Edge_204c.17,54.472
5.555555555555555,"channelID: 268",Edge_204c,MEL_Edge_204c.17,54.523999999999994
5.2631578947368425,"channelID: 268",Edge_204c,MEL_Edge_204c.17,54.52799999999999
5.0,"channelID: 268",Edge_204c,MEL_Edge_204c.17,54.699999999999996
4.761904761904762,"channelID: 268",Edge_204c,MEL_Edge_204c.17,54.75999999999999
4.545454545454546,"channelID: 268",Edge_204c,MEL_Edge_204c.17,54.80799999999999
4.3478260869565215,"channelID: 268",Edge_204c,MEL_Edge_204c.17,54.89199999999999
4.166666666666667,"channelID: 268",Edge_204c,MEL_Edge_204c.17,54.97199999999999
4.0,"channelID: 268",Edge_204c,MEL_Edge_204c.17,55.04399999999999
3.8461538461538463,"channelID: 268",Edge_204c,MEL_Edge_204c.17,55.05199999999998
3.7037037037037037,"channelID: 268",Edge_204c,MEL_Edge_204c.17,55.151999999999994
3.5714285714285716,"channelID: 268",Edge_204c,MEL_Edge_204c.17,55.23599999999999
3.7037037037037037,"channelID: 268",Edge_204c,MEL_Edge_204c.17,55.27094999999999
3.5714285714285716,"channelID: 268",Edge_204c,MEL_Edge_204c.17,55.28799999999999
3.4482758620689653,"channelID: 268",Edge_204c,MEL_Edge_204c.17,55.31199999999998
3.3333333333333335,"channelID: 268",Edge_204c,MEL_Edge_204c.17,55.395999999999994
3.225806451612903,"channelID: 268",Edge_204c,MEL_Edge_204c.17,55.40399999999999
3.125,"channelID: 268",Edge_204c,MEL_Edge_204c.17,55.41999999999998
3.0303030303030303,"channelID: 268",Edge_204c,MEL_Edge_204c.17,55.49199999999998
2.9411764705882355,"channelID: 268",Edge_204c,MEL_Edge_204c.17,55.50399999999999
2.857142857142857,"channelID: 268",Edge_204c,MEL_Edge_204c.17,55.53599999999999
2.7777777777777777,"channelID: 268",Edge_204c,MEL_Edge_204c.17,55.56399999999998
2.7027027027027026,"channelID: 268",Edge_204c,MEL_Edge_204c.17,55.57199999999998
2.6315789473684212,"channelID: 268",Edge_204c,MEL_Edge_204c.17,55.61599999999998
2.5641025641025643,"channelID: 268",Edge_204c,MEL_Edge_204c.17,55.61999999999998
2.5,"channelID: 268",Edge_204c,MEL_Edge_204c.17,55.63199999999998
2.380952380952381,"channelID: 268",Edge_204c,MEL_Edge_204c.17,55.65599999999997
2.272727272727273,"channelID: 268",Edge_204c,MEL_Edge_204c.17,55.67999999999998
2.1739130434782608,"channelID: 268",Edge_204c,MEL_Edge_204c.17,55.69199999999997
2.127659574468085,"channelID: 268",Edge_204c,MEL_Edge_204c.17,55.71599999999997
2.0833333333333335,"channelID: 268",Edge_204c,MEL_Edge_204c.17,55.78799999999998
2.0408163265306123,"channelID: 268",Edge_204c,MEL_Edge_204c.17,55.843999999999966
2.0,"channelID: 268",Edge_204c,MEL_Edge_204c.17,55.871999999999986
1.9607843137254901,"channelID: 268",Edge_204c,MEL_Edge_204c.17,55.89599999999999
1.9230769230769231,"channelID: 268",Edge_204c,MEL_Edge_204c.17,55.90799999999998
1.9607843137254901,"channelID: 268",Edge_204c,MEL_Edge_204c.17,56.36037999999998
2.0,"channelID: 268",Edge_204c,MEL_Edge_204c.17,65.97997
2.0408163265306123,"channelID: 268",Edge_204c,MEL_Edge_204c.17,70.71945
2.0833333333333335,"channelID: 268",Edge_204c,MEL_Edge_204c.17,74.05153
2.127659574468085,"channelID: 268",Edge_204c,MEL_Edge_204c.17,76.7716
2.1739130434782608,"channelID: 268",Edge_204c,MEL_Edge_204c.17,78.22188000000001
2.2222222222222223,"channelID: 268",Edge_204c,MEL_Edge_204c.17,78.91193000000001
2.272727272727273,"channelID: 268",Edge_204c,MEL_Edge_204c.17,80.97198
2.3255813953488373,"channelID: 268",Edge_204c,MEL_Edge_204c.17,82.32718
8.333333333333334,"channelID: 269",Edge_204c,MEL_Edge_204c.14,53.495999999999995
7.6923076923076925,"channelID: 269",Edge_204c,MEL_Edge_204c.14,53.611999999999995
7.142857142857143,"channelID: 269",Edge_204c,MEL_Edge_204c.14,53.83599999999999
6.666666666666667,"channelID: 269",Edge_204c,MEL_Edge_204c.14,53.95599999999998
6.25,"channelID: 269",Edge_204c,MEL_Edge_204c.14,54.184
5.882352941176471,"channelID: 269",Edge_204c,MEL_Edge_204c.14,54.472
5.555555555555555,"channelID: 269",Edge_204c,MEL_Edge_204c.14,54.523999999999994
5.2631578947368425,"channelID: 269",Edge_204c,MEL_Edge_204c.14,54.52799999999999
5.0,"channelID: 269",Edge_204c,MEL_Edge_204c.14,54.699999999999996
4.761904761904762,"channelID: 269",Edge_204c,MEL_Edge_204c.14,54.75999999999999
4.545454545454546,"channelID: 269",Edge_204c,MEL_Edge_204c.14,54.80799999999999
4.3478260869565215,"channelID: 269",Edge_204c,MEL_Edge_204c.14,54.89199999999999
4.166666666666667,"channelID: 269",Edge_204c,MEL_Edge_204c.14,54.97199999999999
4.0,"channelID: 269",Edge_204c,MEL_Edge_204c.14,55.04399999999999
3.8461538461538463,"channelID: 269",Edge_204c,MEL_Edge_204c.14,55.05199999999998
3.7037037037037037,"channelID: 269",Edge_204c,MEL_Edge_204c.14,55.151999999999994
3.5714285714285716,"channelID: 269",Edge_204c,MEL_Edge_204c.14,55.23599999999999
3.7037037037037037,"channelID: 269",Edge_204c,MEL_Edge_204c.14,55.27094999999999
3.5714285714285716,"channelID: 269",Edge_204c,MEL_Edge_204c.14,55.28799999999999
3.4482758620689653,"channelID: 269",Edge_204c,MEL_Edge_204c.14,55.31199999999998
3.3333333333333335,"channelID: 269",Edge_204c,MEL_Edge_204c.14,55.395999999999994
3.225806451612903,"channelID: 269",Edge_204c,MEL_Edge_204c.14,55.40399999999999
3.125,"channelID: 269",Edge_204c,MEL_Edge_204c.14,55.41999999999998
3.0303030303030303,"channelID: 269",Edge_204c,MEL_Edge_204c.14,55.49199999999998
2.9411764705882355,"channelID: 269",Edge_204c,MEL_Edge_204c.14,55.50399999999999
2.857142857142857,"channelID: 269",Edge_204c,MEL_Edge_204c.14,55.53599999999999
2.7777777777777777,"channelID: 269",Edge_204c,MEL_Edge_204c.14,55.56399999999998
2.7027027027027026,"channelID: 269",Edge_204c,MEL_Edge_204c.14,55.57199999999998
2.6315789473684212,"channelID: 269",Edge_204c,MEL_Edge_204c.14,55.61599999999998
2.5641025641025643,"channelID: 269",Edge_204c,MEL_Edge_204c.14,55.61999999999998
2.5,"channelID: 269",Edge_204c,MEL_Edge_204c.14,55.63199999999998
2.380952380952381,"channelID: 269",Edge_204c,MEL_Edge_204c.14,55.65599999999997
2.272727272727273,"channelID: 269",Edge_204c,MEL_Edge_204c.14,55.67999999999998
2.1739130434782608,"channelID: 269",Edge_204c,MEL_Edge_204c.14,55.69199999999997
2.127659574468085,"channelID: 269",Edge_204c,MEL_Edge_204c.14,55.71599999999997
2.0833333333333335,"channelID: 269",Edge_204c,MEL_Edge_204c.14,55.78799999999998
2.0408163265306123,"channelID: 269",Edge_204c,MEL_Edge_204c.14,55.843999999999966
2.0,"channelID: 269",Edge_204c,MEL_Edge_204c.14,55.871999999999986
1.9607843137254901,"channelID: 269",Edge_204c,MEL_Edge_204c.14,55.89599999999999
1.9230769230769231,"channelID: 269",Edge_204c,MEL_Edge_204c.14,55.90799999999998
1.9607843137254901,"channelID: 269",Edge_204c,MEL_Edge_204c.14,56.36037999999998
2.0,"channelID: 269",Edge_204c,MEL_Edge_204c.14,65.97997
2.0408163265306123,"channelID: 269",Edge_204c,MEL_Edge_204c.14,70.71945
2.0833333333333335,"channelID: 269",Edge_204c,MEL_Edge_204c.14,74.05153
2.127659574468085,"channelID: 269",Edge_204c,MEL_Edge_204c.14,76.7716
2.1739130434782608,"channelID: 269",Edge_204c,MEL_Edge_204c.14,78.22188000000001
2.2222222222222223,"channelID: 269",Edge_204c,MEL_Edge_204c.14,78.91193000000001
2.272727272727273,"channelID: 269",Edge_204c,MEL_Edge_204c.14,80.97198
2.3255813953488373,"channelID: 269",Edge_204c,MEL_Edge_204c.14,82.32718
2.380952380952381,"channelID: 269",Edge_204c,MEL_Edge_204c.14,83.65631
7.6923076923076925,"channelID: 270",Edge_204c,MEL_Edge_204c.11,53.611999999999995
7.142857142857143,"channelID: 270",Edge_204c,MEL_Edge_204c.11,53.83599999999999
6.666666666666667,"channelID: 270",Edge_204c,MEL_Edge_204c.11,53.95599999999998
6.25,"channelID: 270",Edge_204c,MEL_Edge_204c.11,54.184
5.882352941176471,"channelID: 270",Edge_204c,MEL_Edge_204c.11,54.472
5.555555555555555,"channelID: 270",Edge_204c,MEL_Edge_204c.11,54.523999999999994
5.2631578947368425,"channelID: 270",Edge_204c,MEL_Edge_204c.11,54.52799999999999
5.0,"channelID: 270",Edge_204c,MEL_Edge_204c.11,54.699999999999996
4.761904761904762,"channelID: 270",Edge_204c,MEL_Edge_204c.11,54.75999999999999
4.545454545454546,"channelID: 270",Edge_204c,MEL_Edge_204c.11,54.80799999999999
4.3478260869565215,"channelID: 270",Edge_204c,MEL_Edge_204c.11,54.89199999999999
4.166666666666667,"channelID: 270",Edge_204c,MEL_Edge_204c.11,54.97199999999999
4.0,"channelID: 270",Edge_204c,MEL_Edge_204c.11,55.04399999999999
3.8461538461538463,"channelID: 270",Edge_204c,MEL_Edge_204c.11,55.05199999999998
3.7037037037037037,"channelID: 270",Edge_204c,MEL_Edge_204c.11,55.151999999999994
3.5714285714285716,"channelID: 270",Edge_204c,MEL_Edge_204c.11,55.23599999999999
3.7037037037037037,"channelID: 270",Edge_204c,MEL_Edge_204c.11,55.27094999999999
3.5714285714285716,"channelID: 270",Edge_204c,MEL_Edge_204c.11,55.28799999999999
3.4482758620689653,"channelID: 270",Edge_204c,MEL_Edge_204c.11,55.31199999999998
3.3333333333333335,"channelID: 270",Edge_204c,MEL_Edge_204c.11,55.395999999999994
3.225806451612903,"channelID: 270",Edge_204c,MEL_Edge_204c.11,55.40399999999999
3.125,"channelID: 270",Edge_204c,MEL_Edge_204c.11,55.41999999999998
3.0303030303030303,"channelID: 270",Edge_204c,MEL_Edge_204c.11,55.49199999999998
2.9411764705882355,"channelID: 270",Edge_204c,MEL_Edge_204c.11,55.50399999999999
2.857142857142857,"channelID: 270",Edge_204c,MEL_Edge_204c.11,55.53599999999999
2.7777777777777777,"channelID: 270",Edge_204c,MEL_Edge_204c.11,55.56399999999998
2.7027027027027026,"channelID: 270",Edge_204c,MEL_Edge_204c.11,55.57199999999998
2.6315789473684212,"channelID: 270",Edge_204c,MEL_Edge_204c.11,55.61599999999998
2.5641025641025643,"channelID: 270",Edge_204c,MEL_Edge_204c.11,55.61999999999998
2.5,"channelID: 270",Edge_204c,MEL_Edge_204c.11,55.63199999999998
2.380952380952381,"channelID: 270",Edge_204c,MEL_Edge_204c.11,55.65599999999997
2.272727272727273,"channelID: 270",Edge_204c,MEL_Edge_204c.11,55.67999999999998
2.1739130434782608,"channelID: 270",Edge_204c,MEL_Edge_204c.11,55.69199999999997
2.127659574468085,"channelID: 270",Edge_204c,MEL_Edge_204c.11,55.71599999999997
2.0833333333333335,"channelID: 270",Edge_204c,MEL_Edge_204c.11,55.78799999999998
2.0408163265306123,"channelID: 270",Edge_204c,MEL_Edge_204c.11,55.843999999999966
2.0,"channelID: 270",Edge_204c,MEL_Edge_204c.11,55.871999999999986
1.9607843137254901,"channelID: 270",Edge_204c,MEL_Edge_204c.11,55.89599999999999
1.9230769230769231,"channelID: 270",Edge_204c,MEL_Edge_204c.11,55.90799999999998
1.9607843137254901,"channelID: 270",Edge_204c,MEL_Edge_204c.11,56.36037999999998
2.0,"channelID: 270",Edge_204c,MEL_Edge_204c.11,65.97997
2.0408163265306123,"channelID: 270",Edge_204c,MEL_Edge_204c.11,70.71945
2.0833333333333335,"channelID: 270",Edge_204c,MEL_Edge_204c.11,74.05153
2.127659574468085,"channelID: 270",Edge_204c,MEL_Edge_204c.11,76.7716
2.1739130434782608,"channelID: 270",Edge_204c,MEL_Edge_204c.11,78.22188000000001
2.2222222222222223,"channelID: 270",Edge_204c,MEL_Edge_204c.11,78.91193000000001
2.272727272727273,"channelID: 270",Edge_204c,MEL_Edge_204c.11,80.97198
2.3255813953488373,"channelID: 270",Edge_204c,MEL_Edge_204c.11,82.32718
2.380952380952381,"channelID: 270",Edge_204c,MEL_Edge_204c.11,83.65631
2.4390243902439024,"channelID: 270",Edge_204c,MEL_Edge_204c.11,83.96900000000001
7.142857142857143,"channelID: 271",Edge_204c,MEL_Edge_204c.17,53.83599999999999
6.666666666666667,"channelID: 271",Edge_204c,MEL_Edge_204c.17,53.95599999999998
6.25,"channelID: 271",Edge_204c,MEL_Edge_204c.17,54.184
5.882352941176471,"channelID: 271",Edge_204c,MEL_Edge_204c.17,54.472
5.555555555555555,"channelID: 271",Edge_204c,MEL_Edge_204c.17,54.523999999999994
5.2631578947368425,"channelID: 271",Edge_204c,MEL_Edge_204c.17,54.52799999999999
5.0,"channelID: 271",Edge_204c,MEL_Edge_204c.17,54.699999999999996
4.761904761904762,"channelID: 271",Edge_204c,MEL_Edge_204c.17,54.75999999999999
4.545454545454546,"channelID: 271",Edge_204c,MEL_Edge_204c.17,54.80799999999999
4.3478260869565215,"channelID: 271",Edge_204c,MEL_Edge_204c.17,54.89199999999999
4.166666666666667,"channelID: 271",Edge_204c,MEL_Edge_204c.17,54.97199999999999
4.0,"channelID: 271",Edge_204c,MEL_Edge_204c.17,55.04399999999999
3.8461538461538463,"channelID: 271",Edge_204c,MEL_Edge_204c.17,55.05199999999998
3.7037037037037037,"channelID: 271",Edge_204c,MEL_Edge_204c.17,55.151999999999994
3.5714285714285716,"channelID: 271",Edge_204c,MEL_Edge_204c.17,55.23599999999999
3.7037037037037037,"channelID: 271",Edge_204c,MEL_Edge_204c.17,55.27094999999999
3.5714285714285716,"channelID: 271",Edge_204c,MEL_Edge_204c.17,55.28799999999999
3.4482758620689653,"channelID: 271",Edge_204c,MEL_Edge_204c.17,55.31199999999998
3.3333333333333335,"channelID: 271",Edge_204c,MEL_Edge_204c.17,55.395999999999994
3.225806451612903,"channelID: 271",Edge_204c,MEL_Edge_204c.17,55.40399999999999
3.125,"channelID: 271",Edge_204c,MEL_Edge_204c.17,55.41999999999998
3.0303030303030303,"channelID: 271",Edge_204c,MEL_Edge_204c.17,55.49199999999998
2.9411764705882355,"channelID: 271",Edge_204c,MEL_Edge_204c.17,55.50399999999999
2.857142857142857,"channelID: 271",Edge_204c,MEL_Edge_204c.17,55.53599999999999
2.7777777777777777,"channelID: 271",Edge_204c,MEL_Edge_204c.17,55.56399999999998
2.7027027027027026,"channelID: 271",Edge_204c,MEL_Edge_204c.17,55.57199999999998
2.6315789473684212,"channelID: 271",Edge_204c,MEL_Edge_204c.17,55.61599999999998
2.5641025641025643,"channelID: 271",Edge_204c,MEL_Edge_204c.17,55.61999999999998
2.5,"channelID: 271",Edge_204c,MEL_Edge_204c.17,55.63199999999998
2.380952380952381,"channelID: 271",Edge_204c,MEL_Edge_204c.17,55.65599999999997
2.272727272727273,"channelID: 271",Edge_204c,MEL_Edge_204c.17,55.67999999999998
2.1739130434782608,"channelID: 271",Edge_204c,MEL_Edge_204c.17,55.69199999999997
2.127659574468085,"channelID: 271",Edge_204c,MEL_Edge_204c.17,55.71599999999997
2.0833333333333335,"channelID: 271",Edge_204c,MEL_Edge_204c.17,55.78799999999998
2.0408163265306123,"channelID: 271",Edge_204c,MEL_Edge_204c.17,55.843999999999966
2.0,"channelID: 271",Edge_204c,MEL_Edge_204c.17,55.871999999999986
1.9607843137254901,"channelID: 271",Edge_204c,MEL_Edge_204c.17,55.89599999999999
1.9230769230769231,"channelID: 271",Edge_204c,MEL_Edge_204c.17,55.90799999999998
1.9607843137254901,"channelID: 271",Edge_204c,MEL_Edge_204c.17,56.36037999999998
2.0,"channelID: 271",Edge_204c,MEL_Edge_204c.17,65.97997
2.0408163265306123,"channelID: 271",Edge_204c,MEL_Edge_204c.17,70.71945
2.0833333333333335,"channelID: 271",Edge_204c,MEL_Edge_204c.17,74.05153
2.127659574468085,"channelID: 271",Edge_204c,MEL_Edge_204c.17,76.7716
2.1739130434782608,"channelID: 271",Edge_204c,MEL_Edge_204c.17,78.22188000000001
2.2222222222222223,"channelID: 271",Edge_204c,MEL_Edge_204c.17,78.91193000000001
2.272727272727273,"channelID: 271",Edge_204c,MEL_Edge_204c.17,80.97198
2.3255813953488373,"channelID: 271",Edge_204c,MEL_Edge_204c.17,82.32718
2.380952380952381,"channelID: 271",Edge_204c,MEL_Edge_204c.17,83.65631
2.4390243902439024,"channelID: 271",Edge_204c,MEL_Edge_204c.17,83.96900000000001
2.5,"channelID: 271",Edge_204c,MEL_Edge_204c.17,84.36533000000001
6.666666666666667,"channelID: 272",Edge_204c,MEL_Edge_204c.11,53.95599999999998
6.25,"channelID: 272",Edge_204c,MEL_Edge_204c.11,54.184
5.882352941176471,"channelID: 272",Edge_204c,MEL_Edge_204c.11,54.472
5.555555555555555,"channelID: 272",Edge_204c,MEL_Edge_204c.11,54.523999999999994
5.2631578947368425,"channelID: 272",Edge_204c,MEL_Edge_204c.11,54.52799999999999
5.0,"channelID: 272",Edge_204c,MEL_Edge_204c.11,54.699999999999996
4.761904761904762,"channelID: 272",Edge_204c,MEL_Edge_204c.11,54.75999999999999
4.545454545454546,"channelID: 272",Edge_204c,MEL_Edge_204c.11,54.80799999999999
4.3478260869565215,"channelID: 272",Edge_204c,MEL_Edge_204c.11,54.89199999999999
4.166666666666667,"channelID: 272",Edge_204c,MEL_Edge_204c.11,54.97199999999999
4.0,"channelID: 272",Edge_204c,MEL_Edge_204c.11,55.04399999999999
3.8461538461538463,"channelID: 272",Edge_204c,MEL_Edge_204c.11,55.05199999999998
3.7037037037037037,"channelID: 272",Edge_204c,MEL_Edge_204c.11,55.151999999999994
3.5714285714285716,"channelID: 272",Edge_204c,MEL_Edge_204c.11,55.23599999999999
3.7037037037037037,"channelID: 272",Edge_204c,MEL_Edge_204c.11,55.27094999999999
3.5714285714285716,"channelID: 272",Edge_204c,MEL_Edge_204c.11,55.28799999999999
3.4482758620689653,"channelID: 272",Edge_204c,MEL_Edge_204c.11,55.31199999999998
3.3333333333333335,"channelID: 272",Edge_204c,MEL_Edge_204c.11,55.395999999999994
3.225806451612903,"channelID: 272",Edge_204c,MEL_Edge_204c.11,55.40399999999999
3.125,"channelID: 272",Edge_204c,MEL_Edge_204c.11,55.41999999999998
3.0303030303030303,"channelID: 272",Edge_204c,MEL_Edge_204c.11,55.49199999999998
2.9411764705882355,"channelID: 272",Edge_204c,MEL_Edge_204c.11,55.50399999999999
2.857142857142857,"channelID: 272",Edge_204c,MEL_Edge_204c.11,55.53599999999999
2.7777777777777777,"channelID: 272",Edge_204c,MEL_Edge_204c.11,55.56399999999998
2.7027027027027026,"channelID: 272",Edge_204c,MEL_Edge_204c.11,55.57199999999998
2.6315789473684212,"channelID: 272",Edge_204c,MEL_Edge_204c.11,55.61599999999998
2.5641025641025643,"channelID: 272",Edge_204c,MEL_Edge_204c.11,55.61999999999998
2.5,"channelID: 272",Edge_204c,MEL_Edge_204c.11,55.63199999999998
2.380952380952381,"channelID: 272",Edge_204c,MEL_Edge_204c.11,55.65599999999997
2.272727272727273,"channelID: 272",Edge_204c,MEL_Edge_204c.11,55.67999999999998
2.1739130434782608,"channelID: 272",Edge_204c,MEL_Edge_204c.11,55.69199999999997
2.127659574468085,"channelID: 272",Edge_204c,MEL_Edge_204c.11,55.71599999999997
2.0833333333333335,"channelID: 272",Edge_204c,MEL_Edge_204c.11,55.78799999999998
2.0408163265306123,"channelID: 272",Edge_204c,MEL_Edge_204c.11,55.843999999999966
2.0,"channelID: 272",Edge_204c,MEL_Edge_204c.11,55.871999999999986
1.9607843137254901,"channelID: 272",Edge_204c,MEL_Edge_204c.11,55.89599999999999
1.9230769230769231,"channelID: 272",Edge_204c,MEL_Edge_204c.11,55.90799999999998
1.9607843137254901,"channelID: 272",Edge_204c,MEL_Edge_204c.11,56.36037999999998
2.0,"channelID: 272",Edge_204c,MEL_Edge_204c.11,65.97997
2.0408163265306123,"channelID: 272",Edge_204c,MEL_Edge_204c.11,70.71945
2.0833333333333335,"channelID: 272",Edge_204c,MEL_Edge_204c.11,74.05153
2.127659574468085,"channelID: 272",Edge_204c,MEL_Edge_204c.11,76.7716
2.1739130434782608,"channelID: 272",Edge_204c,MEL_Edge_204c.11,78.22188000000001
2.2222222222222223,"channelID: 272",Edge_204c,MEL_Edge_204c.11,78.91193000000001
2.272727272727273,"channelID: 272",Edge_204c,MEL_Edge_204c.11,80.97198
2.3255813953488373,"channelID: 272",Edge_204c,MEL_Edge_204c.11,82.32718
2.380952380952381,"channelID: 272",Edge_204c,MEL_Edge_204c.11,83.65631
2.4390243902439024,"channelID: 272",Edge_204c,MEL_Edge_204c.11,83.96900000000001
2.5,"channelID: 272",Edge_204c,MEL_Edge_204c.11,84.36533000000001
2.5641025641025643,"channelID: 272",Edge_204c,MEL_Edge_204c.11,85.05455000000002
8.333333333333334,"channelID: 306",Edge_9,MEL_Edge_9.1,55.623999999999995
6.666666666666667,"channelID: 306",Edge_9,MEL_Edge_9.1,58.156
5.555555555555555,"channelID: 306",Edge_9,MEL_Edge_9.1,59.196
4.545454545454546,"channelID: 306",Edge_9,MEL_Edge_9.1,59.756
4.0,"channelID: 306",Edge_9,MEL_Edge_9.1,60.072
3.7037037037037037,"channelID: 306",Edge_9,MEL_Edge_9.1,61.211999999999996
3.3333333333333335,"channelID: 306",Edge_9,MEL_Edge_9.1,61.27199999999999
3.0303030303030303,"channelID: 306",Edge_9,MEL_Edge_9.1,61.508
2.7777777777777777,"channelID: 306",Edge_9,MEL_Edge_9.1,62.072
2.7027027027027026,"channelID: 306",Edge_9,MEL_Edge_9.1,62.428
2.5641025641025643,"channelID: 306",Edge_9,MEL_Edge_9.1,62.544
2.4390243902439024,"channelID: 306",Edge_9,MEL_Edge_9.1,62.587999999999994
2.3255813953488373,"channelID: 306",Edge_9,MEL_Edge_9.1,62.60399999999999
2.272727272727273,"channelID: 306",Edge_9,MEL_Edge_9.1,62.82399999999999
2.127659574468085,"channelID: 306",Edge_9,MEL_Edge_9.1,62.931999999999995
2.0833333333333335,"channelID: 306",Edge_9,MEL_Edge_9.1,62.98399999999999
2.0408163265306123,"channelID: 306",Edge_9,MEL_Edge_9.1,63.03199999999999
1.9607843137254901,"channelID: 306",Edge_9,MEL_Edge_9.1,63.07199999999999
1.9230769230769231,"channelID: 306",Edge_9,MEL_Edge_9.1,63.087999999999994
1.8867924528301887,"channelID: 306",Edge_9,MEL_Edge_9.1,63.098
1.8181818181818181,"channelID: 306",Edge_9,MEL_Edge_9.1,63.438
1.7543859649122806,"channelID: 306",Edge_9,MEL_Edge_9.1,63.5
1.7241379310344827,"channelID: 306",Edge_9,MEL_Edge_9.1,63.86
1.694915254237288,"channelID: 306",Edge_9,MEL_Edge_9.1,63.988
1.6129032258064515,"channelID: 306",Edge_9,MEL_Edge_9.1,64.048
1.5384615384615385,"channelID: 306",Edge_9,MEL_Edge_9.1,64.22
1.5151515151515151,"channelID: 306",Edge_9,MEL_Edge_9.1,64.30799999999999
1.4492753623188406,"channelID: 306",Edge_9,MEL_Edge_9.1,64.402
1.4285714285714286,"channelID: 306",Edge_9,MEL_Edge_9.1,64.48400000000001
1.408450704225352,"channelID: 306",Edge_9,MEL_Edge_9.1,64.53
1.36986301369863,"channelID: 306",Edge_9,MEL_Edge_9.1,64.58800000000001
1.3157894736842106,"channelID: 306",Edge_9,MEL_Edge_9.1,64.604
1.2987012987012987,"channelID: 306",Edge_9,MEL_Edge_9.1,64.61800000000001
1.2820512820512822,"channelID: 306",Edge_9,MEL_Edge_9.1,64.64200000000001
1.25,"channelID: 306",Edge_9,MEL_Edge_9.1,64.66000000000001
1.2345679012345678,"channelID: 306",Edge_9,MEL_Edge_9.1,64.69200000000001
1.2195121951219512,"channelID: 306",Edge_9,MEL_Edge_9.1,64.74800000000002
1.1904761904761905,"channelID: 306",Edge_9,MEL_Edge_9.1,64.802
1.1764705882352942,"channelID: 306",Edge_9,MEL_Edge_9.1,64.836
1.1627906976744187,"channelID: 306",Edge_9,MEL_Edge_9.1,64.86000000000003
1.1363636363636365,"channelID: 306",Edge_9,MEL_Edge_9.1,64.878
1.1904761904761905,"channelID: 306",Edge_9,MEL_Edge_9.1,68.00725999999999
1.25,"channelID: 306",Edge_9,MEL_Edge_9.1,79.67422
8.333333333333334,"channelID: 309",Edge_9,MEL_Edge_9.1,55.623999999999995
6.666666666666667,"channelID: 309",Edge_9,MEL_Edge_9.1,58.156
5.555555555555555,"channelID: 309",Edge_9,MEL_Edge_9.1,59.196
4.545454545454546,"channelID: 309",Edge_9,MEL_Edge_9.1,59.756
4.0,"channelID: 309",Edge_9,MEL_Edge_9.1,60.072
3.7037037037037037,"channelID: 309",Edge_9,MEL_Edge_9.1,61.211999999999996
3.3333333333333335,"channelID: 309",Edge_9,MEL_Edge_9.1,61.27199999999999
3.0303030303030303,"channelID: 309",Edge_9,MEL_Edge_9.1,61.508
2.7777777777777777,"channelID: 309",Edge_9,MEL_Edge_9.1,62.072
2.7027027027027026,"channelID: 309",Edge_9,MEL_Edge_9.1,62.428
2.5641025641025643,"channelID: 309",Edge_9,MEL_Edge_9.1,62.544
2.4390243902439024,"channelID: 309",Edge_9,MEL_Edge_9.1,62.587999999999994
2.3255813953488373,"channelID: 309",Edge_9,MEL_Edge_9.1,62.60399999999999
2.272727272727273,"channelID: 309",Edge_9,MEL_Edge_9.1,62.82399999999999
2.127659574468085,"channelID: 309",Edge_9,MEL_Edge_9.1,62.931999999999995
2.0833333333333335,"channelID: 309",Edge_9,MEL_Edge_9.1,62.98399999999999
2.0408163265306123,"channelID: 309",Edge_9,MEL_Edge_9.1,63.03199999999999
1.9607843137254901,"channelID: 309",Edge_9,MEL_Edge_9.1,63.07199999999999
1.9230769230769231,"channelID: 309",Edge_9,MEL_Edge_9.1,63.087999999999994
1.8867924528301887,"channelID: 309",Edge_9,MEL_Edge_9.1,63.098
1.8181818181818181,"channelID: 309",Edge_9,MEL_Edge_9.1,63.438
1.7543859649122806,"channelID: 309",Edge_9,MEL_Edge_9.1,63.5
1.7241379310344827,"channelID: 309",Edge_9,MEL_Edge_9.1,63.86
1.694915254237288,"channelID: 309",Edge_9,MEL_Edge_9.1,63.988
1.6129032258064515,"channelID: 309",Edge_9,MEL_Edge_9.1,64.048
1.5384615384615385,"channelID: 309",Edge_9,MEL_Edge_9.1,64.22
1.5151515151515151,"channelID: 309",Edge_9,MEL_Edge_9.1,64.30799999999999
1.4492753623188406,"channelID: 309",Edge_9,MEL_Edge_9.1,64.402
1.4285714285714286,"channelID: 309",Edge_9,MEL_Edge_9.1,64.48400000000001
1.408450704225352,"channelID: 309",Edge_9,MEL_Edge_9.1,64.53
1.36986301369863,"channelID: 309",Edge_9,MEL_Edge_9.1,64.58800000000001
1.3157894736842106,"channelID: 309",Edge_9,MEL_Edge_9.1,64.604
1.2987012987012987,"channelID: 309",Edge_9,MEL_Edge_9.1,64.61800000000001
1.2820512820512822,"channelID: 309",Edge_9,MEL_Edge_9.1,64.64200000000001
1.25,"channelID: 309",Edge_9,MEL_Edge_9.1,64.66000000000001
1.2345679012345678,"channelID: 309",Edge_9,MEL_Edge_9.1,64.69200000000001
1.2195121951219512,"channelID: 309",Edge_9,MEL_Edge_9.1,64.74800000000002
1.1904761904761905,"channelID: 309",Edge_9,MEL_Edge_9.1,64.802
1.1764705882352942,"channelID: 309",Edge_9,MEL_Edge_9.1,64.836
1.1627906976744187,"channelID: 309",Edge_9,MEL_Edge_9.1,64.86000000000003
1.1363636363636365,"channelID: 309",Edge_9,MEL_Edge_9.1,64.878
1.1904761904761905,"channelID: 309",Edge_9,MEL_Edge_9.1,68.00725999999999
1.25,"channelID: 309",Edge_9,MEL_Edge_9.1,79.67422
1.2658227848101267,"channelID: 309",Edge_9,MEL_Edge_9.1,85.47502000000003
8.333333333333334,"channelID: 308",Edge_9,MEL_Edge_9.1,55.623999999999995
6.666666666666667,"channelID: 308",Edge_9,MEL_Edge_9.1,58.156
5.555555555555555,"channelID: 308",Edge_9,MEL_Edge_9.1,59.196
4.545454545454546,"channelID: 308",Edge_9,MEL_Edge_9.1,59.756
4.0,"channelID: 308",Edge_9,MEL_Edge_9.1,60.072
3.7037037037037037,"channelID: 308",Edge_9,MEL_Edge_9.1,61.211999999999996
3.3333333333333335,"channelID: 308",Edge_9,MEL_Edge_9.1,61.27199999999999
3.0303030303030303,"channelID: 308",Edge_9,MEL_Edge_9.1,61.508
2.7777777777777777,"channelID: 308",Edge_9,MEL_Edge_9.1,62.072
2.7027027027027026,"channelID: 308",Edge_9,MEL_Edge_9.1,62.428
2.5641025641025643,"channelID: 308",Edge_9,MEL_Edge_9.1,62.544
2.4390243902439024,"channelID: 308",Edge_9,MEL_Edge_9.1,62.587999999999994
2.3255813953488373,"channelID: 308",Edge_9,MEL_Edge_9.1,62.60399999999999
2.272727272727273,"channelID: 308",Edge_9,MEL_Edge_9.1,62.82399999999999
2.127659574468085,"channelID: 308",Edge_9,MEL_Edge_9.1,62.931999999999995
2.0833333333333335,"channelID: 308",Edge_9,MEL_Edge_9.1,62.98399999999999
2.0408163265306123,"channelID: 308",Edge_9,MEL_Edge_9.1,63.03199999999999
1.9607843137254901,"channelID: 308",Edge_9,MEL_Edge_9.1,63.07199999999999
1.9230769230769231,"channelID: 308",Edge_9,MEL_Edge_9.1,63.087999999999994
1.8867924528301887,"channelID: 308",Edge_9,MEL_Edge_9.1,63.098
1.8181818181818181,"channelID: 308",Edge_9,MEL_Edge_9.1,63.438
1.7543859649122806,"channelID: 308",Edge_9,MEL_Edge_9.1,63.5
1.7241379310344827,"channelID: 308",Edge_9,MEL_Edge_9.1,63.86
1.694915254237288,"channelID: 308",Edge_9,MEL_Edge_9.1,63.988
1.6129032258064515,"channelID: 308",Edge_9,MEL_Edge_9.1,64.048
1.5384615384615385,"channelID: 308",Edge_9,MEL_Edge_9.1,64.22
1.5151515151515151,"channelID: 308",Edge_9,MEL_Edge_9.1,64.30799999999999
1.4492753623188406,"channelID: 308",Edge_9,MEL_Edge_9.1,64.402
1.4285714285714286,"channelID: 308",Edge_9,MEL_Edge_9.1,64.48400000000001
1.408450704225352,"channelID: 308",Edge_9,MEL_Edge_9.1,64.53
1.36986301369863,"channelID: 308",Edge_9,MEL_Edge_9.1,64.58800000000001
1.3157894736842106,"channelID: 308",Edge_9,MEL_Edge_9.1,64.604
1.2987012987012987,"channelID: 308",Edge_9,MEL_Edge_9.1,64.61800000000001
1.2820512820512822,"channelID: 308",Edge_9,MEL_Edge_9.1,64.64200000000001
1.25,"channelID: 308",Edge_9,MEL_Edge_9.1,64.66000000000001
1.2345679012345678,"channelID: 308",Edge_9,MEL_Edge_9.1,64.69200000000001
1.2195121951219512,"channelID: 308",Edge_9,MEL_Edge_9.1,64.74800000000002
1.1904761904761905,"channelID: 308",Edge_9,MEL_Edge_9.1,64.802
1.1764705882352942,"channelID: 308",Edge_9,MEL_Edge_9.1,64.836
1.1627906976744187,"channelID: 308",Edge_9,MEL_Edge_9.1,64.86000000000003
1.1363636363636365,"channelID: 308",Edge_9,MEL_Edge_9.1,64.878
1.1904761904761905,"channelID: 308",Edge_9,MEL_Edge_9.1,68.00725999999999
1.25,"channelID: 308",Edge_9,MEL_Edge_9.1,79.67422
1.2820512820512822,"channelID: 308",Edge_9,MEL_Edge_9.1,85.47502000000003
8.333333333333334,"channelID: 307",Edge_9,MEL_Edge_9.1,55.623999999999995
6.666666666666667,"channelID: 307",Edge_9,MEL_Edge_9.1,58.156
5.555555555555555,"channelID: 307",Edge_9,MEL_Edge_9.1,59.196
4.545454545454546,"channelID: 307",Edge_9,MEL_Edge_9.1,59.756
4.0,"channelID: 307",Edge_9,MEL_Edge_9.1,60.072
3.7037037037037037,"channelID: 307",Edge_9,MEL_Edge_9.1,61.211999999999996
3.3333333333333335,"channelID: 307",Edge_9,MEL_Edge_9.1,61.27199999999999
3.0303030303030303,"channelID: 307",Edge_9,MEL_Edge_9.1,61.508
2.7777777777777777,"channelID: 307",Edge_9,MEL_Edge_9.1,62.072
2.7027027027027026,"channelID: 307",Edge_9,MEL_Edge_9.1,62.428
2.5641025641025643,"channelID: 307",Edge_9,MEL_Edge_9.1,62.544
2.4390243902439024,"channelID: 307",Edge_9,MEL_Edge_9.1,62.587999999999994
2.3255813953488373,"channelID: 307",Edge_9,MEL_Edge_9.1,62.60399999999999
2.272727272727273,"channelID: 307",Edge_9,MEL_Edge_9.1,62.82399999999999
2.127659574468085,"channelID: 307",Edge_9,MEL_Edge_9.1,62.931999999999995
2.0833333333333335,"channelID: 307",Edge_9,MEL_Edge_9.1,62.98399999999999
2.0408163265306123,"channelID: 307",Edge_9,MEL_Edge_9.1,63.03199999999999
1.9607843137254901,"channelID: 307",Edge_9,MEL_Edge_9.1,63.07199999999999
1.9230769230769231,"channelID: 307",Edge_9,MEL_Edge_9.1,63.087999999999994
1.8867924528301887,"channelID: 307",Edge_9,MEL_Edge_9.1,63.098
1.8181818181818181,"channelID: 307",Edge_9,MEL_Edge_9.1,63.438
1.7543859649122806,"channelID: 307",Edge_9,MEL_Edge_9.1,63.5
1.7241379310344827,"channelID: 307",Edge_9,MEL_Edge_9.1,63.86
1.694915254237288,"channelID: 307",Edge_9,MEL_Edge_9.1,63.988
1.6129032258064515,"channelID: 307",Edge_9,MEL_Edge_9.1,64.048
1.5384615384615385,"channelID: 307",Edge_9,MEL_Edge_9.1,64.22
1.5151515151515151,"channelID: 307",Edge_9,MEL_Edge_9.1,64.30799999999999
1.4492753623188406,"channelID: 307",Edge_9,MEL_Edge_9.1,64.402
1.4285714285714286,"channelID: 307",Edge_9,MEL_Edge_9.1,64.48400000000001
1.408450704225352,"channelID: 307",Edge_9,MEL_Edge_9.1,64.53
1.36986301369863,"channelID: 307",Edge_9,MEL_Edge_9.1,64.58800000000001
1.3157894736842106,"channelID: 307",Edge_9,MEL_Edge_9.1,64.604
1.2987012987012987,"channelID: 307",Edge_9,MEL_Edge_9.1,64.61800000000001
1.2820512820512822,"channelID: 307",Edge_9,MEL_Edge_9.1,64.64200000000001
1.25,"channelID: 307",Edge_9,MEL_Edge_9.1,64.66000000000001
1.2345679012345678,"channelID: 307",Edge_9,MEL_Edge_9.1,64.69200000000001
1.2195121951219512,"channelID: 307",Edge_9,MEL_Edge_9.1,64.74800000000002
1.1904761904761905,"channelID: 307",Edge_9,MEL_Edge_9.1,64.802
1.1764705882352942,"channelID: 307",Edge_9,MEL_Edge_9.1,64.836
1.1627906976744187,"channelID: 307",Edge_9,MEL_Edge_9.1,64.86000000000003
1.1363636363636365,"channelID: 307",Edge_9,MEL_Edge_9.1,64.878
1.1904761904761905,"channelID: 307",Edge_9,MEL_Edge_9.1,68.00725999999999
1.25,"channelID: 307",Edge_9,MEL_Edge_9.1,79.67422
1.2987012987012987,"channelID: 307",Edge_9,MEL_Edge_9.1,85.47502000000003
6.25,"channelID: 273",Edge_204c,MEL_Edge_204c.14,54.184
5.882352941176471,"channelID: 273",Edge_204c,MEL_Edge_204c.14,54.472
5.555555555555555,"channelID: 273",Edge_204c,MEL_Edge_204c.14,54.523999999999994
5.2631578947368425,"channelID: 273",Edge_204c,MEL_Edge_204c.14,54.52799999999999
5.0,"channelID: 273",Edge_204c,MEL_Edge_204c.14,54.699999999999996
4.761904761904762,"channelID: 273",Edge_204c,MEL_Edge_204c.14,54.75999999999999
4.545454545454546,"channelID: 273",Edge_204c,MEL_Edge_204c.14,54.80799999999999
4.3478260869565215,"channelID: 273",Edge_204c,MEL_Edge_204c.14,54.89199999999999
4.166666666666667,"channelID: 273",Edge_204c,MEL_Edge_204c.14,54.97199999999999
4.0,"channelID: 273",Edge_204c,MEL_Edge_204c.14,55.04399999999999
3.8461538461538463,"channelID: 273",Edge_204c,MEL_Edge_204c.14,55.05199999999998
3.7037037037037037,"channelID: 273",Edge_204c,MEL_Edge_204c.14,55.151999999999994
3.5714285714285716,"channelID: 273",Edge_204c,MEL_Edge_204c.14,55.23599999999999
3.7037037037037037,"channelID: 273",Edge_204c,MEL_Edge_204c.14,55.27094999999999
3.5714285714285716,"channelID: 273",Edge_204c,MEL_Edge_204c.14,55.28799999999999
3.4482758620689653,"channelID: 273",Edge_204c,MEL_Edge_204c.14,55.31199999999998
3.3333333333333335,"channelID: 273",Edge_204c,MEL_Edge_204c.14,55.395999999999994
3.225806451612903,"channelID: 273",Edge_204c,MEL_Edge_204c.14,55.40399999999999
3.125,"channelID: 273",Edge_204c,MEL_Edge_204c.14,55.41999999999998
3.0303030303030303,"channelID: 273",Edge_204c,MEL_Edge_204c.14,55.49199999999998
2.9411764705882355,"channelID: 273",Edge_204c,MEL_Edge_204c.14,55.50399999999999
2.857142857142857,"channelID: 273",Edge_204c,MEL_Edge_204c.14,55.53599999999999
2.7777777777777777,"channelID: 273",Edge_204c,MEL_Edge_204c.14,55.56399999999998
2.7027027027027026,"channelID: 273",Edge_204c,MEL_Edge_204c.14,55.57199999999998
2.6315789473684212,"channelID: 273",Edge_204c,MEL_Edge_204c.14,55.61599999999998
2.5641025641025643,"channelID: 273",Edge_204c,MEL_Edge_204c.14,55.61999999999998
2.5,"channelID: 273",Edge_204c,MEL_Edge_204c.14,55.63199999999998
2.380952380952381,"channelID: 273",Edge_204c,MEL_Edge_204c.14,55.65599999999997
2.272727272727273,"channelID: 273",Edge_204c,MEL_Edge_204c.14,55.67999999999998
2.1739130434782608,"channelID: 273",Edge_204c,MEL_Edge_204c.14,55.69199999999997
2.127659574468085,"channelID: 273",Edge_204c,MEL_Edge_204c.14,55.71599999999997
2.0833333333333335,"channelID: 273",Edge_204c,MEL_Edge_204c.14,55.78799999999998
2.0408163265306123,"channelID: 273",Edge_204c,MEL_Edge_204c.14,55.843999999999966
2.0,"channelID: 273",Edge_204c,MEL_Edge_204c.14,55.871999999999986
1.9607843137254901,"channelID: 273",Edge_204c,MEL_Edge_204c.14,55.89599999999999
1.9230769230769231,"channelID: 273",Edge_204c,MEL_Edge_204c.14,55.90799999999998
1.9607843137254901,"channelID: 273",Edge_204c,MEL_Edge_204c.14,56.36037999999998
2.0,"channelID: 273",Edge_204c,MEL_Edge_204c.14,65.97997
2.0408163265306123,"channelID: 273",Edge_204c,MEL_Edge_204c.14,70.71945
2.0833333333333335,"channelID: 273",Edge_204c,MEL_Edge_204c.14,74.05153
2.127659574468085,"channelID: 273",Edge_204c,MEL_Edge_204c.14,76.7716
2.1739130434782608,"channelID: 273",Edge_204c,MEL_Edge_204c.14,78.22188000000001
2.2222222222222223,"channelID: 273",Edge_204c,MEL_Edge_204c.14,78.91193000000001
2.272727272727273,"channelID: 273",Edge_204c,MEL_Edge_204c.14,80.97198
2.3255813953488373,"channelID: 273",Edge_204c,MEL_Edge_204c.14,82.32718
2.380952380952381,"channelID: 273",Edge_204c,MEL_Edge_204c.14,83.65631
2.4390243902439024,"channelID: 273",Edge_204c,MEL_Edge_204c.14,83.96900000000001
2.5,"channelID: 273",Edge_204c,MEL_Edge_204c.14,84.36533000000001
2.5641025641025643,"channelID: 273",Edge_204c,MEL_Edge_204c.14,85.05455000000002
2.6315789473684212,"channelID: 273",Edge_204c,MEL_Edge_204c.14,85.38882000000002
5.882352941176471,"channelID: 278",Edge_204c,MEL_Edge_204c.14,54.472
5.555555555555555,"channelID: 278",Edge_204c,MEL_Edge_204c.14,54.523999999999994
5.2631578947368425,"channelID: 278",Edge_204c,MEL_Edge_204c.14,54.52799999999999
5.0,"channelID: 278",Edge_204c,MEL_Edge_204c.14,54.699999999999996
4.761904761904762,"channelID: 278",Edge_204c,MEL_Edge_204c.14,54.75999999999999
4.545454545454546,"channelID: 278",Edge_204c,MEL_Edge_204c.14,54.80799999999999
4.3478260869565215,"channelID: 278",Edge_204c,MEL_Edge_204c.14,54.89199999999999
4.166666666666667,"channelID: 278",Edge_204c,MEL_Edge_204c.14,54.97199999999999
4.0,"channelID: 278",Edge_204c,MEL_Edge_204c.14,55.04399999999999
3.8461538461538463,"channelID: 278",Edge_204c,MEL_Edge_204c.14,55.05199999999998
3.7037037037037037,"channelID: 278",Edge_204c,MEL_Edge_204c.14,55.151999999999994
3.5714285714285716,"channelID: 278",Edge_204c,MEL_Edge_204c.14,55.23599999999999
3.7037037037037037,"channelID: 278",Edge_204c,MEL_Edge_204c.14,55.27094999999999
3.5714285714285716,"channelID: 278",Edge_204c,MEL_Edge_204c.14,55.28799999999999
3.4482758620689653,"channelID: 278",Edge_204c,MEL_Edge_204c.14,55.31199999999998
3.3333333333333335,"channelID: 278",Edge_204c,MEL_Edge_204c.14,55.395999999999994
3.225806451612903,"channelID: 278",Edge_204c,MEL_Edge_204c.14,55.40399999999999
3.125,"channelID: 278",Edge_204c,MEL_Edge_204c.14,55.41999999999998
3.0303030303030303,"channelID: 278",Edge_204c,MEL_Edge_204c.14,55.49199999999998
2.9411764705882355,"channelID: 278",Edge_204c,MEL_Edge_204c.14,55.50399999999999
2.857142857142857,"channelID: 278",Edge_204c,MEL_Edge_204c.14,55.53599999999999
2.7777777777777777,"channelID: 278",Edge_204c,MEL_Edge_204c.14,55.56399999999998
2.7027027027027026,"channelID: 278",Edge_204c,MEL_Edge_204c.14,55.57199999999998
2.6315789473684212,"channelID: 278",Edge_204c,MEL_Edge_204c.14,55.61599999999998
2.5641025641025643,"channelID: 278",Edge_204c,MEL_Edge_204c.14,55.61999999999998
2.5,"channelID: 278",Edge_204c,MEL_Edge_204c.14,55.63199999999998
2.380952380952381,"channelID: 278",Edge_204c,MEL_Edge_204c.14,55.65599999999997
2.272727272727273,"channelID: 278",Edge_204c,MEL_Edge_204c.14,55.67999999999998
2.1739130434782608,"channelID: 278",Edge_204c,MEL_Edge_204c.14,55.69199999999997
2.127659574468085,"channelID: 278",Edge_204c,MEL_Edge_204c.14,55.71599999999997
2.0833333333333335,"channelID: 278",Edge_204c,MEL_Edge_204c.14,55.78799999999998
2.0408163265306123,"channelID: 278",Edge_204c,MEL_Edge_204c.14,55.843999999999966
2.0,"channelID: 278",Edge_204c,MEL_Edge_204c.14,55.871999999999986
1.9607843137254901,"channelID: 278",Edge_204c,MEL_Edge_204c.14,55.89599999999999
1.9230769230769231,"channelID: 278",Edge_204c,MEL_Edge_204c.14,55.90799999999998
1.9607843137254901,"channelID: 278",Edge_204c,MEL_Edge_204c.14,56.36037999999998
2.0,"channelID: 278",Edge_204c,MEL_Edge_204c.14,65.97997
2.0408163265306123,"channelID: 278",Edge_204c,MEL_Edge_204c.14,70.71945
2.0833333333333335,"channelID: 278",Edge_204c,MEL_Edge_204c.14,74.05153
2.127659574468085,"channelID: 278",Edge_204c,MEL_Edge_204c.14,76.7716
2.1739130434782608,"channelID: 278",Edge_204c,MEL_Edge_204c.14,78.22188000000001
2.2222222222222223,"channelID: 278",Edge_204c,MEL_Edge_204c.14,78.91193000000001
2.272727272727273,"channelID: 278",Edge_204c,MEL_Edge_204c.14,80.97198
2.3255813953488373,"channelID: 278",Edge_204c,MEL_Edge_204c.14,82.32718
2.380952380952381,"channelID: 278",Edge_204c,MEL_Edge_204c.14,83.65631
2.4390243902439024,"channelID: 278",Edge_204c,MEL_Edge_204c.14,83.96900000000001
2.5,"channelID: 278",Edge_204c,MEL_Edge_204c.14,84.36533000000001
2.5641025641025643,"channelID: 278",Edge_204c,MEL_Edge_204c.14,85.05455000000002
2.6315789473684212,"channelID: 278",Edge_204c,MEL_Edge_204c.14,85.38882000000002
2.7027027027027026,"channelID: 278",Edge_204c,MEL_Edge_204c.14,85.96643000000003
5.555555555555555,"channelID: 279",Edge_204c,MEL_Edge_204c.11,54.523999999999994
5.2631578947368425,"channelID: 279",Edge_204c,MEL_Edge_204c.11,54.52799999999999
5.0,"channelID: 279",Edge_204c,MEL_Edge_204c.11,54.699999999999996
4.761904761904762,"channelID: 279",Edge_204c,MEL_Edge_204c.11,54.75999999999999
4.545454545454546,"channelID: 279",Edge_204c,MEL_Edge_204c.11,54.80799999999999
4.3478260869565215,"channelID: 279",Edge_204c,MEL_Edge_204c.11,54.89199999999999
4.166666666666667,"channelID: 279",Edge_204c,MEL_Edge_204c.11,54.97199999999999
4.0,"channelID: 279",Edge_204c,MEL_Edge_204c.11,55.04399999999999
3.8461538461538463,"channelID: 279",Edge_204c,MEL_Edge_204c.11,55.05199999999998
3.7037037037037037,"channelID: 279",Edge_204c,MEL_Edge_204c.11,55.151999999999994
3.5714285714285716,"channelID: 279",Edge_204c,MEL_Edge_204c.11,55.23599999999999
3.7037037037037037,"channelID: 279",Edge_204c,MEL_Edge_204c.11,55.27094999999999
3.5714285714285716,"channelID: 279",Edge_204c,MEL_Edge_204c.11,55.28799999999999
3.4482758620689653,"channelID: 279",Edge_204c,MEL_Edge_204c.11,55.31199999999998
3.3333333333333335,"channelID: 279",Edge_204c,MEL_Edge_204c.11,55.395999999999994
3.225806451612903,"channelID: 279",Edge_204c,MEL_Edge_204c.11,55.40399999999999
3.125,"channelID: 279",Edge_204c,MEL_Edge_204c.11,55.41999999999998
3.0303030303030303,"channelID: 279",Edge_204c,MEL_Edge_204c.11,55.49199999999998
2.9411764705882355,"channelID: 279",Edge_204c,MEL_Edge_204c.11,55.50399999999999
2.857142857142857,"channelID: 279",Edge_204c,MEL_Edge_204c.11,55.53599999999999
2.7777777777777777,"channelID: 279",Edge_204c,MEL_Edge_204c.11,55.56399999999998
2.7027027027027026,"channelID: 279",Edge_204c,MEL_Edge_204c.11,55.57199999999998
2.6315789473684212,"channelID: 279",Edge_204c,MEL_Edge_204c.11,55.61599999999998
2.5641025641025643,"channelID: 279",Edge_204c,MEL_Edge_204c.11,55.61999999999998
2.5,"channelID: 279",Edge_204c,MEL_Edge_204c.11,55.63199999999998
2.380952380952381,"channelID: 279",Edge_204c,MEL_Edge_204c.11,55.65599999999997
2.272727272727273,"channelID: 279",Edge_204c,MEL_Edge_204c.11,55.67999999999998
2.1739130434782608,"channelID: 279",Edge_204c,MEL_Edge_204c.11,55.69199999999997
2.127659574468085,"channelID: 279",Edge_204c,MEL_Edge_204c.11,55.71599999999997
2.0833333333333335,"channelID: 279",Edge_204c,MEL_Edge_204c.11,55.78799999999998
2.0408163265306123,"channelID: 279",Edge_204c,MEL_Edge_204c.11,55.843999999999966
2.0,"channelID: 279",Edge_204c,MEL_Edge_204c.11,55.871999999999986
1.9607843137254901,"channelID: 279",Edge_204c,MEL_Edge_204c.11,55.89599999999999
1.9230769230769231,"channelID: 279",Edge_204c,MEL_Edge_204c.11,55.90799999999998
1.9607843137254901,"channelID: 279",Edge_204c,MEL_Edge_204c.11,56.36037999999998
2.0,"channelID: 279",Edge_204c,MEL_Edge_204c.11,65.97997
2.0408163265306123,"channelID: 279",Edge_204c,MEL_Edge_204c.11,70.71945
2.0833333333333335,"channelID: 279",Edge_204c,MEL_Edge_204c.11,74.05153
2.127659574468085,"channelID: 279",Edge_204c,MEL_Edge_204c.11,76.7716
2.1739130434782608,"channelID: 279",Edge_204c,MEL_Edge_204c.11,78.22188000000001
2.2222222222222223,"channelID: 279",Edge_204c,MEL_Edge_204c.11,78.91193000000001
2.272727272727273,"channelID: 279",Edge_204c,MEL_Edge_204c.11,80.97198
2.3255813953488373,"channelID: 279",Edge_204c,MEL_Edge_204c.11,82.32718
2.380952380952381,"channelID: 279",Edge_204c,MEL_Edge_204c.11,83.65631
2.4390243902439024,"channelID: 279",Edge_204c,MEL_Edge_204c.11,83.96900000000001
2.5,"channelID: 279",Edge_204c,MEL_Edge_204c.11,84.36533000000001
2.5641025641025643,"channelID: 279",Edge_204c,MEL_Edge_204c.11,85.05455000000002
2.6315789473684212,"channelID: 279",Edge_204c,MEL_Edge_204c.11,85.38882000000002
2.7027027027027026,"channelID: 279",Edge_204c,MEL_Edge_204c.11,85.96643000000003
2.7777777777777777,"channelID: 279",Edge_204c,MEL_Edge_204c.11,86.63245000000003
5.2631578947368425,"channelID: 280",Edge_204c,MEL_Edge_204c.17,54.52799999999999
5.0,"channelID: 280",Edge_204c,MEL_Edge_204c.17,54.699999999999996
4.761904761904762,"channelID: 280",Edge_204c,MEL_Edge_204c.17,54.75999999999999
4.545454545454546,"channelID: 280",Edge_204c,MEL_Edge_204c.17,54.80799999999999
4.3478260869565215,"channelID: 280",Edge_204c,MEL_Edge_204c.17,54.89199999999999
4.166666666666667,"channelID: 280",Edge_204c,MEL_Edge_204c.17,54.97199999999999
4.0,"channelID: 280",Edge_204c,MEL_Edge_204c.17,55.04399999999999
3.8461538461538463,"channelID: 280",Edge_204c,MEL_Edge_204c.17,55.05199999999998
3.7037037037037037,"channelID: 280",Edge_204c,MEL_Edge_204c.17,55.151999999999994
3.5714285714285716,"channelID: 280",Edge_204c,MEL_Edge_204c.17,55.23599999999999
3.7037037037037037,"channelID: 280",Edge_204c,MEL_Edge_204c.17,55.27094999999999
3.5714285714285716,"channelID: 280",Edge_204c,MEL_Edge_204c.17,55.28799999999999
3.4482758620689653,"channelID: 280",Edge_204c,MEL_Edge_204c.17,55.31199999999998
3.3333333333333335,"channelID: 280",Edge_204c,MEL_Edge_204c.17,55.395999999999994
3.225806451612903,"channelID: 280",Edge_204c,MEL_Edge_204c.17,55.40399999999999
3.125,"channelID: 280",Edge_204c,MEL_Edge_204c.17,55.41999999999998
3.0303030303030303,"channelID: 280",Edge_204c,MEL_Edge_204c.17,55.49199999999998
2.9411764705882355,"channelID: 280",Edge_204c,MEL_Edge_204c.17,55.50399999999999
2.857142857142857,"channelID: 280",Edge_204c,MEL_Edge_204c.17,55.53599999999999
2.7777777777777777,"channelID: 280",Edge_204c,MEL_Edge_204c.17,55.56399999999998
2.7027027027027026,"channelID: 280",Edge_204c,MEL_Edge_204c.17,55.57199999999998
2.6315789473684212,"channelID: 280",Edge_204c,MEL_Edge_204c.17,55.61599999999998
2.5641025641025643,"channelID: 280",Edge_204c,MEL_Edge_204c.17,55.61999999999998
2.5,"channelID: 280",Edge_204c,MEL_Edge_204c.17,55.63199999999998
2.380952380952381,"channelID: 280",Edge_204c,MEL_Edge_204c.17,55.65599999999997
2.272727272727273,"channelID: 280",Edge_204c,MEL_Edge_204c.17,55.67999999999998
2.1739130434782608,"channelID: 280",Edge_204c,MEL_Edge_204c.17,55.69199999999997
2.127659574468085,"channelID: 280",Edge_204c,MEL_Edge_204c.17,55.71599999999997
2.0833333333333335,"channelID: 280",Edge_204c,MEL_Edge_204c.17,55.78799999999998
2.0408163265306123,"channelID: 280",Edge_204c,MEL_Edge_204c.17,55.843999999999966
2.0,"channelID: 280",Edge_204c,MEL_Edge_204c.17,55.871999999999986
1.9607843137254901,"channelID: 280",Edge_204c,MEL_Edge_204c.17,55.89599999999999
1.9230769230769231,"channelID: 280",Edge_204c,MEL_Edge_204c.17,55.90799999999998
1.9607843137254901,"channelID: 280",Edge_204c,MEL_Edge_204c.17,56.36037999999998
2.0,"channelID: 280",Edge_204c,MEL_Edge_204c.17,65.97997
2.0408163265306123,"channelID: 280",Edge_204c,MEL_Edge_204c.17,70.71945
2.0833333333333335,"channelID: 280",Edge_204c,MEL_Edge_204c.17,74.05153
2.127659574468085,"channelID: 280",Edge_204c,MEL_Edge_204c.17,76.7716
2.1739130434782608,"channelID: 280",Edge_204c,MEL_Edge_204c.17,78.22188000000001
2.2222222222222223,"channelID: 280",Edge_204c,MEL_Edge_204c.17,78.91193000000001
2.272727272727273,"channelID: 280",Edge_204c,MEL_Edge_204c.17,80.97198
2.3255813953488373,"channelID: 280",Edge_204c,MEL_Edge_204c.17,82.32718
2.380952380952381,"channelID: 280",Edge_204c,MEL_Edge_204c.17,83.65631
2.4390243902439024,"channelID: 280",Edge_204c,MEL_Edge_204c.17,83.96900000000001
2.5,"channelID: 280",Edge_204c,MEL_Edge_204c.17,84.36533000000001
2.5641025641025643,"channelID: 280",Edge_204c,MEL_Edge_204c.17,85.05455000000002
2.6315789473684212,"channelID: 280",Edge_204c,MEL_Edge_204c.17,85.38882000000002
2.7027027027027026,"channelID: 280",Edge_204c,MEL_Edge_204c.17,85.96643000000003
2.7777777777777777,"channelID: 280",Edge_204c,MEL_Edge_204c.17,86.63245000000003
2.857142857142857,"channelID: 280",Edge_204c,MEL_Edge_204c.17,86.74255000000004
5.0,"channelID: 281",Edge_204c,MEL_Edge_204c.14,54.699999999999996
4.761904761904762,"channelID: 281",Edge_204c,MEL_Edge_204c.14,54.75999999999999
4.545454545454546,"channelID: 281",Edge_204c,MEL_Edge_204c.14,54.80799999999999
4.3478260869565215,"channelID: 281",Edge_204c,MEL_Edge_204c.14,54.89199999999999
4.166666666666667,"channelID: 281",Edge_204c,MEL_Edge_204c.14,54.97199999999999
4.0,"channelID: 281",Edge_204c,MEL_Edge_204c.14,55.04399999999999
3.8461538461538463,"channelID: 281",Edge_204c,MEL_Edge_204c.14,55.05199999999998
3.7037037037037037,"channelID: 281",Edge_204c,MEL_Edge_204c.14,55.151999999999994
3.5714285714285716,"channelID: 281",Edge_204c,MEL_Edge_204c.14,55.23599999999999
3.7037037037037037,"channelID: 281",Edge_204c,MEL_Edge_204c.14,55.27094999999999
3.5714285714285716,"channelID: 281",Edge_204c,MEL_Edge_204c.14,55.28799999999999
3.4482758620689653,"channelID: 281",Edge_204c,MEL_Edge_204c.14,55.31199999999998
3.3333333333333335,"channelID: 281",Edge_204c,MEL_Edge_204c.14,55.395999999999994
3.225806451612903,"channelID: 281",Edge_204c,MEL_Edge_204c.14,55.40399999999999
3.125,"channelID: 281",Edge_204c,MEL_Edge_204c.14,55.41999999999998
3.0303030303030303,"channelID: 281",Edge_204c,MEL_Edge_204c.14,55.49199999999998
2.9411764705882355,"channelID: 281",Edge_204c,MEL_Edge_204c.14,55.50399999999999
2.857142857142857,"channelID: 281",Edge_204c,MEL_Edge_204c.14,55.53599999999999
2.7777777777777777,"channelID: 281",Edge_204c,MEL_Edge_204c.14,55.56399999999998
2.7027027027027026,"channelID: 281",Edge_204c,MEL_Edge_204c.14,55.57199999999998
2.6315789473684212,"channelID: 281",Edge_204c,MEL_Edge_204c.14,55.61599999999998
2.5641025641025643,"channelID: 281",Edge_204c,MEL_Edge_204c.14,55.61999999999998
2.5,"channelID: 281",Edge_204c,MEL_Edge_204c.14,55.63199999999998
2.380952380952381,"channelID: 281",Edge_204c,MEL_Edge_204c.14,55.65599999999997
2.272727272727273,"channelID: 281",Edge_204c,MEL_Edge_204c.14,55.67999999999998
2.1739130434782608,"channelID: 281",Edge_204c,MEL_Edge_204c.14,55.69199999999997
2.127659574468085,"channelID: 281",Edge_204c,MEL_Edge_204c.14,55.71599999999997
2.0833333333333335,"channelID: 281",Edge_204c,MEL_Edge_204c.14,55.78799999999998
2.0408163265306123,"channelID: 281",Edge_204c,MEL_Edge_204c.14,55.843999999999966
2.0,"channelID: 281",Edge_204c,MEL_Edge_204c.14,55.871999999999986
1.9607843137254901,"channelID: 281",Edge_204c,MEL_Edge_204c.14,55.89599999999999
1.9230769230769231,"channelID: 281",Edge_204c,MEL_Edge_204c.14,55.90799999999998
1.9607843137254901,"channelID: 281",Edge_204c,MEL_Edge_204c.14,56.36037999999998
2.0,"channelID: 281",Edge_204c,MEL_Edge_204c.14,65.97997
2.0408163265306123,"channelID: 281",Edge_204c,MEL_Edge_204c.14,70.71945
2.0833333333333335,"channelID: 281",Edge_204c,MEL_Edge_204c.14,74.05153
2.127659574468085,"channelID: 281",Edge_204c,MEL_Edge_204c.14,76.7716
2.1739130434782608,"channelID: 281",Edge_204c,MEL_Edge_204c.14,78.22188000000001
2.2222222222222223,"channelID: 281",Edge_204c,MEL_Edge_204c.14,78.91193000000001
2.272727272727273,"channelID: 281",Edge_204c,MEL_Edge_204c.14,80.97198
2.3255813953488373,"channelID: 281",Edge_204c,MEL_Edge_204c.14,82.32718
2.380952380952381,"channelID: 281",Edge_204c,MEL_Edge_204c.14,83.65631
2.4390243902439024,"channelID: 281",Edge_204c,MEL_Edge_204c.14,83.96900000000001
2.5,"channelID: 281",Edge_204c,MEL_Edge_204c.14,84.36533000000001
2.5641025641025643,"channelID: 281",Edge_204c,MEL_Edge_204c.14,85.05455000000002
2.6315789473684212,"channelID: 281",Edge_204c,MEL_Edge_204c.14,85.38882000000002
2.7027027027027026,"channelID: 281",Edge_204c,MEL_Edge_204c.14,85.96643000000003
2.7777777777777777,"channelID: 281",Edge_204c,MEL_Edge_204c.14,86.63245000000003
2.857142857142857,"channelID: 281",Edge_204c,MEL_Edge_204c.14,86.74255000000004
2.9411764705882355,"channelID: 281",Edge_204c,MEL_Edge_204c.14,86.75032000000003
4.761904761904762,"channelID: 282",Edge_204c,MEL_Edge_204c.11,54.75999999999999
4.545454545454546,"channelID: 282",Edge_204c,MEL_Edge_204c.11,54.80799999999999
4.3478260869565215,"channelID: 282",Edge_204c,MEL_Edge_204c.11,54.89199999999999
4.166666666666667,"channelID: 282",Edge_204c,MEL_Edge_204c.11,54.97199999999999
4.0,"channelID: 282",Edge_204c,MEL_Edge_204c.11,55.04399999999999
3.8461538461538463,"channelID: 282",Edge_204c,MEL_Edge_204c.11,55.05199999999998
3.7037037037037037,"channelID: 282",Edge_204c,MEL_Edge_204c.11,55.151999999999994
3.5714285714285716,"channelID: 282",Edge_204c,MEL_Edge_204c.11,55.23599999999999
3.7037037037037037,"channelID: 282",Edge_204c,MEL_Edge_204c.11,55.27094999999999
3.5714285714285716,"channelID: 282",Edge_204c,MEL_Edge_204c.11,55.28799999999999
3.4482758620689653,"channelID: 282",Edge_204c,MEL_Edge_204c.11,55.31199999999998
3.3333333333333335,"channelID: 282",Edge_204c,MEL_Edge_204c.11,55.395999999999994
3.225806451612903,"channelID: 282",Edge_204c,MEL_Edge_204c.11,55.40399999999999
3.125,"channelID: 282",Edge_204c,MEL_Edge_204c.11,55.41999999999998
3.0303030303030303,"channelID: 282",Edge_204c,MEL_Edge_204c.11,55.49199999999998
2.9411764705882355,"channelID: 282",Edge_204c,MEL_Edge_204c.11,55.50399999999999
2.857142857142857,"channelID: 282",Edge_204c,MEL_Edge_204c.11,55.53599999999999
2.7777777777777777,"channelID: 282",Edge_204c,MEL_Edge_204c.11,55.56399999999998
2.7027027027027026,"channelID: 282",Edge_204c,MEL_Edge_204c.11,55.57199999999998
2.6315789473684212,"channelID: 282",Edge_204c,MEL_Edge_204c.11,55.61599999999998
2.5641025641025643,"channelID: 282",Edge_204c,MEL_Edge_204c.11,55.61999999999998
2.5,"channelID: 282",Edge_204c,MEL_Edge_204c.11,55.63199999999998
2.380952380952381,"channelID: 282",Edge_204c,MEL_Edge_204c.11,55.65599999999997
2.272727272727273,"channelID: 282",Edge_204c,MEL_Edge_204c.11,55.67999999999998
2.1739130434782608,"channelID: 282",Edge_204c,MEL_Edge_204c.11,55.69199999999997
2.127659574468085,"channelID: 282",Edge_204c,MEL_Edge_204c.11,55.71599999999997
2.0833333333333335,"channelID: 282",Edge_204c,MEL_Edge_204c.11,55.78799999999998
2.0408163265306123,"channelID: 282",Edge_204c,MEL_Edge_204c.11,55.843999999999966
2.0,"channelID: 282",Edge_204c,MEL_Edge_204c.11,55.871999999999986
1.9607843137254901,"channelID: 282",Edge_204c,MEL_Edge_204c.11,55.89599999999999
1.9230769230769231,"channelID: 282",Edge_204c,MEL_Edge_204c.11,55.90799999999998
1.9607843137254901,"channelID: 282",Edge_204c,MEL_Edge_204c.11,56.36037999999998
2.0,"channelID: 282",Edge_204c,MEL_Edge_204c.11,65.97997
2.0408163265306123,"channelID: 282",Edge_204c,MEL_Edge_204c.11,70.71945
2.0833333333333335,"channelID: 282",Edge_204c,MEL_Edge_204c.11,74.05153
2.127659574468085,"channelID: 282",Edge_204c,MEL_Edge_204c.11,76.7716
2.1739130434782608,"channelID: 282",Edge_204c,MEL_Edge_204c.11,78.22188000000001
2.2222222222222223,"channelID: 282",Edge_204c,MEL_Edge_204c.11,78.91193000000001
2.272727272727273,"channelID: 282",Edge_204c,MEL_Edge_204c.11,80.97198
2.3255813953488373,"channelID: 282",Edge_204c,MEL_Edge_204c.11,82.32718
2.380952380952381,"channelID: 282",Edge_204c,MEL_Edge_204c.11,83.65631
2.4390243902439024,"channelID: 282",Edge_204c,MEL_Edge_204c.11,83.96900000000001
2.5,"channelID: 282",Edge_204c,MEL_Edge_204c.11,84.36533000000001
2.5641025641025643,"channelID: 282",Edge_204c,MEL_Edge_204c.11,85.05455000000002
2.6315789473684212,"channelID: 282",Edge_204c,MEL_Edge_204c.11,85.38882000000002
2.7027027027027026,"channelID: 282",Edge_204c,MEL_Edge_204c.11,85.96643000000003
2.7777777777777777,"channelID: 282",Edge_204c,MEL_Edge_204c.11,86.63245000000003
2.857142857142857,"channelID: 282",Edge_204c,MEL_Edge_204c.11,86.74255000000004
2.9411764705882355,"channelID: 282",Edge_204c,MEL_Edge_204c.11,86.75032000000003
3.0303030303030303,"channelID: 282",Edge_204c,MEL_Edge_204c.11,87.05813000000003
4.545454545454546,"channelID: 283",Edge_204c,MEL_Edge_204c.17,54.80799999999999
4.3478260869565215,"channelID: 283",Edge_204c,MEL_Edge_204c.17,54.89199999999999
4.166666666666667,"channelID: 283",Edge_204c,MEL_Edge_204c.17,54.97199999999999
4.0,"channelID: 283",Edge_204c,MEL_Edge_204c.17,55.04399999999999
3.8461538461538463,"channelID: 283",Edge_204c,MEL_Edge_204c.17,55.05199999999998
3.7037037037037037,"channelID: 283",Edge_204c,MEL_Edge_204c.17,55.151999999999994
3.5714285714285716,"channelID: 283",Edge_204c,MEL_Edge_204c.17,55.23599999999999
3.7037037037037037,"channelID: 283",Edge_204c,MEL_Edge_204c.17,55.27094999999999
3.5714285714285716,"channelID: 283",Edge_204c,MEL_Edge_204c.17,55.28799999999999
3.4482758620689653,"channelID: 283",Edge_204c,MEL_Edge_204c.17,55.31199999999998
3.3333333333333335,"channelID: 283",Edge_204c,MEL_Edge_204c.17,55.395999999999994
3.225806451612903,"channelID: 283",Edge_204c,MEL_Edge_204c.17,55.40399999999999
3.125,"channelID: 283",Edge_204c,MEL_Edge_204c.17,55.41999999999998
3.0303030303030303,"channelID: 283",Edge_204c,MEL_Edge_204c.17,55.49199999999998
2.9411764705882355,"channelID: 283",Edge_204c,MEL_Edge_204c.17,55.50399999999999
2.857142857142857,"channelID: 283",Edge_204c,MEL_Edge_204c.17,55.53599999999999
2.7777777777777777,"channelID: 283",Edge_204c,MEL_Edge_204c.17,55.56399999999998
2.7027027027027026,"channelID: 283",Edge_204c,MEL_Edge_204c.17,55.57199999999998
2.6315789473684212,"channelID: 283",Edge_204c,MEL_Edge_204c.17,55.61599999999998
2.5641025641025643,"channelID: 283",Edge_204c,MEL_Edge_204c.17,55.61999999999998
2.5,"channelID: 283",Edge_204c,MEL_Edge_204c.17,55.63199999999998
2.380952380952381,"channelID: 283",Edge_204c,MEL_Edge_204c.17,55.65599999999997
2.272727272727273,"channelID: 283",Edge_204c,MEL_Edge_204c.17,55.67999999999998
2.1739130434782608,"channelID: 283",Edge_204c,MEL_Edge_204c.17,55.69199999999997
2.127659574468085,"channelID: 283",Edge_204c,MEL_Edge_204c.17,55.71599999999997
2.0833333333333335,"channelID: 283",Edge_204c,MEL_Edge_204c.17,55.78799999999998
2.0408163265306123,"channelID: 283",Edge_204c,MEL_Edge_204c.17,55.843999999999966
2.0,"channelID: 283",Edge_204c,MEL_Edge_204c.17,55.871999999999986
1.9607843137254901,"channelID: 283",Edge_204c,MEL_Edge_204c.17,55.89599999999999
1.9230769230769231,"channelID: 283",Edge_204c,MEL_Edge_204c.17,55.90799999999998
1.9607843137254901,"channelID: 283",Edge_204c,MEL_Edge_204c.17,56.36037999999998
2.0,"channelID: 283",Edge_204c,MEL_Edge_204c.17,65.97997
2.0408163265306123,"channelID: 283",Edge_204c,MEL_Edge_204c.17,70.71945
2.0833333333333335,"channelID: 283",Edge_204c,MEL_Edge_204c.17,74.05153
2.127659574468085,"channelID: 283",Edge_204c,MEL_Edge_204c.17,76.7716
2.1739130434782608,"channelID: 283",Edge_204c,MEL_Edge_204c.17,78.22188000000001
2.2222222222222223,"channelID: 283",Edge_204c,MEL_Edge_204c.17,78.91193000000001
2.272727272727273,"channelID: 283",Edge_204c,MEL_Edge_204c.17,80.97198
2.3255813953488373,"channelID: 283",Edge_204c,MEL_Edge_204c.17,82.32718
2.380952380952381,"channelID: 283",Edge_204c,MEL_Edge_204c.17,83.65631
2.4390243902439024,"channelID: 283",Edge_204c,MEL_Edge_204c.17,83.96900000000001
2.5,"channelID: 283",Edge_204c,MEL_Edge_204c.17,84.36533000000001
2.5641025641025643,"channelID: 283",Edge_204c,MEL_Edge_204c.17,85.05455000000002
2.6315789473684212,"channelID: 283",Edge_204c,MEL_Edge_204c.17,85.38882000000002
2.7027027027027026,"channelID: 283",Edge_204c,MEL_Edge_204c.17,85.96643000000003
2.7777777777777777,"channelID: 283",Edge_204c,MEL_Edge_204c.17,86.63245000000003
2.857142857142857,"channelID: 283",Edge_204c,MEL_Edge_204c.17,86.74255000000004
2.9411764705882355,"channelID: 283",Edge_204c,MEL_Edge_204c.17,86.75032000000003
3.0303030303030303,"channelID: 283",Edge_204c,MEL_Edge_204c.17,87.05813000000003
3.125,"channelID: 283",Edge_204c,MEL_Edge_204c.17,87.15712000000003
4.3478260869565215,"channelID: 284",Edge_204c,MEL_Edge_204c.14,54.89199999999999
4.166666666666667,"channelID: 284",Edge_204c,MEL_Edge_204c.14,54.97199999999999
4.0,"channelID: 284",Edge_204c,MEL_Edge_204c.14,55.04399999999999
3.8461538461538463,"channelID: 284",Edge_204c,MEL_Edge_204c.14,55.05199999999998
3.7037037037037037,"channelID: 284",Edge_204c,MEL_Edge_204c.14,55.151999999999994
3.5714285714285716,"channelID: 284",Edge_204c,MEL_Edge_204c.14,55.23599999999999
3.7037037037037037,"channelID: 284",Edge_204c,MEL_Edge_204c.14,55.27094999999999
3.5714285714285716,"channelID: 284",Edge_204c,MEL_Edge_204c.14,55.28799999999999
3.4482758620689653,"channelID: 284",Edge_204c,MEL_Edge_204c.14,55.31199999999998
3.3333333333333335,"channelID: 284",Edge_204c,MEL_Edge_204c.14,55.395999999999994
3.225806451612903,"channelID: 284",Edge_204c,MEL_Edge_204c.14,55.40399999999999
3.125,"channelID: 284",Edge_204c,MEL_Edge_204c.14,55.41999999999998
3.0303030303030303,"channelID: 284",Edge_204c,MEL_Edge_204c.14,55.49199999999998
2.9411764705882355,"channelID: 284",Edge_204c,MEL_Edge_204c.14,55.50399999999999
2.857142857142857,"channelID: 284",Edge_204c,MEL_Edge_204c.14,55.53599999999999
2.7777777777777777,"channelID: 284",Edge_204c,MEL_Edge_204c.14,55.56399999999998
2.7027027027027026,"channelID: 284",Edge_204c,MEL_Edge_204c.14,55.57199999999998
2.6315789473684212,"channelID: 284",Edge_204c,MEL_Edge_204c.14,55.61599999999998
2.5641025641025643,"channelID: 284",Edge_204c,MEL_Edge_204c.14,55.61999999999998
2.5,"channelID: 284",Edge_204c,MEL_Edge_204c.14,55.63199999999998
2.380952380952381,"channelID: 284",Edge_204c,MEL_Edge_204c.14,55.65599999999997
2.272727272727273,"channelID: 284",Edge_204c,MEL_Edge_204c.14,55.67999999999998
2.1739130434782608,"channelID: 284",Edge_204c,MEL_Edge_204c.14,55.69199999999997
2.127659574468085,"channelID: 284",Edge_204c,MEL_Edge_204c.14,55.71599999999997
2.0833333333333335,"channelID: 284",Edge_204c,MEL_Edge_204c.14,55.78799999999998
2.0408163265306123,"channelID: 284",Edge_204c,MEL_Edge_204c.14,55.843999999999966
2.0,"channelID: 284",Edge_204c,MEL_Edge_204c.14,55.871999999999986
1.9607843137254901,"channelID: 284",Edge_204c,MEL_Edge_204c.14,55.89599999999999
1.9230769230769231,"channelID: 284",Edge_204c,MEL_Edge_204c.14,55.90799999999998
1.9607843137254901,"channelID: 284",Edge_204c,MEL_Edge_204c.14,56.36037999999998
2.0,"channelID: 284",Edge_204c,MEL_Edge_204c.14,65.97997
2.0408163265306123,"channelID: 284",Edge_204c,MEL_Edge_204c.14,70.71945
2.0833333333333335,"channelID: 284",Edge_204c,MEL_Edge_204c.14,74.05153
2.127659574468085,"channelID: 284",Edge_204c,MEL_Edge_204c.14,76.7716
2.1739130434782608,"channelID: 284",Edge_204c,MEL_Edge_204c.14,78.22188000000001
2.2222222222222223,"channelID: 284",Edge_204c,MEL_Edge_204c.14,78.91193000000001
2.272727272727273,"channelID: 284",Edge_204c,MEL_Edge_204c.14,80.97198
2.3255813953488373,"channelID: 284",Edge_204c,MEL_Edge_204c.14,82.32718
2.380952380952381,"channelID: 284",Edge_204c,MEL_Edge_204c.14,83.65631
2.4390243902439024,"channelID: 284",Edge_204c,MEL_Edge_204c.14,83.96900000000001
2.5,"channelID: 284",Edge_204c,MEL_Edge_204c.14,84.36533000000001
2.5641025641025643,"channelID: 284",Edge_204c,MEL_Edge_204c.14,85.05455000000002
2.6315789473684212,"channelID: 284",Edge_204c,MEL_Edge_204c.14,85.38882000000002
2.7027027027027026,"channelID: 284",Edge_204c,MEL_Edge_204c.14,85.96643000000003
2.7777777777777777,"channelID: 284",Edge_204c,MEL_Edge_204c.14,86.63245000000003
2.857142857142857,"channelID: 284",Edge_204c,MEL_Edge_204c.14,86.74255000000004
2.9411764705882355,"channelID: 284",Edge_204c,MEL_Edge_204c.14,86.75032000000003
3.0303030303030303,"channelID: 284",Edge_204c,MEL_Edge_204c.14,87.05813000000003
3.125,"channelID: 284",Edge_204c,MEL_Edge_204c.14,87.15712000000003
3.225806451612903,"channelID: 284",Edge_204c,MEL_Edge_204c.14,87.23026000000003
4.166666666666667,"channelID: 285",Edge_204c,MEL_Edge_204c.11,54.97199999999999
4.0,"channelID: 285",Edge_204c,MEL_Edge_204c.11,55.04399999999999
3.8461538461538463,"channelID: 285",Edge_204c,MEL_Edge_204c.11,55.05199999999998
3.7037037037037037,"channelID: 285",Edge_204c,MEL_Edge_204c.11,55.151999999999994
3.5714285714285716,"channelID: 285",Edge_204c,MEL_Edge_204c.11,55.23599999999999
3.7037037037037037,"channelID: 285",Edge_204c,MEL_Edge_204c.11,55.27094999999999
3.5714285714285716,"channelID: 285",Edge_204c,MEL_Edge_204c.11,55.28799999999999
3.4482758620689653,"channelID: 285",Edge_204c,MEL_Edge_204c.11,55.31199999999998
3.3333333333333335,"channelID: 285",Edge_204c,MEL_Edge_204c.11,55.395999999999994
3.225806451612903,"channelID: 285",Edge_204c,MEL_Edge_204c.11,55.40399999999999
3.125,"channelID: 285",Edge_204c,MEL_Edge_204c.11,55.41999999999998
3.0303030303030303,"channelID: 285",Edge_204c,MEL_Edge_204c.11,55.49199999999998
2.9411764705882355,"channelID: 285",Edge_204c,MEL_Edge_204c.11,55.50399999999999
2.857142857142857,"channelID: 285",Edge_204c,MEL_Edge_204c.11,55.53599999999999
2.7777777777777777,"channelID: 285",Edge_204c,MEL_Edge_204c.11,55.56399999999998
2.7027027027027026,"channelID: 285",Edge_204c,MEL_Edge_204c.11,55.57199999999998
2.6315789473684212,"channelID: 285",Edge_204c,MEL_Edge_204c.11,55.61599999999998
2.5641025641025643,"channelID: 285",Edge_204c,MEL_Edge_204c.11,55.61999999999998
2.5,"channelID: 285",Edge_204c,MEL_Edge_204c.11,55.63199999999998
2.380952380952381,"channelID: 285",Edge_204c,MEL_Edge_204c.11,55.65599999999997
2.272727272727273,"channelID: 285",Edge_204c,MEL_Edge_204c.11,55.67999999999998
2.1739130434782608,"channelID: 285",Edge_204c,MEL_Edge_204c.11,55.69199999999997
2.127659574468085,"channelID: 285",Edge_204c,MEL_Edge_204c.11,55.71599999999997
2.0833333333333335,"channelID: 285",Edge_204c,MEL_Edge_204c.11,55.78799999999998
2.0408163265306123,"channelID: 285",Edge_204c,MEL_Edge_204c.11,55.843999999999966
2.0,"channelID: 285",Edge_204c,MEL_Edge_204c.11,55.871999999999986
1.9607843137254901,"channelID: 285",Edge_204c,MEL_Edge_204c.11,55.89599999999999
1.9230769230769231,"channelID: 285",Edge_204c,MEL_Edge_204c.11,55.90799999999998
1.9607843137254901,"channelID: 285",Edge_204c,MEL_Edge_204c.11,56.36037999999998
2.0,"channelID: 285",Edge_204c,MEL_Edge_204c.11,65.97997
2.0408163265306123,"channelID: 285",Edge_204c,MEL_Edge_204c.11,70.71945
2.0833333333333335,"channelID: 285",Edge_204c,MEL_Edge_204c.11,74.05153
2.127659574468085,"channelID: 285",Edge_204c,MEL_Edge_204c.11,76.7716
2.1739130434782608,"channelID: 285",Edge_204c,MEL_Edge_204c.11,78.22188000000001
2.2222222222222223,"channelID: 285",Edge_204c,MEL_Edge_204c.11,78.91193000000001
2.272727272727273,"channelID: 285",Edge_204c,MEL_Edge_204c.11,80.97198
2.3255813953488373,"channelID: 285",Edge_204c,MEL_Edge_204c.11,82.32718
2.380952380952381,"channelID: 285",Edge_204c,MEL_Edge_204c.11,83.65631
2.4390243902439024,"channelID: 285",Edge_204c,MEL_Edge_204c.11,83.96900000000001
2.5,"channelID: 285",Edge_204c,MEL_Edge_204c.11,84.36533000000001
2.5641025641025643,"channelID: 285",Edge_204c,MEL_Edge_204c.11,85.05455000000002
2.6315789473684212,"channelID: 285",Edge_204c,MEL_Edge_204c.11,85.38882000000002
2.7027027027027026,"channelID: 285",Edge_204c,MEL_Edge_204c.11,85.96643000000003
2.7777777777777777,"channelID: 285",Edge_204c,MEL_Edge_204c.11,86.63245000000003
2.857142857142857,"channelID: 285",Edge_204c,MEL_Edge_204c.11,86.74255000000004
2.9411764705882355,"channelID: 285",Edge_204c,MEL_Edge_204c.11,86.75032000000003
3.0303030303030303,"channelID: 285",Edge_204c,MEL_Edge_204c.11,87.05813000000003
3.125,"channelID: 285",Edge_204c,MEL_Edge_204c.11,87.15712000000003
3.225806451612903,"channelID: 285",Edge_204c,MEL_Edge_204c.11,87.23026000000003
3.3333333333333335,"channelID: 285",Edge_204c,MEL_Edge_204c.11,87.34863000000003
4.0,"channelID: 286",Edge_204c,MEL_Edge_204c.17,55.04399999999999
3.8461538461538463,"channelID: 286",Edge_204c,MEL_Edge_204c.17,55.05199999999998
3.7037037037037037,"channelID: 286",Edge_204c,MEL_Edge_204c.17,55.151999999999994
3.5714285714285716,"channelID: 286",Edge_204c,MEL_Edge_204c.17,55.23599999999999
3.7037037037037037,"channelID: 286",Edge_204c,MEL_Edge_204c.17,55.27094999999999
3.5714285714285716,"channelID: 286",Edge_204c,MEL_Edge_204c.17,55.28799999999999
3.4482758620689653,"channelID: 286",Edge_204c,MEL_Edge_204c.17,55.31199999999998
3.3333333333333335,"channelID: 286",Edge_204c,MEL_Edge_204c.17,55.395999999999994
3.225806451612903,"channelID: 286",Edge_204c,MEL_Edge_204c.17,55.40399999999999
3.125,"channelID: 286",Edge_204c,MEL_Edge_204c.17,55.41999999999998
3.0303030303030303,"channelID: 286",Edge_204c,MEL_Edge_204c.17,55.49199999999998
2.9411764705882355,"channelID: 286",Edge_204c,MEL_Edge_204c.17,55.50399999999999
2.857142857142857,"channelID: 286",Edge_204c,MEL_Edge_204c.17,55.53599999999999
2.7777777777777777,"channelID: 286",Edge_204c,MEL_Edge_204c.17,55.56399999999998
2.7027027027027026,"channelID: 286",Edge_204c,MEL_Edge_204c.17,55.57199999999998
2.6315789473684212,"channelID: 286",Edge_204c,MEL_Edge_204c.17,55.61599999999998
2.5641025641025643,"channelID: 286",Edge_204c,MEL_Edge_204c.17,55.61999999999998
2.5,"channelID: 286",Edge_204c,MEL_Edge_204c.17,55.63199999999998
2.380952380952381,"channelID: 286",Edge_204c,MEL_Edge_204c.17,55.65599999999997
2.272727272727273,"channelID: 286",Edge_204c,MEL_Edge_204c.17,55.67999999999998
2.1739130434782608,"channelID: 286",Edge_204c,MEL_Edge_204c.17,55.69199999999997
2.127659574468085,"channelID: 286",Edge_204c,MEL_Edge_204c.17,55.71599999999997
2.0833333333333335,"channelID: 286",Edge_204c,MEL_Edge_204c.17,55.78799999999998
2.0408163265306123,"channelID: 286",Edge_204c,MEL_Edge_204c.17,55.843999999999966
2.0,"channelID: 286",Edge_204c,MEL_Edge_204c.17,55.871999999999986
1.9607843137254901,"channelID: 286",Edge_204c,MEL_Edge_204c.17,55.89599999999999
1.9230769230769231,"channelID: 286",Edge_204c,MEL_Edge_204c.17,55.90799999999998
1.9607843137254901,"channelID: 286",Edge_204c,MEL_Edge_204c.17,56.36037999999998
2.0,"channelID: 286",Edge_204c,MEL_Edge_204c.17,65.97997
2.0408163265306123,"channelID: 286",Edge_204c,MEL_Edge_204c.17,70.71945
2.0833333333333335,"channelID: 286",Edge_204c,MEL_Edge_204c.17,74.05153
2.127659574468085,"channelID: 286",Edge_204c,MEL_Edge_204c.17,76.7716
2.1739130434782608,"channelID: 286",Edge_204c,MEL_Edge_204c.17,78.22188000000001
2.2222222222222223,"channelID: 286",Edge_204c,MEL_Edge_204c.17,78.91193000000001
2.272727272727273,"channelID: 286",Edge_204c,MEL_Edge_204c.17,80.97198
2.3255813953488373,"channelID: 286",Edge_204c,MEL_Edge_204c.17,82.32718
2.380952380952381,"channelID: 286",Edge_204c,MEL_Edge_204c.17,83.65631
2.4390243902439024,"channelID: 286",Edge_204c,MEL_Edge_204c.17,83.96900000000001
2.5,"channelID: 286",Edge_204c,MEL_Edge_204c.17,84.36533000000001
2.5641025641025643,"channelID: 286",Edge_204c,MEL_Edge_204c.17,85.05455000000002
2.6315789473684212,"channelID: 286",Edge_204c,MEL_Edge_204c.17,85.38882000000002
2.7027027027027026,"channelID: 286",Edge_204c,MEL_Edge_204c.17,85.96643000000003
2.7777777777777777,"channelID: 286",Edge_204c,MEL_Edge_204c.17,86.63245000000003
2.857142857142857,"channelID: 286",Edge_204c,MEL_Edge_204c.17,86.74255000000004
2.9411764705882355,"channelID: 286",Edge_204c,MEL_Edge_204c.17,86.75032000000003
3.0303030303030303,"channelID: 286",Edge_204c,MEL_Edge_204c.17,87.05813000000003
3.125,"channelID: 286",Edge_204c,MEL_Edge_204c.17,87.15712000000003
3.225806451612903,"channelID: 286",Edge_204c,MEL_Edge_204c.17,87.23026000000003
3.3333333333333335,"channelID: 286",Edge_204c,MEL_Edge_204c.17,87.34863000000003
3.4482758620689653,"channelID: 286",Edge_204c,MEL_Edge_204c.17,87.45298000000003
3.8461538461538463,"channelID: 291",Edge_204c,MEL_Edge_204c.14,55.05199999999998
3.7037037037037037,"channelID: 291",Edge_204c,MEL_Edge_204c.14,55.151999999999994
3.5714285714285716,"channelID: 291",Edge_204c,MEL_Edge_204c.14,55.23599999999999
3.7037037037037037,"channelID: 291",Edge_204c,MEL_Edge_204c.14,55.27094999999999
3.5714285714285716,"channelID: 291",Edge_204c,MEL_Edge_204c.14,55.28799999999999
3.4482758620689653,"channelID: 291",Edge_204c,MEL_Edge_204c.14,55.31199999999998
3.3333333333333335,"channelID: 291",Edge_204c,MEL_Edge_204c.14,55.395999999999994
3.225806451612903,"channelID: 291",Edge_204c,MEL_Edge_204c.14,55.40399999999999
3.125,"channelID: 291",Edge_204c,MEL_Edge_204c.14,55.41999999999998
3.0303030303030303,"channelID: 291",Edge_204c,MEL_Edge_204c.14,55.49199999999998
2.9411764705882355,"channelID: 291",Edge_204c,MEL_Edge_204c.14,55.50399999999999
2.857142857142857,"channelID: 291",Edge_204c,MEL_Edge_204c.14,55.53599999999999
2.7777777777777777,"channelID: 291",Edge_204c,MEL_Edge_204c.14,55.56399999999998
2.7027027027027026,"channelID: 291",Edge_204c,MEL_Edge_204c.14,55.57199999999998
2.6315789473684212,"channelID: 291",Edge_204c,MEL_Edge_204c.14,55.61599999999998
2.5641025641025643,"channelID: 291",Edge_204c,MEL_Edge_204c.14,55.61999999999998
2.5,"channelID: 291",Edge_204c,MEL_Edge_204c.14,55.63199999999998
2.380952380952381,"channelID: 291",Edge_204c,MEL_Edge_204c.14,55.65599999999997
2.272727272727273,"channelID: 291",Edge_204c,MEL_Edge_204c.14,55.67999999999998
2.1739130434782608,"channelID: 291",Edge_204c,MEL_Edge_204c.14,55.69199999999997
2.127659574468085,"channelID: 291",Edge_204c,MEL_Edge_204c.14,55.71599999999997
2.0833333333333335,"channelID: 291",Edge_204c,MEL_Edge_204c.14,55.78799999999998
2.0408163265306123,"channelID: 291",Edge_204c,MEL_Edge_204c.14,55.843999999999966
2.0,"channelID: 291",Edge_204c,MEL_Edge_204c.14,55.871999999999986
1.9607843137254901,"channelID: 291",Edge_204c,MEL_Edge_204c.14,55.89599999999999
1.9230769230769231,"channelID: 291",Edge_204c,MEL_Edge_204c.14,55.90799999999998
1.9607843137254901,"channelID: 291",Edge_204c,MEL_Edge_204c.14,56.36037999999998
2.0,"channelID: 291",Edge_204c,MEL_Edge_204c.14,65.97997
2.0408163265306123,"channelID: 291",Edge_204c,MEL_Edge_204c.14,70.71945
2.0833333333333335,"channelID: 291",Edge_204c,MEL_Edge_204c.14,74.05153
2.127659574468085,"channelID: 291",Edge_204c,MEL_Edge_204c.14,76.7716
2.1739130434782608,"channelID: 291",Edge_204c,MEL_Edge_204c.14,78.22188000000001
2.2222222222222223,"channelID: 291",Edge_204c,MEL_Edge_204c.14,78.91193000000001
2.272727272727273,"channelID: 291",Edge_204c,MEL_Edge_204c.14,80.97198
2.3255813953488373,"channelID: 291",Edge_204c,MEL_Edge_204c.14,82.32718
2.380952380952381,"channelID: 291",Edge_204c,MEL_Edge_204c.14,83.65631
2.4390243902439024,"channelID: 291",Edge_204c,MEL_Edge_204c.14,83.96900000000001
2.5,"channelID: 291",Edge_204c,MEL_Edge_204c.14,84.36533000000001
2.5641025641025643,"channelID: 291",Edge_204c,MEL_Edge_204c.14,85.05455000000002
2.6315789473684212,"channelID: 291",Edge_204c,MEL_Edge_204c.14,85.38882000000002
2.7027027027027026,"channelID: 291",Edge_204c,MEL_Edge_204c.14,85.96643000000003
2.7777777777777777,"channelID: 291",Edge_204c,MEL_Edge_204c.14,86.63245000000003
2.857142857142857,"channelID: 291",Edge_204c,MEL_Edge_204c.14,86.74255000000004
2.9411764705882355,"channelID: 291",Edge_204c,MEL_Edge_204c.14,86.75032000000003
3.0303030303030303,"channelID: 291",Edge_204c,MEL_Edge_204c.14,87.05813000000003
3.125,"channelID: 291",Edge_204c,MEL_Edge_204c.14,87.15712000000003
3.225806451612903,"channelID: 291",Edge_204c,MEL_Edge_204c.14,87.23026000000003
3.3333333333333335,"channelID: 291",Edge_204c,MEL_Edge_204c.14,87.34863000000003
3.4482758620689653,"channelID: 291",Edge_204c,MEL_Edge_204c.14,87.45298000000003
3.5714285714285716,"channelID: 291",Edge_204c,MEL_Edge_204c.14,87.53999000000003
3.7037037037037037,"channelID: 292",Edge_204c,MEL_Edge_204c.11,55.151999999999994
3.5714285714285716,"channelID: 292",Edge_204c,MEL_Edge_204c.11,55.23599999999999
3.7037037037037037,"channelID: 292",Edge_204c,MEL_Edge_204c.11,55.27094999999999
3.5714285714285716,"channelID: 292",Edge_204c,MEL_Edge_204c.11,55.28799999999999
3.4482758620689653,"channelID: 292",Edge_204c,MEL_Edge_204c.11,55.31199999999998
3.3333333333333335,"channelID: 292",Edge_204c,MEL_Edge_204c.11,55.395999999999994
3.225806451612903,"channelID: 292",Edge_204c,MEL_Edge_204c.11,55.40399999999999
3.125,"channelID: 292",Edge_204c,MEL_Edge_204c.11,55.41999999999998
3.0303030303030303,"channelID: 292",Edge_204c,MEL_Edge_204c.11,55.49199999999998
2.9411764705882355,"channelID: 292",Edge_204c,MEL_Edge_204c.11,55.50399999999999
2.857142857142857,"channelID: 292",Edge_204c,MEL_Edge_204c.11,55.53599999999999
2.7777777777777777,"channelID: 292",Edge_204c,MEL_Edge_204c.11,55.56399999999998
2.7027027027027026,"channelID: 292",Edge_204c,MEL_Edge_204c.11,55.57199999999998
2.6315789473684212,"channelID: 292",Edge_204c,MEL_Edge_204c.11,55.61599999999998
2.5641025641025643,"channelID: 292",Edge_204c,MEL_Edge_204c.11,55.61999999999998
2.5,"channelID: 292",Edge_204c,MEL_Edge_204c.11,55.63199999999998
2.380952380952381,"channelID: 292",Edge_204c,MEL_Edge_204c.11,55.65599999999997
2.272727272727273,"channelID: 292",Edge_204c,MEL_Edge_204c.11,55.67999999999998
2.1739130434782608,"channelID: 292",Edge_204c,MEL_Edge_204c.11,55.69199999999997
2.127659574468085,"channelID: 292",Edge_204c,MEL_Edge_204c.11,55.71599999999997
2.0833333333333335,"channelID: 292",Edge_204c,MEL_Edge_204c.11,55.78799999999998
2.0408163265306123,"channelID: 292",Edge_204c,MEL_Edge_204c.11,55.843999999999966
2.0,"channelID: 292",Edge_204c,MEL_Edge_204c.11,55.871999999999986
1.9607843137254901,"channelID: 292",Edge_204c,MEL_Edge_204c.11,55.89599999999999
1.9230769230769231,"channelID: 292",Edge_204c,MEL_Edge_204c.11,55.90799999999998
1.9607843137254901,"channelID: 292",Edge_204c,MEL_Edge_204c.11,56.36037999999998
2.0,"channelID: 292",Edge_204c,MEL_Edge_204c.11,65.97997
2.0408163265306123,"channelID: 292",Edge_204c,MEL_Edge_204c.11,70.71945
2.0833333333333335,"channelID: 292",Edge_204c,MEL_Edge_204c.11,74.05153
2.127659574468085,"channelID: 292",Edge_204c,MEL_Edge_204c.11,76.7716
2.1739130434782608,"channelID: 292",Edge_204c,MEL_Edge_204c.11,78.22188000000001
2.2222222222222223,"channelID: 292",Edge_204c,MEL_Edge_204c.11,78.91193000000001
2.272727272727273,"channelID: 292",Edge_204c,MEL_Edge_204c.11,80.97198
2.3255813953488373,"channelID: 292",Edge_204c,MEL_Edge_204c.11,82.32718
2.380952380952381,"channelID: 292",Edge_204c,MEL_Edge_204c.11,83.65631
2.4390243902439024,"channelID: 292",Edge_204c,MEL_Edge_204c.11,83.96900000000001
2.5,"channelID: 292",Edge_204c,MEL_Edge_204c.11,84.36533000000001
2.5641025641025643,"channelID: 292",Edge_204c,MEL_Edge_204c.11,85.05455000000002
2.6315789473684212,"channelID: 292",Edge_204c,MEL_Edge_204c.11,85.38882000000002
2.7027027027027026,"channelID: 292",Edge_204c,MEL_Edge_204c.11,85.96643000000003
2.7777777777777777,"channelID: 292",Edge_204c,MEL_Edge_204c.11,86.63245000000003
2.857142857142857,"channelID: 292",Edge_204c,MEL_Edge_204c.11,86.74255000000004
2.9411764705882355,"channelID: 292",Edge_204c,MEL_Edge_204c.11,86.75032000000003
3.0303030303030303,"channelID: 292",Edge_204c,MEL_Edge_204c.11,87.05813000000003
3.125,"channelID: 292",Edge_204c,MEL_Edge_204c.11,87.15712000000003
3.225806451612903,"channelID: 292",Edge_204c,MEL_Edge_204c.11,87.23026000000003
3.3333333333333335,"channelID: 292",Edge_204c,MEL_Edge_204c.11,87.34863000000003
3.4482758620689653,"channelID: 292",Edge_204c,MEL_Edge_204c.11,87.45298000000003
3.5714285714285716,"channelID: 292",Edge_204c,MEL_Edge_204c.11,87.53999000000003
3.7037037037037037,"channelID: 292",Edge_204c,MEL_Edge_204c.11,87.54896000000004
3.5714285714285716,"channelID: 293",Edge_204c,MEL_Edge_204c.17,55.23599999999999
3.7037037037037037,"channelID: 293",Edge_204c,MEL_Edge_204c.17,55.27094999999999
3.5714285714285716,"channelID: 293",Edge_204c,MEL_Edge_204c.17,55.28799999999999
3.4482758620689653,"channelID: 293",Edge_204c,MEL_Edge_204c.17,55.31199999999998
3.3333333333333335,"channelID: 293",Edge_204c,MEL_Edge_204c.17,55.395999999999994
3.225806451612903,"channelID: 293",Edge_204c,MEL_Edge_204c.17,55.40399999999999
3.125,"channelID: 293",Edge_204c,MEL_Edge_204c.17,55.41999999999998
3.0303030303030303,"channelID: 293",Edge_204c,MEL_Edge_204c.17,55.49199999999998
2.9411764705882355,"channelID: 293",Edge_204c,MEL_Edge_204c.17,55.50399999999999
2.857142857142857,"channelID: 293",Edge_204c,MEL_Edge_204c.17,55.53599999999999
2.7777777777777777,"channelID: 293",Edge_204c,MEL_Edge_204c.17,55.56399999999998
2.7027027027027026,"channelID: 293",Edge_204c,MEL_Edge_204c.17,55.57199999999998
2.6315789473684212,"channelID: 293",Edge_204c,MEL_Edge_204c.17,55.61599999999998
2.5641025641025643,"channelID: 293",Edge_204c,MEL_Edge_204c.17,55.61999999999998
2.5,"channelID: 293",Edge_204c,MEL_Edge_204c.17,55.63199999999998
2.380952380952381,"channelID: 293",Edge_204c,MEL_Edge_204c.17,55.65599999999997
2.272727272727273,"channelID: 293",Edge_204c,MEL_Edge_204c.17,55.67999999999998
2.1739130434782608,"channelID: 293",Edge_204c,MEL_Edge_204c.17,55.69199999999997
2.127659574468085,"channelID: 293",Edge_204c,MEL_Edge_204c.17,55.71599999999997
2.0833333333333335,"channelID: 293",Edge_204c,MEL_Edge_204c.17,55.78799999999998
2.0408163265306123,"channelID: 293",Edge_204c,MEL_Edge_204c.17,55.843999999999966
2.0,"channelID: 293",Edge_204c,MEL_Edge_204c.17,55.871999999999986
1.9607843137254901,"channelID: 293",Edge_204c,MEL_Edge_204c.17,55.89599999999999
1.9230769230769231,"channelID: 293",Edge_204c,MEL_Edge_204c.17,55.90799999999998
1.9607843137254901,"channelID: 293",Edge_204c,MEL_Edge_204c.17,56.36037999999998
2.0,"channelID: 293",Edge_204c,MEL_Edge_204c.17,65.97997
2.0408163265306123,"channelID: 293",Edge_204c,MEL_Edge_204c.17,70.71945
2.0833333333333335,"channelID: 293",Edge_204c,MEL_Edge_204c.17,74.05153
2.127659574468085,"channelID: 293",Edge_204c,MEL_Edge_204c.17,76.7716
2.1739130434782608,"channelID: 293",Edge_204c,MEL_Edge_204c.17,78.22188000000001
2.2222222222222223,"channelID: 293",Edge_204c,MEL_Edge_204c.17,78.91193000000001
2.272727272727273,"channelID: 293",Edge_204c,MEL_Edge_204c.17,80.97198
2.3255813953488373,"channelID: 293",Edge_204c,MEL_Edge_204c.17,82.32718
2.380952380952381,"channelID: 293",Edge_204c,MEL_Edge_204c.17,83.65631
2.4390243902439024,"channelID: 293",Edge_204c,MEL_Edge_204c.17,83.96900000000001
2.5,"channelID: 293",Edge_204c,MEL_Edge_204c.17,84.36533000000001
2.5641025641025643,"channelID: 293",Edge_204c,MEL_Edge_204c.17,85.05455000000002
2.6315789473684212,"channelID: 293",Edge_204c,MEL_Edge_204c.17,85.38882000000002
2.7027027027027026,"channelID: 293",Edge_204c,MEL_Edge_204c.17,85.96643000000003
2.7777777777777777,"channelID: 293",Edge_204c,MEL_Edge_204c.17,86.63245000000003
2.857142857142857,"channelID: 293",Edge_204c,MEL_Edge_204c.17,86.74255000000004
2.9411764705882355,"channelID: 293",Edge_204c,MEL_Edge_204c.17,86.75032000000003
3.0303030303030303,"channelID: 293",Edge_204c,MEL_Edge_204c.17,87.05813000000003
3.125,"channelID: 293",Edge_204c,MEL_Edge_204c.17,87.15712000000003
3.225806451612903,"channelID: 293",Edge_204c,MEL_Edge_204c.17,87.23026000000003
3.3333333333333335,"channelID: 293",Edge_204c,MEL_Edge_204c.17,87.34863000000003
3.4482758620689653,"channelID: 293",Edge_204c,MEL_Edge_204c.17,87.45298000000003
3.5714285714285716,"channelID: 293",Edge_204c,MEL_Edge_204c.17,87.53999000000003
3.7037037037037037,"channelID: 293",Edge_204c,MEL_Edge_204c.17,87.54896000000004
3.8461538461538463,"channelID: 293",Edge_204c,MEL_Edge_204c.17,87.65280000000004
3.5714285714285716,"channelID: 294",Edge_204c,MEL_Edge_204c.11,55.28799999999999
3.4482758620689653,"channelID: 294",Edge_204c,MEL_Edge_204c.11,55.31199999999998
3.3333333333333335,"channelID: 294",Edge_204c,MEL_Edge_204c.11,55.395999999999994
3.225806451612903,"channelID: 294",Edge_204c,MEL_Edge_204c.11,55.40399999999999
3.125,"channelID: 294",Edge_204c,MEL_Edge_204c.11,55.41999999999998
3.0303030303030303,"channelID: 294",Edge_204c,MEL_Edge_204c.11,55.49199999999998
2.9411764705882355,"channelID: 294",Edge_204c,MEL_Edge_204c.11,55.50399999999999
2.857142857142857,"channelID: 294",Edge_204c,MEL_Edge_204c.11,55.53599999999999
2.7777777777777777,"channelID: 294",Edge_204c,MEL_Edge_204c.11,55.56399999999998
2.7027027027027026,"channelID: 294",Edge_204c,MEL_Edge_204c.11,55.57199999999998
2.6315789473684212,"channelID: 294",Edge_204c,MEL_Edge_204c.11,55.61599999999998
2.5641025641025643,"channelID: 294",Edge_204c,MEL_Edge_204c.11,55.61999999999998
2.5,"channelID: 294",Edge_204c,MEL_Edge_204c.11,55.63199999999998
2.380952380952381,"channelID: 294",Edge_204c,MEL_Edge_204c.11,55.65599999999997
2.272727272727273,"channelID: 294",Edge_204c,MEL_Edge_204c.11,55.67999999999998
2.1739130434782608,"channelID: 294",Edge_204c,MEL_Edge_204c.11,55.69199999999997
2.127659574468085,"channelID: 294",Edge_204c,MEL_Edge_204c.11,55.71599999999997
2.0833333333333335,"channelID: 294",Edge_204c,MEL_Edge_204c.11,55.78799999999998
2.0408163265306123,"channelID: 294",Edge_204c,MEL_Edge_204c.11,55.843999999999966
2.0,"channelID: 294",Edge_204c,MEL_Edge_204c.11,55.871999999999986
1.9607843137254901,"channelID: 294",Edge_204c,MEL_Edge_204c.11,55.89599999999999
1.9230769230769231,"channelID: 294",Edge_204c,MEL_Edge_204c.11,55.90799999999998
1.9607843137254901,"channelID: 294",Edge_204c,MEL_Edge_204c.11,56.36037999999998
2.0,"channelID: 294",Edge_204c,MEL_Edge_204c.11,65.97997
2.0408163265306123,"channelID: 294",Edge_204c,MEL_Edge_204c.11,70.71945
2.0833333333333335,"channelID: 294",Edge_204c,MEL_Edge_204c.11,74.05153
2.127659574468085,"channelID: 294",Edge_204c,MEL_Edge_204c.11,76.7716
2.1739130434782608,"channelID: 294",Edge_204c,MEL_Edge_204c.11,78.22188000000001
2.2222222222222223,"channelID: 294",Edge_204c,MEL_Edge_204c.11,78.91193000000001
2.272727272727273,"channelID: 294",Edge_204c,MEL_Edge_204c.11,80.97198
2.3255813953488373,"channelID: 294",Edge_204c,MEL_Edge_204c.11,82.32718
2.380952380952381,"channelID: 294",Edge_204c,MEL_Edge_204c.11,83.65631
2.4390243902439024,"channelID: 294",Edge_204c,MEL_Edge_204c.11,83.96900000000001
2.5,"channelID: 294",Edge_204c,MEL_Edge_204c.11,84.36533000000001
2.5641025641025643,"channelID: 294",Edge_204c,MEL_Edge_204c.11,85.05455000000002
2.6315789473684212,"channelID: 294",Edge_204c,MEL_Edge_204c.11,85.38882000000002
2.7027027027027026,"channelID: 294",Edge_204c,MEL_Edge_204c.11,85.96643000000003
2.7777777777777777,"channelID: 294",Edge_204c,MEL_Edge_204c.11,86.63245000000003
2.857142857142857,"channelID: 294",Edge_204c,MEL_Edge_204c.11,86.74255000000004
2.9411764705882355,"channelID: 294",Edge_204c,MEL_Edge_204c.11,86.75032000000003
3.0303030303030303,"channelID: 294",Edge_204c,MEL_Edge_204c.11,87.05813000000003
3.125,"channelID: 294",Edge_204c,MEL_Edge_204c.11,87.15712000000003
3.225806451612903,"channelID: 294",Edge_204c,MEL_Edge_204c.11,87.23026000000003
3.3333333333333335,"channelID: 294",Edge_204c,MEL_Edge_204c.11,87.34863000000003
3.4482758620689653,"channelID: 294",Edge_204c,MEL_Edge_204c.11,87.45298000000003
3.5714285714285716,"channelID: 294",Edge_204c,MEL_Edge_204c.11,87.53999000000003
3.7037037037037037,"channelID: 294",Edge_204c,MEL_Edge_204c.11,87.54896000000004
3.8461538461538463,"channelID: 294",Edge_204c,MEL_Edge_204c.11,87.65280000000004
4.0,"channelID: 294",Edge_204c,MEL_Edge_204c.11,87.73368000000004
3.4482758620689653,"channelID: 295",Edge_204c,MEL_Edge_204c.14,55.31199999999998
3.3333333333333335,"channelID: 295",Edge_204c,MEL_Edge_204c.14,55.395999999999994
3.225806451612903,"channelID: 295",Edge_204c,MEL_Edge_204c.14,55.40399999999999
3.125,"channelID: 295",Edge_204c,MEL_Edge_204c.14,55.41999999999998
3.0303030303030303,"channelID: 295",Edge_204c,MEL_Edge_204c.14,55.49199999999998
2.9411764705882355,"channelID: 295",Edge_204c,MEL_Edge_204c.14,55.50399999999999
2.857142857142857,"channelID: 295",Edge_204c,MEL_Edge_204c.14,55.53599999999999
2.7777777777777777,"channelID: 295",Edge_204c,MEL_Edge_204c.14,55.56399999999998
2.7027027027027026,"channelID: 295",Edge_204c,MEL_Edge_204c.14,55.57199999999998
2.6315789473684212,"channelID: 295",Edge_204c,MEL_Edge_204c.14,55.61599999999998
2.5641025641025643,"channelID: 295",Edge_204c,MEL_Edge_204c.14,55.61999999999998
2.5,"channelID: 295",Edge_204c,MEL_Edge_204c.14,55.63199999999998
2.380952380952381,"channelID: 295",Edge_204c,MEL_Edge_204c.14,55.65599999999997
2.272727272727273,"channelID: 295",Edge_204c,MEL_Edge_204c.14,55.67999999999998
2.1739130434782608,"channelID: 295",Edge_204c,MEL_Edge_204c.14,55.69199999999997
2.127659574468085,"channelID: 295",Edge_204c,MEL_Edge_204c.14,55.71599999999997
2.0833333333333335,"channelID: 295",Edge_204c,MEL_Edge_204c.14,55.78799999999998
2.0408163265306123,"channelID: 295",Edge_204c,MEL_Edge_204c.14,55.843999999999966
2.0,"channelID: 295",Edge_204c,MEL_Edge_204c.14,55.871999999999986
1.9607843137254901,"channelID: 295",Edge_204c,MEL_Edge_204c.14,55.89599999999999
1.9230769230769231,"channelID: 295",Edge_204c,MEL_Edge_204c.14,55.90799999999998
1.9607843137254901,"channelID: 295",Edge_204c,MEL_Edge_204c.14,56.36037999999998
2.0,"channelID: 295",Edge_204c,MEL_Edge_204c.14,65.97997
2.0408163265306123,"channelID: 295",Edge_204c,MEL_Edge_204c.14,70.71945
2.0833333333333335,"channelID: 295",Edge_204c,MEL_Edge_204c.14,74.05153
2.127659574468085,"channelID: 295",Edge_204c,MEL_Edge_204c.14,76.7716
2.1739130434782608,"channelID: 295",Edge_204c,MEL_Edge_204c.14,78.22188000000001
2.2222222222222223,"channelID: 295",Edge_204c,MEL_Edge_204c.14,78.91193000000001
2.272727272727273,"channelID: 295",Edge_204c,MEL_Edge_204c.14,80.97198
2.3255813953488373,"channelID: 295",Edge_204c,MEL_Edge_204c.14,82.32718
2.380952380952381,"channelID: 295",Edge_204c,MEL_Edge_204c.14,83.65631
2.4390243902439024,"channelID: 295",Edge_204c,MEL_Edge_204c.14,83.96900000000001
2.5,"channelID: 295",Edge_204c,MEL_Edge_204c.14,84.36533000000001
2.5641025641025643,"channelID: 295",Edge_204c,MEL_Edge_204c.14,85.05455000000002
2.6315789473684212,"channelID: 295",Edge_204c,MEL_Edge_204c.14,85.38882000000002
2.7027027027027026,"channelID: 295",Edge_204c,MEL_Edge_204c.14,85.96643000000003
2.7777777777777777,"channelID: 295",Edge_204c,MEL_Edge_204c.14,86.63245000000003
2.857142857142857,"channelID: 295",Edge_204c,MEL_Edge_204c.14,86.74255000000004
2.9411764705882355,"channelID: 295",Edge_204c,MEL_Edge_204c.14,86.75032000000003
3.0303030303030303,"channelID: 295",Edge_204c,MEL_Edge_204c.14,87.05813000000003
3.125,"channelID: 295",Edge_204c,MEL_Edge_204c.14,87.15712000000003
3.225806451612903,"channelID: 295",Edge_204c,MEL_Edge_204c.14,87.23026000000003
3.3333333333333335,"channelID: 295",Edge_204c,MEL_Edge_204c.14,87.34863000000003
3.4482758620689653,"channelID: 295",Edge_204c,MEL_Edge_204c.14,87.45298000000003
3.5714285714285716,"channelID: 295",Edge_204c,MEL_Edge_204c.14,87.53999000000003
3.7037037037037037,"channelID: 295",Edge_204c,MEL_Edge_204c.14,87.54896000000004
3.8461538461538463,"channelID: 295",Edge_204c,MEL_Edge_204c.14,87.65280000000004
4.0,"channelID: 295",Edge_204c,MEL_Edge_204c.14,87.73368000000004
4.166666666666667,"channelID: 295",Edge_204c,MEL_Edge_204c.14,87.78068000000003
3.3333333333333335,"channelID: 296",Edge_204c,MEL_Edge_204c.17,55.395999999999994
3.225806451612903,"channelID: 296",Edge_204c,MEL_Edge_204c.17,55.40399999999999
3.125,"channelID: 296",Edge_204c,MEL_Edge_204c.17,55.41999999999998
3.0303030303030303,"channelID: 296",Edge_204c,MEL_Edge_204c.17,55.49199999999998
2.9411764705882355,"channelID: 296",Edge_204c,MEL_Edge_204c.17,55.50399999999999
2.857142857142857,"channelID: 296",Edge_204c,MEL_Edge_204c.17,55.53599999999999
2.7777777777777777,"channelID: 296",Edge_204c,MEL_Edge_204c.17,55.56399999999998
2.7027027027027026,"channelID: 296",Edge_204c,MEL_Edge_204c.17,55.57199999999998
2.6315789473684212,"channelID: 296",Edge_204c,MEL_Edge_204c.17,55.61599999999998
2.5641025641025643,"channelID: 296",Edge_204c,MEL_Edge_204c.17,55.61999999999998
2.5,"channelID: 296",Edge_204c,MEL_Edge_204c.17,55.63199999999998
2.380952380952381,"channelID: 296",Edge_204c,MEL_Edge_204c.17,55.65599999999997
2.272727272727273,"channelID: 296",Edge_204c,MEL_Edge_204c.17,55.67999999999998
2.1739130434782608,"channelID: 296",Edge_204c,MEL_Edge_204c.17,55.69199999999997
2.127659574468085,"channelID: 296",Edge_204c,MEL_Edge_204c.17,55.71599999999997
2.0833333333333335,"channelID: 296",Edge_204c,MEL_Edge_204c.17,55.78799999999998
2.0408163265306123,"channelID: 296",Edge_204c,MEL_Edge_204c.17,55.843999999999966
2.0,"channelID: 296",Edge_204c,MEL_Edge_204c.17,55.871999999999986
1.9607843137254901,"channelID: 296",Edge_204c,MEL_Edge_204c.17,55.89599999999999
1.9230769230769231,"channelID: 296",Edge_204c,MEL_Edge_204c.17,55.90799999999998
1.9607843137254901,"channelID: 296",Edge_204c,MEL_Edge_204c.17,56.36037999999998
2.0,"channelID: 296",Edge_204c,MEL_Edge_204c.17,65.97997
2.0408163265306123,"channelID: 296",Edge_204c,MEL_Edge_204c.17,70.71945
2.0833333333333335,"channelID: 296",Edge_204c,MEL_Edge_204c.17,74.05153
2.127659574468085,"channelID: 296",Edge_204c,MEL_Edge_204c.17,76.7716
2.1739130434782608,"channelID: 296",Edge_204c,MEL_Edge_204c.17,78.22188000000001
2.2222222222222223,"channelID: 296",Edge_204c,MEL_Edge_204c.17,78.91193000000001
2.272727272727273,"channelID: 296",Edge_204c,MEL_Edge_204c.17,80.97198
2.3255813953488373,"channelID: 296",Edge_204c,MEL_Edge_204c.17,82.32718
2.380952380952381,"channelID: 296",Edge_204c,MEL_Edge_204c.17,83.65631
2.4390243902439024,"channelID: 296",Edge_204c,MEL_Edge_204c.17,83.96900000000001
2.5,"channelID: 296",Edge_204c,MEL_Edge_204c.17,84.36533000000001
2.5641025641025643,"channelID: 296",Edge_204c,MEL_Edge_204c.17,85.05455000000002
2.6315789473684212,"channelID: 296",Edge_204c,MEL_Edge_204c.17,85.38882000000002
2.7027027027027026,"channelID: 296",Edge_204c,MEL_Edge_204c.17,85.96643000000003
2.7777777777777777,"channelID: 296",Edge_204c,MEL_Edge_204c.17,86.63245000000003
2.857142857142857,"channelID: 296",Edge_204c,MEL_Edge_204c.17,86.74255000000004
2.9411764705882355,"channelID: 296",Edge_204c,MEL_Edge_204c.17,86.75032000000003
3.0303030303030303,"channelID: 296",Edge_204c,MEL_Edge_204c.17,87.05813000000003
3.125,"channelID: 296",Edge_204c,MEL_Edge_204c.17,87.15712000000003
3.225806451612903,"channelID: 296",Edge_204c,MEL_Edge_204c.17,87.23026000000003
3.3333333333333335,"channelID: 296",Edge_204c,MEL_Edge_204c.17,87.34863000000003
3.4482758620689653,"channelID: 296",Edge_204c,MEL_Edge_204c.17,87.45298000000003
3.5714285714285716,"channelID: 296",Edge_204c,MEL_Edge_204c.17,87.53999000000003
3.7037037037037037,"channelID: 296",Edge_204c,MEL_Edge_204c.17,87.54896000000004
3.8461538461538463,"channelID: 296",Edge_204c,MEL_Edge_204c.17,87.65280000000004
4.0,"channelID: 296",Edge_204c,MEL_Edge_204c.17,87.73368000000004
4.166666666666667,"channelID: 296",Edge_204c,MEL_Edge_204c.17,87.78068000000003
4.3478260869565215,"channelID: 296",Edge_204c,MEL_Edge_204c.17,87.80126000000003
3.225806451612903,"channelID: 297",Edge_204c,MEL_Edge_204c.11,55.40399999999999
3.125,"channelID: 297",Edge_204c,MEL_Edge_204c.11,55.41999999999998
3.0303030303030303,"channelID: 297",Edge_204c,MEL_Edge_204c.11,55.49199999999998
2.9411764705882355,"channelID: 297",Edge_204c,MEL_Edge_204c.11,55.50399999999999
2.857142857142857,"channelID: 297",Edge_204c,MEL_Edge_204c.11,55.53599999999999
2.7777777777777777,"channelID: 297",Edge_204c,MEL_Edge_204c.11,55.56399999999998
2.7027027027027026,"channelID: 297",Edge_204c,MEL_Edge_204c.11,55.57199999999998
2.6315789473684212,"channelID: 297",Edge_204c,MEL_Edge_204c.11,55.61599999999998
2.5641025641025643,"channelID: 297",Edge_204c,MEL_Edge_204c.11,55.61999999999998
2.5,"channelID: 297",Edge_204c,MEL_Edge_204c.11,55.63199999999998
2.380952380952381,"channelID: 297",Edge_204c,MEL_Edge_204c.11,55.65599999999997
2.272727272727273,"channelID: 297",Edge_204c,MEL_Edge_204c.11,55.67999999999998
2.1739130434782608,"channelID: 297",Edge_204c,MEL_Edge_204c.11,55.69199999999997
2.127659574468085,"channelID: 297",Edge_204c,MEL_Edge_204c.11,55.71599999999997
2.0833333333333335,"channelID: 297",Edge_204c,MEL_Edge_204c.11,55.78799999999998
2.0408163265306123,"channelID: 297",Edge_204c,MEL_Edge_204c.11,55.843999999999966
2.0,"channelID: 297",Edge_204c,MEL_Edge_204c.11,55.871999999999986
1.9607843137254901,"channelID: 297",Edge_204c,MEL_Edge_204c.11,55.89599999999999
1.9230769230769231,"channelID: 297",Edge_204c,MEL_Edge_204c.11,55.90799999999998
1.9607843137254901,"channelID: 297",Edge_204c,MEL_Edge_204c.11,56.36037999999998
2.0,"channelID: 297",Edge_204c,MEL_Edge_204c.11,65.97997
2.0408163265306123,"channelID: 297",Edge_204c,MEL_Edge_204c.11,70.71945
2.0833333333333335,"channelID: 297",Edge_204c,MEL_Edge_204c.11,74.05153
2.127659574468085,"channelID: 297",Edge_204c,MEL_Edge_204c.11,76.7716
2.1739130434782608,"channelID: 297",Edge_204c,MEL_Edge_204c.11,78.22188000000001
2.2222222222222223,"channelID: 297",Edge_204c,MEL_Edge_204c.11,78.91193000000001
2.272727272727273,"channelID: 297",Edge_204c,MEL_Edge_204c.11,80.97198
2.3255813953488373,"channelID: 297",Edge_204c,MEL_Edge_204c.11,82.32718
2.380952380952381,"channelID: 297",Edge_204c,MEL_Edge_204c.11,83.65631
2.4390243902439024,"channelID: 297",Edge_204c,MEL_Edge_204c.11,83.96900000000001
2.5,"channelID: 297",Edge_204c,MEL_Edge_204c.11,84.36533000000001
2.5641025641025643,"channelID: 297",Edge_204c,MEL_Edge_204c.11,85.05455000000002
2.6315789473684212,"channelID: 297",Edge_204c,MEL_Edge_204c.11,85.38882000000002
2.7027027027027026,"channelID: 297",Edge_204c,MEL_Edge_204c.11,85.96643000000003
2.7777777777777777,"channelID: 297",Edge_204c,MEL_Edge_204c.11,86.63245000000003
2.857142857142857,"channelID: 297",Edge_204c,MEL_Edge_204c.11,86.74255000000004
2.9411764705882355,"channelID: 297",Edge_204c,MEL_Edge_204c.11,86.75032000000003
3.0303030303030303,"channelID: 297",Edge_204c,MEL_Edge_204c.11,87.05813000000003
3.125,"channelID: 297",Edge_204c,MEL_Edge_204c.11,87.15712000000003
3.225806451612903,"channelID: 297",Edge_204c,MEL_Edge_204c.11,87.23026000000003
3.3333333333333335,"channelID: 297",Edge_204c,MEL_Edge_204c.11,87.34863000000003
3.4482758620689653,"channelID: 297",Edge_204c,MEL_Edge_204c.11,87.45298000000003
3.5714285714285716,"channelID: 297",Edge_204c,MEL_Edge_204c.11,87.53999000000003
3.7037037037037037,"channelID: 297",Edge_204c,MEL_Edge_204c.11,87.54896000000004
3.8461538461538463,"channelID: 297",Edge_204c,MEL_Edge_204c.11,87.65280000000004
4.0,"channelID: 297",Edge_204c,MEL_Edge_204c.11,87.73368000000004
4.166666666666667,"channelID: 297",Edge_204c,MEL_Edge_204c.11,87.78068000000003
4.3478260869565215,"channelID: 297",Edge_204c,MEL_Edge_204c.11,87.80126000000003
4.545454545454546,"channelID: 297",Edge_204c,MEL_Edge_204c.11,87.86788000000003
3.125,"channelID: 298",Edge_204c,MEL_Edge_204c.14,55.41999999999998
3.0303030303030303,"channelID: 298",Edge_204c,MEL_Edge_204c.14,55.49199999999998
2.9411764705882355,"channelID: 298",Edge_204c,MEL_Edge_204c.14,55.50399999999999
2.857142857142857,"channelID: 298",Edge_204c,MEL_Edge_204c.14,55.53599999999999
2.7777777777777777,"channelID: 298",Edge_204c,MEL_Edge_204c.14,55.56399999999998
2.7027027027027026,"channelID: 298",Edge_204c,MEL_Edge_204c.14,55.57199999999998
2.6315789473684212,"channelID: 298",Edge_204c,MEL_Edge_204c.14,55.61599999999998
2.5641025641025643,"channelID: 298",Edge_204c,MEL_Edge_204c.14,55.61999999999998
2.5,"channelID: 298",Edge_204c,MEL_Edge_204c.14,55.63199999999998
2.380952380952381,"channelID: 298",Edge_204c,MEL_Edge_204c.14,55.65599999999997
2.272727272727273,"channelID: 298",Edge_204c,MEL_Edge_204c.14,55.67999999999998
2.1739130434782608,"channelID: 298",Edge_204c,MEL_Edge_204c.14,55.69199999999997
2.127659574468085,"channelID: 298",Edge_204c,MEL_Edge_204c.14,55.71599999999997
2.0833333333333335,"channelID: 298",Edge_204c,MEL_Edge_204c.14,55.78799999999998
2.0408163265306123,"channelID: 298",Edge_204c,MEL_Edge_204c.14,55.843999999999966
2.0,"channelID: 298",Edge_204c,MEL_Edge_204c.14,55.871999999999986
1.9607843137254901,"channelID: 298",Edge_204c,MEL_Edge_204c.14,55.89599999999999
1.9230769230769231,"channelID: 298",Edge_204c,MEL_Edge_204c.14,55.90799999999998
1.9607843137254901,"channelID: 298",Edge_204c,MEL_Edge_204c.14,56.36037999999998
2.0,"channelID: 298",Edge_204c,MEL_Edge_204c.14,65.97997
2.0408163265306123,"channelID: 298",Edge_204c,MEL_Edge_204c.14,70.71945
2.0833333333333335,"channelID: 298",Edge_204c,MEL_Edge_204c.14,74.05153
2.127659574468085,"channelID: 298",Edge_204c,MEL_Edge_204c.14,76.7716
2.1739130434782608,"channelID: 298",Edge_204c,MEL_Edge_204c.14,78.22188000000001
2.2222222222222223,"channelID: 298",Edge_204c,MEL_Edge_204c.14,78.91193000000001
2.272727272727273,"channelID: 298",Edge_204c,MEL_Edge_204c.14,80.97198
2.3255813953488373,"channelID: 298",Edge_204c,MEL_Edge_204c.14,82.32718
2.380952380952381,"channelID: 298",Edge_204c,MEL_Edge_204c.14,83.65631
2.4390243902439024,"channelID: 298",Edge_204c,MEL_Edge_204c.14,83.96900000000001
2.5,"channelID: 298",Edge_204c,MEL_Edge_204c.14,84.36533000000001
2.5641025641025643,"channelID: 298",Edge_204c,MEL_Edge_204c.14,85.05455000000002
2.6315789473684212,"channelID: 298",Edge_204c,MEL_Edge_204c.14,85.38882000000002
2.7027027027027026,"channelID: 298",Edge_204c,MEL_Edge_204c.14,85.96643000000003
2.7777777777777777,"channelID: 298",Edge_204c,MEL_Edge_204c.14,86.63245000000003
2.857142857142857,"channelID: 298",Edge_204c,MEL_Edge_204c.14,86.74255000000004
2.9411764705882355,"channelID: 298",Edge_204c,MEL_Edge_204c.14,86.75032000000003
3.0303030303030303,"channelID: 298",Edge_204c,MEL_Edge_204c.14,87.05813000000003
3.125,"channelID: 298",Edge_204c,MEL_Edge_204c.14,87.15712000000003
3.225806451612903,"channelID: 298",Edge_204c,MEL_Edge_204c.14,87.23026000000003
3.3333333333333335,"channelID: 298",Edge_204c,MEL_Edge_204c.14,87.34863000000003
3.4482758620689653,"channelID: 298",Edge_204c,MEL_Edge_204c.14,87.45298000000003
3.5714285714285716,"channelID: 298",Edge_204c,MEL_Edge_204c.14,87.53999000000003
3.7037037037037037,"channelID: 298",Edge_204c,MEL_Edge_204c.14,87.54896000000004
3.8461538461538463,"channelID: 298",Edge_204c,MEL_Edge_204c.14,87.65280000000004
4.0,"channelID: 298",Edge_204c,MEL_Edge_204c.14,87.73368000000004
4.166666666666667,"channelID: 298",Edge_204c,MEL_Edge_204c.14,87.78068000000003
4.3478260869565215,"channelID: 298",Edge_204c,MEL_Edge_204c.14,87.80126000000003
4.545454545454546,"channelID: 298",Edge_204c,MEL_Edge_204c.14,87.86788000000003
4.761904761904762,"channelID: 298",Edge_204c,MEL_Edge_204c.14,87.87374000000003
3.0303030303030303,"channelID: 299",Edge_204c,MEL_Edge_204c.11,55.49199999999998
2.9411764705882355,"channelID: 299",Edge_204c,MEL_Edge_204c.11,55.50399999999999
2.857142857142857,"channelID: 299",Edge_204c,MEL_Edge_204c.11,55.53599999999999
2.7777777777777777,"channelID: 299",Edge_204c,MEL_Edge_204c.11,55.56399999999998
2.7027027027027026,"channelID: 299",Edge_204c,MEL_Edge_204c.11,55.57199999999998
2.6315789473684212,"channelID: 299",Edge_204c,MEL_Edge_204c.11,55.61599999999998
2.5641025641025643,"channelID: 299",Edge_204c,MEL_Edge_204c.11,55.61999999999998
2.5,"channelID: 299",Edge_204c,MEL_Edge_204c.11,55.63199999999998
2.380952380952381,"channelID: 299",Edge_204c,MEL_Edge_204c.11,55.65599999999997
2.272727272727273,"channelID: 299",Edge_204c,MEL_Edge_204c.11,55.67999999999998
2.1739130434782608,"channelID: 299",Edge_204c,MEL_Edge_204c.11,55.69199999999997
2.127659574468085,"channelID: 299",Edge_204c,MEL_Edge_204c.11,55.71599999999997
2.0833333333333335,"channelID: 299",Edge_204c,MEL_Edge_204c.11,55.78799999999998
2.0408163265306123,"channelID: 299",Edge_204c,MEL_Edge_204c.11,55.843999999999966
2.0,"channelID: 299",Edge_204c,MEL_Edge_204c.11,55.871999999999986
1.9607843137254901,"channelID: 299",Edge_204c,MEL_Edge_204c.11,55.89599999999999
1.9230769230769231,"channelID: 299",Edge_204c,MEL_Edge_204c.11,55.90799999999998
1.9607843137254901,"channelID: 299",Edge_204c,MEL_Edge_204c.11,56.36037999999998
2.0,"channelID: 299",Edge_204c,MEL_Edge_204c.11,65.97997
2.0408163265306123,"channelID: 299",Edge_204c,MEL_Edge_204c.11,70.71945
2.0833333333333335,"channelID: 299",Edge_204c,MEL_Edge_204c.11,74.05153
2.127659574468085,"channelID: 299",Edge_204c,MEL_Edge_204c.11,76.7716
2.1739130434782608,"channelID: 299",Edge_204c,MEL_Edge_204c.11,78.22188000000001
2.2222222222222223,"channelID: 299",Edge_204c,MEL_Edge_204c.11,78.91193000000001
2.272727272727273,"channelID: 299",Edge_204c,MEL_Edge_204c.11,80.97198
2.3255813953488373,"channelID: 299",Edge_204c,MEL_Edge_204c.11,82.32718
2.380952380952381,"channelID: 299",Edge_204c,MEL_Edge_204c.11,83.65631
2.4390243902439024,"channelID: 299",Edge_204c,MEL_Edge_204c.11,83.96900000000001
2.5,"channelID: 299",Edge_204c,MEL_Edge_204c.11,84.36533000000001
2.5641025641025643,"channelID: 299",Edge_204c,MEL_Edge_204c.11,85.05455000000002
2.6315789473684212,"channelID: 299",Edge_204c,MEL_Edge_204c.11,85.38882000000002
2.7027027027027026,"channelID: 299",Edge_204c,MEL_Edge_204c.11,85.96643000000003
2.7777777777777777,"channelID: 299",Edge_204c,MEL_Edge_204c.11,86.63245000000003
2.857142857142857,"channelID: 299",Edge_204c,MEL_Edge_204c.11,86.74255000000004
2.9411764705882355,"channelID: 299",Edge_204c,MEL_Edge_204c.11,86.75032000000003
3.0303030303030303,"channelID: 299",Edge_204c,MEL_Edge_204c.11,87.05813000000003
3.125,"channelID: 299",Edge_204c,MEL_Edge_204c.11,87.15712000000003
3.225806451612903,"channelID: 299",Edge_204c,MEL_Edge_204c.11,87.23026000000003
3.3333333333333335,"channelID: 299",Edge_204c,MEL_Edge_204c.11,87.34863000000003
3.4482758620689653,"channelID: 299",Edge_204c,MEL_Edge_204c.11,87.45298000000003
3.5714285714285716,"channelID: 299",Edge_204c,MEL_Edge_204c.11,87.53999000000003
3.7037037037037037,"channelID: 299",Edge_204c,MEL_Edge_204c.11,87.54896000000004
3.8461538461538463,"channelID: 299",Edge_204c,MEL_Edge_204c.11,87.65280000000004
4.0,"channelID: 299",Edge_204c,MEL_Edge_204c.11,87.73368000000004
4.166666666666667,"channelID: 299",Edge_204c,MEL_Edge_204c.11,87.78068000000003
4.3478260869565215,"channelID: 299",Edge_204c,MEL_Edge_204c.11,87.80126000000003
4.545454545454546,"channelID: 299",Edge_204c,MEL_Edge_204c.11,87.86788000000003
4.761904761904762,"channelID: 299",Edge_204c,MEL_Edge_204c.11,87.87374000000003
5.0,"channelID: 299",Edge_204c,MEL_Edge_204c.11,87.88458000000003
2.9411764705882355,"channelID: 300",Edge_204c,MEL_Edge_204c.14,55.50399999999999
2.857142857142857,"channelID: 300",Edge_204c,MEL_Edge_204c.14,55.53599999999999
2.7777777777777777,"channelID: 300",Edge_204c,MEL_Edge_204c.14,55.56399999999998
2.7027027027027026,"channelID: 300",Edge_204c,MEL_Edge_204c.14,55.57199999999998
2.6315789473684212,"channelID: 300",Edge_204c,MEL_Edge_204c.14,55.61599999999998
2.5641025641025643,"channelID: 300",Edge_204c,MEL_Edge_204c.14,55.61999999999998
2.5,"channelID: 300",Edge_204c,MEL_Edge_204c.14,55.63199999999998
2.380952380952381,"channelID: 300",Edge_204c,MEL_Edge_204c.14,55.65599999999997
2.272727272727273,"channelID: 300",Edge_204c,MEL_Edge_204c.14,55.67999999999998
2.1739130434782608,"channelID: 300",Edge_204c,MEL_Edge_204c.14,55.69199999999997
2.127659574468085,"channelID: 300",Edge_204c,MEL_Edge_204c.14,55.71599999999997
2.0833333333333335,"channelID: 300",Edge_204c,MEL_Edge_204c.14,55.78799999999998
2.0408163265306123,"channelID: 300",Edge_204c,MEL_Edge_204c.14,55.843999999999966
2.0,"channelID: 300",Edge_204c,MEL_Edge_204c.14,55.871999999999986
1.9607843137254901,"channelID: 300",Edge_204c,MEL_Edge_204c.14,55.89599999999999
1.9230769230769231,"channelID: 300",Edge_204c,MEL_Edge_204c.14,55.90799999999998
1.9607843137254901,"channelID: 300",Edge_204c,MEL_Edge_204c.14,56.36037999999998
2.0,"channelID: 300",Edge_204c,MEL_Edge_204c.14,65.97997
2.0408163265306123,"channelID: 300",Edge_204c,MEL_Edge_204c.14,70.71945
2.0833333333333335,"channelID: 300",Edge_204c,MEL_Edge_204c.14,74.05153
2.127659574468085,"channelID: 300",Edge_204c,MEL_Edge_204c.14,76.7716
2.1739130434782608,"channelID: 300",Edge_204c,MEL_Edge_204c.14,78.22188000000001
2.2222222222222223,"channelID: 300",Edge_204c,MEL_Edge_204c.14,78.91193000000001
2.272727272727273,"channelID: 300",Edge_204c,MEL_Edge_204c.14,80.97198
2.3255813953488373,"channelID: 300",Edge_204c,MEL_Edge_204c.14,82.32718
2.380952380952381,"channelID: 300",Edge_204c,MEL_Edge_204c.14,83.65631
2.4390243902439024,"channelID: 300",Edge_204c,MEL_Edge_204c.14,83.96900000000001
2.5,"channelID: 300",Edge_204c,MEL_Edge_204c.14,84.36533000000001
2.5641025641025643,"channelID: 300",Edge_204c,MEL_Edge_204c.14,85.05455000000002
2.6315789473684212,"channelID: 300",Edge_204c,MEL_Edge_204c.14,85.38882000000002
2.7027027027027026,"channelID: 300",Edge_204c,MEL_Edge_204c.14,85.96643000000003
2.7777777777777777,"channelID: 300",Edge_204c,MEL_Edge_204c.14,86.63245000000003
2.857142857142857,"channelID: 300",Edge_204c,MEL_Edge_204c.14,86.74255000000004
2.9411764705882355,"channelID: 300",Edge_204c,MEL_Edge_204c.14,86.75032000000003
3.0303030303030303,"channelID: 300",Edge_204c,MEL_Edge_204c.14,87.05813000000003
3.125,"channelID: 300",Edge_204c,MEL_Edge_204c.14,87.15712000000003
3.225806451612903,"channelID: 300",Edge_204c,MEL_Edge_204c.14,87.23026000000003
3.3333333333333335,"channelID: 300",Edge_204c,MEL_Edge_204c.14,87.34863000000003
3.4482758620689653,"channelID: 300",Edge_204c,MEL_Edge_204c.14,87.45298000000003
3.5714285714285716,"channelID: 300",Edge_204c,MEL_Edge_204c.14,87.53999000000003
3.7037037037037037,"channelID: 300",Edge_204c,MEL_Edge_204c.14,87.54896000000004
3.8461538461538463,"channelID: 300",Edge_204c,MEL_Edge_204c.14,87.65280000000004
4.0,"channelID: 300",Edge_204c,MEL_Edge_204c.14,87.73368000000004
4.166666666666667,"channelID: 300",Edge_204c,MEL_Edge_204c.14,87.78068000000003
4.3478260869565215,"channelID: 300",Edge_204c,MEL_Edge_204c.14,87.80126000000003
4.545454545454546,"channelID: 300",Edge_204c,MEL_Edge_204c.14,87.86788000000003
4.761904761904762,"channelID: 300",Edge_204c,MEL_Edge_204c.14,87.87374000000003
5.0,"channelID: 300",Edge_204c,MEL_Edge_204c.14,87.88458000000003
5.2631578947368425,"channelID: 300",Edge_204c,MEL_Edge_204c.14,87.92958000000003
2.857142857142857,"channelID: 301",Edge_204c,MEL_Edge_204c.17,55.53599999999999
2.7777777777777777,"channelID: 301",Edge_204c,MEL_Edge_204c.17,55.56399999999998
2.7027027027027026,"channelID: 301",Edge_204c,MEL_Edge_204c.17,55.57199999999998
2.6315789473684212,"channelID: 301",Edge_204c,MEL_Edge_204c.17,55.61599999999998
2.5641025641025643,"channelID: 301",Edge_204c,MEL_Edge_204c.17,55.61999999999998
2.5,"channelID: 301",Edge_204c,MEL_Edge_204c.17,55.63199999999998
2.380952380952381,"channelID: 301",Edge_204c,MEL_Edge_204c.17,55.65599999999997
2.272727272727273,"channelID: 301",Edge_204c,MEL_Edge_204c.17,55.67999999999998
2.1739130434782608,"channelID: 301",Edge_204c,MEL_Edge_204c.17,55.69199999999997
2.127659574468085,"channelID: 301",Edge_204c,MEL_Edge_204c.17,55.71599999999997
2.0833333333333335,"channelID: 301",Edge_204c,MEL_Edge_204c.17,55.78799999999998
2.0408163265306123,"channelID: 301",Edge_204c,MEL_Edge_204c.17,55.843999999999966
2.0,"channelID: 301",Edge_204c,MEL_Edge_204c.17,55.871999999999986
1.9607843137254901,"channelID: 301",Edge_204c,MEL_Edge_204c.17,55.89599999999999
1.9230769230769231,"channelID: 301",Edge_204c,MEL_Edge_204c.17,55.90799999999998
1.9607843137254901,"channelID: 301",Edge_204c,MEL_Edge_204c.17,56.36037999999998
2.0,"channelID: 301",Edge_204c,MEL_Edge_204c.17,65.97997
2.0408163265306123,"channelID: 301",Edge_204c,MEL_Edge_204c.17,70.71945
2.0833333333333335,"channelID: 301",Edge_204c,MEL_Edge_204c.17,74.05153
2.127659574468085,"channelID: 301",Edge_204c,MEL_Edge_204c.17,76.7716
2.1739130434782608,"channelID: 301",Edge_204c,MEL_Edge_204c.17,78.22188000000001
2.2222222222222223,"channelID: 301",Edge_204c,MEL_Edge_204c.17,78.91193000000001
2.272727272727273,"channelID: 301",Edge_204c,MEL_Edge_204c.17,80.97198
2.3255813953488373,"channelID: 301",Edge_204c,MEL_Edge_204c.17,82.32718
2.380952380952381,"channelID: 301",Edge_204c,MEL_Edge_204c.17,83.65631
2.4390243902439024,"channelID: 301",Edge_204c,MEL_Edge_204c.17,83.96900000000001
2.5,"channelID: 301",Edge_204c,MEL_Edge_204c.17,84.36533000000001
2.5641025641025643,"channelID: 301",Edge_204c,MEL_Edge_204c.17,85.05455000000002
2.6315789473684212,"channelID: 301",Edge_204c,MEL_Edge_204c.17,85.38882000000002
2.7027027027027026,"channelID: 301",Edge_204c,MEL_Edge_204c.17,85.96643000000003
2.7777777777777777,"channelID: 301",Edge_204c,MEL_Edge_204c.17,86.63245000000003
2.857142857142857,"channelID: 301",Edge_204c,MEL_Edge_204c.17,86.74255000000004
2.9411764705882355,"channelID: 301",Edge_204c,MEL_Edge_204c.17,86.75032000000003
3.0303030303030303,"channelID: 301",Edge_204c,MEL_Edge_204c.17,87.05813000000003
3.125,"channelID: 301",Edge_204c,MEL_Edge_204c.17,87.15712000000003
3.225806451612903,"channelID: 301",Edge_204c,MEL_Edge_204c.17,87.23026000000003
3.3333333333333335,"channelID: 301",Edge_204c,MEL_Edge_204c.17,87.34863000000003
3.4482758620689653,"channelID: 301",Edge_204c,MEL_Edge_204c.17,87.45298000000003
3.5714285714285716,"channelID: 301",Edge_204c,MEL_Edge_204c.17,87.53999000000003
3.7037037037037037,"channelID: 301",Edge_204c,MEL_Edge_204c.17,87.54896000000004
3.8461538461538463,"channelID: 301",Edge_204c,MEL_Edge_204c.17,87.65280000000004
4.0,"channelID: 301",Edge_204c,MEL_Edge_204c.17,87.73368000000004
4.166666666666667,"channelID: 301",Edge_204c,MEL_Edge_204c.17,87.78068000000003
4.3478260869565215,"channelID: 301",Edge_204c,MEL_Edge_204c.17,87.80126000000003
4.545454545454546,"channelID: 301",Edge_204c,MEL_Edge_204c.17,87.86788000000003
4.761904761904762,"channelID: 301",Edge_204c,MEL_Edge_204c.17,87.87374000000003
5.0,"channelID: 301",Edge_204c,MEL_Edge_204c.17,87.88458000000003
5.2631578947368425,"channelID: 301",Edge_204c,MEL_Edge_204c.17,87.92958000000003
5.555555555555555,"channelID: 301",Edge_204c,MEL_Edge_204c.17,87.93648000000003
2.7777777777777777,"channelID: 302",Edge_204c,MEL_Edge_204c.11,55.56399999999998
2.7027027027027026,"channelID: 302",Edge_204c,MEL_Edge_204c.11,55.57199999999998
2.6315789473684212,"channelID: 302",Edge_204c,MEL_Edge_204c.11,55.61599999999998
2.5641025641025643,"channelID: 302",Edge_204c,MEL_Edge_204c.11,55.61999999999998
2.5,"channelID: 302",Edge_204c,MEL_Edge_204c.11,55.63199999999998
2.380952380952381,"channelID: 302",Edge_204c,MEL_Edge_204c.11,55.65599999999997
2.272727272727273,"channelID: 302",Edge_204c,MEL_Edge_204c.11,55.67999999999998
2.1739130434782608,"channelID: 302",Edge_204c,MEL_Edge_204c.11,55.69199999999997
2.127659574468085,"channelID: 302",Edge_204c,MEL_Edge_204c.11,55.71599999999997
2.0833333333333335,"channelID: 302",Edge_204c,MEL_Edge_204c.11,55.78799999999998
2.0408163265306123,"channelID: 302",Edge_204c,MEL_Edge_204c.11,55.843999999999966
2.0,"channelID: 302",Edge_204c,MEL_Edge_204c.11,55.871999999999986
1.9607843137254901,"channelID: 302",Edge_204c,MEL_Edge_204c.11,55.89599999999999
1.9230769230769231,"channelID: 302",Edge_204c,MEL_Edge_204c.11,55.90799999999998
1.9607843137254901,"channelID: 302",Edge_204c,MEL_Edge_204c.11,56.36037999999998
2.0,"channelID: 302",Edge_204c,MEL_Edge_204c.11,65.97997
2.0408163265306123,"channelID: 302",Edge_204c,MEL_Edge_204c.11,70.71945
2.0833333333333335,"channelID: 302",Edge_204c,MEL_Edge_204c.11,74.05153
2.127659574468085,"channelID: 302",Edge_204c,MEL_Edge_204c.11,76.7716
2.1739130434782608,"channelID: 302",Edge_204c,MEL_Edge_204c.11,78.22188000000001
2.2222222222222223,"channelID: 302",Edge_204c,MEL_Edge_204c.11,78.91193000000001
2.272727272727273,"channelID: 302",Edge_204c,MEL_Edge_204c.11,80.97198
2.3255813953488373,"channelID: 302",Edge_204c,MEL_Edge_204c.11,82.32718
2.380952380952381,"channelID: 302",Edge_204c,MEL_Edge_204c.11,83.65631
2.4390243902439024,"channelID: 302",Edge_204c,MEL_Edge_204c.11,83.96900000000001
2.5,"channelID: 302",Edge_204c,MEL_Edge_204c.11,84.36533000000001
2.5641025641025643,"channelID: 302",Edge_204c,MEL_Edge_204c.11,85.05455000000002
2.6315789473684212,"channelID: 302",Edge_204c,MEL_Edge_204c.11,85.38882000000002
2.7027027027027026,"channelID: 302",Edge_204c,MEL_Edge_204c.11,85.96643000000003
2.7777777777777777,"channelID: 302",Edge_204c,MEL_Edge_204c.11,86.63245000000003
2.857142857142857,"channelID: 302",Edge_204c,MEL_Edge_204c.11,86.74255000000004
2.9411764705882355,"channelID: 302",Edge_204c,MEL_Edge_204c.11,86.75032000000003
3.0303030303030303,"channelID: 302",Edge_204c,MEL_Edge_204c.11,87.05813000000003
3.125,"channelID: 302",Edge_204c,MEL_Edge_204c.11,87.15712000000003
3.225806451612903,"channelID: 302",Edge_204c,MEL_Edge_204c.11,87.23026000000003
3.3333333333333335,"channelID: 302",Edge_204c,MEL_Edge_204c.11,87.34863000000003
3.4482758620689653,"channelID: 302",Edge_204c,MEL_Edge_204c.11,87.45298000000003
3.5714285714285716,"channelID: 302",Edge_204c,MEL_Edge_204c.11,87.53999000000003
3.7037037037037037,"channelID: 302",Edge_204c,MEL_Edge_204c.11,87.54896000000004
3.8461538461538463,"channelID: 302",Edge_204c,MEL_Edge_204c.11,87.65280000000004
4.0,"channelID: 302",Edge_204c,MEL_Edge_204c.11,87.73368000000004
4.166666666666667,"channelID: 302",Edge_204c,MEL_Edge_204c.11,87.78068000000003
4.3478260869565215,"channelID: 302",Edge_204c,MEL_Edge_204c.11,87.80126000000003
4.545454545454546,"channelID: 302",Edge_204c,MEL_Edge_204c.11,87.86788000000003
4.761904761904762,"channelID: 302",Edge_204c,MEL_Edge_204c.11,87.87374000000003
5.0,"channelID: 302",Edge_204c,MEL_Edge_204c.11,87.88458000000003
5.2631578947368425,"channelID: 302",Edge_204c,MEL_Edge_204c.11,87.92958000000003
5.555555555555555,"channelID: 302",Edge_204c,MEL_Edge_204c.11,87.93648000000003
5.882352941176471,"channelID: 302",Edge_204c,MEL_Edge_204c.11,87.95341000000003
2.7027027027027026,"channelID: 303",Edge_204c,MEL_Edge_204c.14,55.57199999999998
2.6315789473684212,"channelID: 303",Edge_204c,MEL_Edge_204c.14,55.61599999999998
2.5641025641025643,"channelID: 303",Edge_204c,MEL_Edge_204c.14,55.61999999999998
2.5,"channelID: 303",Edge_204c,MEL_Edge_204c.14,55.63199999999998
2.380952380952381,"channelID: 303",Edge_204c,MEL_Edge_204c.14,55.65599999999997
2.272727272727273,"channelID: 303",Edge_204c,MEL_Edge_204c.14,55.67999999999998
2.1739130434782608,"channelID: 303",Edge_204c,MEL_Edge_204c.14,55.69199999999997
2.127659574468085,"channelID: 303",Edge_204c,MEL_Edge_204c.14,55.71599999999997
2.0833333333333335,"channelID: 303",Edge_204c,MEL_Edge_204c.14,55.78799999999998
2.0408163265306123,"channelID: 303",Edge_204c,MEL_Edge_204c.14,55.843999999999966
2.0,"channelID: 303",Edge_204c,MEL_Edge_204c.14,55.871999999999986
1.9607843137254901,"channelID: 303",Edge_204c,MEL_Edge_204c.14,55.89599999999999
1.9230769230769231,"channelID: 303",Edge_204c,MEL_Edge_204c.14,55.90799999999998
1.9607843137254901,"channelID: 303",Edge_204c,MEL_Edge_204c.14,56.36037999999998
2.0,"channelID: 303",Edge_204c,MEL_Edge_204c.14,65.97997
2.0408163265306123,"channelID: 303",Edge_204c,MEL_Edge_204c.14,70.71945
2.0833333333333335,"channelID: 303",Edge_204c,MEL_Edge_204c.14,74.05153
2.127659574468085,"channelID: 303",Edge_204c,MEL_Edge_204c.14,76.7716
2.1739130434782608,"channelID: 303",Edge_204c,MEL_Edge_204c.14,78.22188000000001
2.2222222222222223,"channelID: 303",Edge_204c,MEL_Edge_204c.14,78.91193000000001
2.272727272727273,"channelID: 303",Edge_204c,MEL_Edge_204c.14,80.97198
2.3255813953488373,"channelID: 303",Edge_204c,MEL_Edge_204c.14,82.32718
2.380952380952381,"channelID: 303",Edge_204c,MEL_Edge_204c.14,83.65631
2.4390243902439024,"channelID: 303",Edge_204c,MEL_Edge_204c.14,83.96900000000001
2.5,"channelID: 303",Edge_204c,MEL_Edge_204c.14,84.36533000000001
2.5641025641025643,"channelID: 303",Edge_204c,MEL_Edge_204c.14,85.05455000000002
2.6315789473684212,"channelID: 303",Edge_204c,MEL_Edge_204c.14,85.38882000000002
2.7027027027027026,"channelID: 303",Edge_204c,MEL_Edge_204c.14,85.96643000000003
2.7777777777777777,"channelID: 303",Edge_204c,MEL_Edge_204c.14,86.63245000000003
2.857142857142857,"channelID: 303",Edge_204c,MEL_Edge_204c.14,86.74255000000004
2.9411764705882355,"channelID: 303",Edge_204c,MEL_Edge_204c.14,86.75032000000003
3.0303030303030303,"channelID: 303",Edge_204c,MEL_Edge_204c.14,87.05813000000003
3.125,"channelID: 303",Edge_204c,MEL_Edge_204c.14,87.15712000000003
3.225806451612903,"channelID: 303",Edge_204c,MEL_Edge_204c.14,87.23026000000003
3.3333333333333335,"channelID: 303",Edge_204c,MEL_Edge_204c.14,87.34863000000003
3.4482758620689653,"channelID: 303",Edge_204c,MEL_Edge_204c.14,87.45298000000003
3.5714285714285716,"channelID: 303",Edge_204c,MEL_Edge_204c.14,87.53999000000003
3.7037037037037037,"channelID: 303",Edge_204c,MEL_Edge_204c.14,87.54896000000004
3.8461538461538463,"channelID: 303",Edge_204c,MEL_Edge_204c.14,87.65280000000004
4.0,"channelID: 303",Edge_204c,MEL_Edge_204c.14,87.73368000000004
4.166666666666667,"channelID: 303",Edge_204c,MEL_Edge_204c.14,87.78068000000003
4.3478260869565215,"channelID: 303",Edge_204c,MEL_Edge_204c.14,87.80126000000003
4.545454545454546,"channelID: 303",Edge_204c,MEL_Edge_204c.14,87.86788000000003
4.761904761904762,"channelID: 303",Edge_204c,MEL_Edge_204c.14,87.87374000000003
5.0,"channelID: 303",Edge_204c,MEL_Edge_204c.14,87.88458000000003
5.2631578947368425,"channelID: 303",Edge_204c,MEL_Edge_204c.14,87.92958000000003
5.555555555555555,"channelID: 303",Edge_204c,MEL_Edge_204c.14,87.93648000000003
5.882352941176471,"channelID: 303",Edge_204c,MEL_Edge_204c.14,87.95341000000003
6.25,"channelID: 303",Edge_204c,MEL_Edge_204c.14,87.96700000000003
2.6315789473684212,"channelID: 304",Edge_204c,MEL_Edge_204c.11,55.61599999999998
2.5641025641025643,"channelID: 304",Edge_204c,MEL_Edge_204c.11,55.61999999999998
2.5,"channelID: 304",Edge_204c,MEL_Edge_204c.11,55.63199999999998
2.380952380952381,"channelID: 304",Edge_204c,MEL_Edge_204c.11,55.65599999999997
2.272727272727273,"channelID: 304",Edge_204c,MEL_Edge_204c.11,55.67999999999998
2.1739130434782608,"channelID: 304",Edge_204c,MEL_Edge_204c.11,55.69199999999997
2.127659574468085,"channelID: 304",Edge_204c,MEL_Edge_204c.11,55.71599999999997
2.0833333333333335,"channelID: 304",Edge_204c,MEL_Edge_204c.11,55.78799999999998
2.0408163265306123,"channelID: 304",Edge_204c,MEL_Edge_204c.11,55.843999999999966
2.0,"channelID: 304",Edge_204c,MEL_Edge_204c.11,55.871999999999986
1.9607843137254901,"channelID: 304",Edge_204c,MEL_Edge_204c.11,55.89599999999999
1.9230769230769231,"channelID: 304",Edge_204c,MEL_Edge_204c.11,55.90799999999998
1.9607843137254901,"channelID: 304",Edge_204c,MEL_Edge_204c.11,56.36037999999998
2.0,"channelID: 304",Edge_204c,MEL_Edge_204c.11,65.97997
2.0408163265306123,"channelID: 304",Edge_204c,MEL_Edge_204c.11,70.71945
2.0833333333333335,"channelID: 304",Edge_204c,MEL_Edge_204c.11,74.05153
2.127659574468085,"channelID: 304",Edge_204c,MEL_Edge_204c.11,76.7716
2.1739130434782608,"channelID: 304",Edge_204c,MEL_Edge_204c.11,78.22188000000001
2.2222222222222223,"channelID: 304",Edge_204c,MEL_Edge_204c.11,78.91193000000001
2.272727272727273,"channelID: 304",Edge_204c,MEL_Edge_204c.11,80.97198
2.3255813953488373,"channelID: 304",Edge_204c,MEL_Edge_204c.11,82.32718
2.380952380952381,"channelID: 304",Edge_204c,MEL_Edge_204c.11,83.65631
2.4390243902439024,"channelID: 304",Edge_204c,MEL_Edge_204c.11,83.96900000000001
2.5,"channelID: 304",Edge_204c,MEL_Edge_204c.11,84.36533000000001
2.5641025641025643,"channelID: 304",Edge_204c,MEL_Edge_204c.11,85.05455000000002
2.6315789473684212,"channelID: 304",Edge_204c,MEL_Edge_204c.11,85.38882000000002
2.7027027027027026,"channelID: 304",Edge_204c,MEL_Edge_204c.11,85.96643000000003
2.7777777777777777,"channelID: 304",Edge_204c,MEL_Edge_204c.11,86.63245000000003
2.857142857142857,"channelID: 304",Edge_204c,MEL_Edge_204c.11,86.74255000000004
2.9411764705882355,"channelID: 304",Edge_204c,MEL_Edge_204c.11,86.75032000000003
3.0303030303030303,"channelID: 304",Edge_204c,MEL_Edge_204c.11,87.05813000000003
3.125,"channelID: 304",Edge_204c,MEL_Edge_204c.11,87.15712000000003
3.225806451612903,"channelID: 304",Edge_204c,MEL_Edge_204c.11,87.23026000000003
3.3333333333333335,"channelID: 304",Edge_204c,MEL_Edge_204c.11,87.34863000000003
3.4482758620689653,"channelID: 304",Edge_204c,MEL_Edge_204c.11,87.45298000000003
3.5714285714285716,"channelID: 304",Edge_204c,MEL_Edge_204c.11,87.53999000000003
3.7037037037037037,"channelID: 304",Edge_204c,MEL_Edge_204c.11,87.54896000000004
3.8461538461538463,"channelID: 304",Edge_204c,MEL_Edge_204c.11,87.65280000000004
4.0,"channelID: 304",Edge_204c,MEL_Edge_204c.11,87.73368000000004
4.166666666666667,"channelID: 304",Edge_204c,MEL_Edge_204c.11,87.78068000000003
4.3478260869565215,"channelID: 304",Edge_204c,MEL_Edge_204c.11,87.80126000000003
4.545454545454546,"channelID: 304",Edge_204c,MEL_Edge_204c.11,87.86788000000003
4.761904761904762,"channelID: 304",Edge_204c,MEL_Edge_204c.11,87.87374000000003
5.0,"channelID: 304",Edge_204c,MEL_Edge_204c.11,87.88458000000003
5.2631578947368425,"channelID: 304",Edge_204c,MEL_Edge_204c.11,87.92958000000003
5.555555555555555,"channelID: 304",Edge_204c,MEL_Edge_204c.11,87.93648000000003
5.882352941176471,"channelID: 304",Edge_204c,MEL_Edge_204c.11,87.95341000000003
6.25,"channelID: 304",Edge_204c,MEL_Edge_204c.11,87.96700000000003
6.666666666666667,"channelID: 304",Edge_204c,MEL_Edge_204c.11,87.97056000000002
2.5641025641025643,"channelID: 305",Edge_204c,MEL_Edge_204c.14,55.61999999999998
2.5,"channelID: 305",Edge_204c,MEL_Edge_204c.14,55.63199999999998
2.380952380952381,"channelID: 305",Edge_204c,MEL_Edge_204c.14,55.65599999999997
2.272727272727273,"channelID: 305",Edge_204c,MEL_Edge_204c.14,55.67999999999998
2.1739130434782608,"channelID: 305",Edge_204c,MEL_Edge_204c.14,55.69199999999997
2.127659574468085,"channelID: 305",Edge_204c,MEL_Edge_204c.14,55.71599999999997
2.0833333333333335,"channelID: 305",Edge_204c,MEL_Edge_204c.14,55.78799999999998
2.0408163265306123,"channelID: 305",Edge_204c,MEL_Edge_204c.14,55.843999999999966
2.0,"channelID: 305",Edge_204c,MEL_Edge_204c.14,55.871999999999986
1.9607843137254901,"channelID: 305",Edge_204c,MEL_Edge_204c.14,55.89599999999999
1.9230769230769231,"channelID: 305",Edge_204c,MEL_Edge_204c.14,55.90799999999998
1.9607843137254901,"channelID: 305",Edge_204c,MEL_Edge_204c.14,56.36037999999998
2.0,"channelID: 305",Edge_204c,MEL_Edge_204c.14,65.97997
2.0408163265306123,"channelID: 305",Edge_204c,MEL_Edge_204c.14,70.71945
2.0833333333333335,"channelID: 305",Edge_204c,MEL_Edge_204c.14,74.05153
2.127659574468085,"channelID: 305",Edge_204c,MEL_Edge_204c.14,76.7716
2.1739130434782608,"channelID: 305",Edge_204c,MEL_Edge_204c.14,78.22188000000001
2.2222222222222223,"channelID: 305",Edge_204c,MEL_Edge_204c.14,78.91193000000001
2.272727272727273,"channelID: 305",Edge_204c,MEL_Edge_204c.14,80.97198
2.3255813953488373,"channelID: 305",Edge_204c,MEL_Edge_204c.14,82.32718
2.380952380952381,"channelID: 305",Edge_204c,MEL_Edge_204c.14,83.65631
2.4390243902439024,"channelID: 305",Edge_204c,MEL_Edge_204c.14,83.96900000000001
2.5,"channelID: 305",Edge_204c,MEL_Edge_204c.14,84.36533000000001
2.5641025641025643,"channelID: 305",Edge_204c,MEL_Edge_204c.14,85.05455000000002
2.6315789473684212,"channelID: 305",Edge_204c,MEL_Edge_204c.14,85.38882000000002
2.7027027027027026,"channelID: 305",Edge_204c,MEL_Edge_204c.14,85.96643000000003
2.7777777777777777,"channelID: 305",Edge_204c,MEL_Edge_204c.14,86.63245000000003
2.857142857142857,"channelID: 305",Edge_204c,MEL_Edge_204c.14,86.74255000000004
2.9411764705882355,"channelID: 305",Edge_204c,MEL_Edge_204c.14,86.75032000000003
3.0303030303030303,"channelID: 305",Edge_204c,MEL_Edge_204c.14,87.05813000000003
3.125,"channelID: 305",Edge_204c,MEL_Edge_204c.14,87.15712000000003
3.225806451612903,"channelID: 305",Edge_204c,MEL_Edge_204c.14,87.23026000000003
3.3333333333333335,"channelID: 305",Edge_204c,MEL_Edge_204c.14,87.34863000000003
3.4482758620689653,"channelID: 305",Edge_204c,MEL_Edge_204c.14,87.45298000000003
3.5714285714285716,"channelID: 305",Edge_204c,MEL_Edge_204c.14,87.53999000000003
3.7037037037037037,"channelID: 305",Edge_204c,MEL_Edge_204c.14,87.54896000000004
3.8461538461538463,"channelID: 305",Edge_204c,MEL_Edge_204c.14,87.65280000000004
4.0,"channelID: 305",Edge_204c,MEL_Edge_204c.14,87.73368000000004
4.166666666666667,"channelID: 305",Edge_204c,MEL_Edge_204c.14,87.78068000000003
4.3478260869565215,"channelID: 305",Edge_204c,MEL_Edge_204c.14,87.80126000000003
4.545454545454546,"channelID: 305",Edge_204c,MEL_Edge_204c.14,87.86788000000003
4.761904761904762,"channelID: 305",Edge_204c,MEL_Edge_204c.14,87.87374000000003
5.0,"channelID: 305",Edge_204c,MEL_Edge_204c.14,87.88458000000003
5.2631578947368425,"channelID: 305",Edge_204c,MEL_Edge_204c.14,87.92958000000003
5.555555555555555,"channelID: 305",Edge_204c,MEL_Edge_204c.14,87.93648000000003
5.882352941176471,"channelID: 305",Edge_204c,MEL_Edge_204c.14,87.95341000000003
6.25,"channelID: 305",Edge_204c,MEL_Edge_204c.14,87.96700000000003
6.666666666666667,"channelID: 305",Edge_204c,MEL_Edge_204c.14,87.97056000000002
7.142857142857143,"channelID: 305",Edge_204c,MEL_Edge_204c.14,87.98840000000003
2.5,"channelID: 310",Edge_204c,MEL_Edge_204c.17,55.63199999999998
2.380952380952381,"channelID: 310",Edge_204c,MEL_Edge_204c.17,55.65599999999997
2.272727272727273,"channelID: 310",Edge_204c,MEL_Edge_204c.17,55.67999999999998
2.1739130434782608,"channelID: 310",Edge_204c,MEL_Edge_204c.17,55.69199999999997
2.127659574468085,"channelID: 310",Edge_204c,MEL_Edge_204c.17,55.71599999999997
2.0833333333333335,"channelID: 310",Edge_204c,MEL_Edge_204c.17,55.78799999999998
2.0408163265306123,"channelID: 310",Edge_204c,MEL_Edge_204c.17,55.843999999999966
2.0,"channelID: 310",Edge_204c,MEL_Edge_204c.17,55.871999999999986
1.9607843137254901,"channelID: 310",Edge_204c,MEL_Edge_204c.17,55.89599999999999
1.9230769230769231,"channelID: 310",Edge_204c,MEL_Edge_204c.17,55.90799999999998
1.9607843137254901,"channelID: 310",Edge_204c,MEL_Edge_204c.17,56.36037999999998
2.0,"channelID: 310",Edge_204c,MEL_Edge_204c.17,65.97997
2.0408163265306123,"channelID: 310",Edge_204c,MEL_Edge_204c.17,70.71945
2.0833333333333335,"channelID: 310",Edge_204c,MEL_Edge_204c.17,74.05153
2.127659574468085,"channelID: 310",Edge_204c,MEL_Edge_204c.17,76.7716
2.1739130434782608,"channelID: 310",Edge_204c,MEL_Edge_204c.17,78.22188000000001
2.2222222222222223,"channelID: 310",Edge_204c,MEL_Edge_204c.17,78.91193000000001
2.272727272727273,"channelID: 310",Edge_204c,MEL_Edge_204c.17,80.97198
2.3255813953488373,"channelID: 310",Edge_204c,MEL_Edge_204c.17,82.32718
2.380952380952381,"channelID: 310",Edge_204c,MEL_Edge_204c.17,83.65631
2.4390243902439024,"channelID: 310",Edge_204c,MEL_Edge_204c.17,83.96900000000001
2.5,"channelID: 310",Edge_204c,MEL_Edge_204c.17,84.36533000000001
2.5641025641025643,"channelID: 310",Edge_204c,MEL_Edge_204c.17,85.05455000000002
2.6315789473684212,"channelID: 310",Edge_204c,MEL_Edge_204c.17,85.38882000000002
2.7027027027027026,"channelID: 310",Edge_204c,MEL_Edge_204c.17,85.96643000000003
2.7777777777777777,"channelID: 310",Edge_204c,MEL_Edge_204c.17,86.63245000000003
2.857142857142857,"channelID: 310",Edge_204c,MEL_Edge_204c.17,86.74255000000004
2.9411764705882355,"channelID: 310",Edge_204c,MEL_Edge_204c.17,86.75032000000003
3.0303030303030303,"channelID: 310",Edge_204c,MEL_Edge_204c.17,87.05813000000003
3.125,"channelID: 310",Edge_204c,MEL_Edge_204c.17,87.15712000000003
3.225806451612903,"channelID: 310",Edge_204c,MEL_Edge_204c.17,87.23026000000003
3.3333333333333335,"channelID: 310",Edge_204c,MEL_Edge_204c.17,87.34863000000003
3.4482758620689653,"channelID: 310",Edge_204c,MEL_Edge_204c.17,87.45298000000003
3.5714285714285716,"channelID: 310",Edge_204c,MEL_Edge_204c.17,87.53999000000003
3.7037037037037037,"channelID: 310",Edge_204c,MEL_Edge_204c.17,87.54896000000004
3.8461538461538463,"channelID: 310",Edge_204c,MEL_Edge_204c.17,87.65280000000004
4.0,"channelID: 310",Edge_204c,MEL_Edge_204c.17,87.73368000000004
4.166666666666667,"channelID: 310",Edge_204c,MEL_Edge_204c.17,87.78068000000003
4.3478260869565215,"channelID: 310",Edge_204c,MEL_Edge_204c.17,87.80126000000003
4.545454545454546,"channelID: 310",Edge_204c,MEL_Edge_204c.17,87.86788000000003
4.761904761904762,"channelID: 310",Edge_204c,MEL_Edge_204c.17,87.87374000000003
5.0,"channelID: 310",Edge_204c,MEL_Edge_204c.17,87.88458000000003
5.2631578947368425,"channelID: 310",Edge_204c,MEL_Edge_204c.17,87.92958000000003
5.555555555555555,"channelID: 310",Edge_204c,MEL_Edge_204c.17,87.93648000000003
5.882352941176471,"channelID: 310",Edge_204c,MEL_Edge_204c.17,87.95341000000003
6.25,"channelID: 310",Edge_204c,MEL_Edge_204c.17,87.96700000000003
6.666666666666667,"channelID: 310",Edge_204c,MEL_Edge_204c.17,87.97056000000002
7.142857142857143,"channelID: 310",Edge_204c,MEL_Edge_204c.17,87.98840000000003
7.6923076923076925,"channelID: 310",Edge_204c,MEL_Edge_204c.17,87.98987000000002
2.380952380952381,"channelID: 311",Edge_204c,MEL_Edge_204c.11,55.65599999999997
2.272727272727273,"channelID: 311",Edge_204c,MEL_Edge_204c.11,55.67999999999998
2.1739130434782608,"channelID: 311",Edge_204c,MEL_Edge_204c.11,55.69199999999997
2.127659574468085,"channelID: 311",Edge_204c,MEL_Edge_204c.11,55.71599999999997
2.0833333333333335,"channelID: 311",Edge_204c,MEL_Edge_204c.11,55.78799999999998
2.0408163265306123,"channelID: 311",Edge_204c,MEL_Edge_204c.11,55.843999999999966
2.0,"channelID: 311",Edge_204c,MEL_Edge_204c.11,55.871999999999986
1.9607843137254901,"channelID: 311",Edge_204c,MEL_Edge_204c.11,55.89599999999999
1.9230769230769231,"channelID: 311",Edge_204c,MEL_Edge_204c.11,55.90799999999998
1.9607843137254901,"channelID: 311",Edge_204c,MEL_Edge_204c.11,56.36037999999998
2.0,"channelID: 311",Edge_204c,MEL_Edge_204c.11,65.97997
2.0408163265306123,"channelID: 311",Edge_204c,MEL_Edge_204c.11,70.71945
2.0833333333333335,"channelID: 311",Edge_204c,MEL_Edge_204c.11,74.05153
2.127659574468085,"channelID: 311",Edge_204c,MEL_Edge_204c.11,76.7716
2.1739130434782608,"channelID: 311",Edge_204c,MEL_Edge_204c.11,78.22188000000001
2.2222222222222223,"channelID: 311",Edge_204c,MEL_Edge_204c.11,78.91193000000001
2.272727272727273,"channelID: 311",Edge_204c,MEL_Edge_204c.11,80.97198
2.3255813953488373,"channelID: 311",Edge_204c,MEL_Edge_204c.11,82.32718
2.380952380952381,"channelID: 311",Edge_204c,MEL_Edge_204c.11,83.65631
2.4390243902439024,"channelID: 311",Edge_204c,MEL_Edge_204c.11,83.96900000000001
2.5,"channelID: 311",Edge_204c,MEL_Edge_204c.11,84.36533000000001
2.5641025641025643,"channelID: 311",Edge_204c,MEL_Edge_204c.11,85.05455000000002
2.6315789473684212,"channelID: 311",Edge_204c,MEL_Edge_204c.11,85.38882000000002
2.7027027027027026,"channelID: 311",Edge_204c,MEL_Edge_204c.11,85.96643000000003
2.7777777777777777,"channelID: 311",Edge_204c,MEL_Edge_204c.11,86.63245000000003
2.857142857142857,"channelID: 311",Edge_204c,MEL_Edge_204c.11,86.74255000000004
2.9411764705882355,"channelID: 311",Edge_204c,MEL_Edge_204c.11,86.75032000000003
3.0303030303030303,"channelID: 311",Edge_204c,MEL_Edge_204c.11,87.05813000000003
3.125,"channelID: 311",Edge_204c,MEL_Edge_204c.11,87.15712000000003
3.225806451612903,"channelID: 311",Edge_204c,MEL_Edge_204c.11,87.23026000000003
3.3333333333333335,"channelID: 311",Edge_204c,MEL_Edge_204c.11,87.34863000000003
3.4482758620689653,"channelID: 311",Edge_204c,MEL_Edge_204c.11,87.45298000000003
3.5714285714285716,"channelID: 311",Edge_204c,MEL_Edge_204c.11,87.53999000000003
3.7037037037037037,"channelID: 311",Edge_204c,MEL_Edge_204c.11,87.54896000000004
3.8461538461538463,"channelID: 311",Edge_204c,MEL_Edge_204c.11,87.65280000000004
4.0,"channelID: 311",Edge_204c,MEL_Edge_204c.11,87.73368000000004
4.166666666666667,"channelID: 311",Edge_204c,MEL_Edge_204c.11,87.78068000000003
4.3478260869565215,"channelID: 311",Edge_204c,MEL_Edge_204c.11,87.80126000000003
4.545454545454546,"channelID: 311",Edge_204c,MEL_Edge_204c.11,87.86788000000003
4.761904761904762,"channelID: 311",Edge_204c,MEL_Edge_204c.11,87.87374000000003
5.0,"channelID: 311",Edge_204c,MEL_Edge_204c.11,87.88458000000003
5.2631578947368425,"channelID: 311",Edge_204c,MEL_Edge_204c.11,87.92958000000003
5.555555555555555,"channelID: 311",Edge_204c,MEL_Edge_204c.11,87.93648000000003
5.882352941176471,"channelID: 311",Edge_204c,MEL_Edge_204c.11,87.95341000000003
6.25,"channelID: 311",Edge_204c,MEL_Edge_204c.11,87.96700000000003
6.666666666666667,"channelID: 311",Edge_204c,MEL_Edge_204c.11,87.97056000000002
7.142857142857143,"channelID: 311",Edge_204c,MEL_Edge_204c.11,87.98840000000003
7.6923076923076925,"channelID: 311",Edge_204c,MEL_Edge_204c.11,87.98987000000002
8.333333333333334,"channelID: 311",Edge_204c,MEL_Edge_204c.11,87.99387000000003
2.380952380952381,"channelID: 312",Edge_204c,MEL_Edge_204c.14,55.65599999999997
2.272727272727273,"channelID: 312",Edge_204c,MEL_Edge_204c.14,55.67999999999998
2.1739130434782608,"channelID: 312",Edge_204c,MEL_Edge_204c.14,55.69199999999997
2.127659574468085,"channelID: 312",Edge_204c,MEL_Edge_204c.14,55.71599999999997
2.0833333333333335,"channelID: 312",Edge_204c,MEL_Edge_204c.14,55.78799999999998
2.0408163265306123,"channelID: 312",Edge_204c,MEL_Edge_204c.14,55.843999999999966
2.0,"channelID: 312",Edge_204c,MEL_Edge_204c.14,55.871999999999986
1.9607843137254901,"channelID: 312",Edge_204c,MEL_Edge_204c.14,55.89599999999999
1.9230769230769231,"channelID: 312",Edge_204c,MEL_Edge_204c.14,55.90799999999998
1.9607843137254901,"channelID: 312",Edge_204c,MEL_Edge_204c.14,56.36037999999998
2.0,"channelID: 312",Edge_204c,MEL_Edge_204c.14,65.97997
2.0408163265306123,"channelID: 312",Edge_204c,MEL_Edge_204c.14,70.71945
2.0833333333333335,"channelID: 312",Edge_204c,MEL_Edge_204c.14,74.05153
2.127659574468085,"channelID: 312",Edge_204c,MEL_Edge_204c.14,76.7716
2.1739130434782608,"channelID: 312",Edge_204c,MEL_Edge_204c.14,78.22188000000001
2.2222222222222223,"channelID: 312",Edge_204c,MEL_Edge_204c.14,78.91193000000001
2.272727272727273,"channelID: 312",Edge_204c,MEL_Edge_204c.14,80.97198
2.3255813953488373,"channelID: 312",Edge_204c,MEL_Edge_204c.14,82.32718
2.380952380952381,"channelID: 312",Edge_204c,MEL_Edge_204c.14,83.65631
2.4390243902439024,"channelID: 312",Edge_204c,MEL_Edge_204c.14,83.96900000000001
2.5,"channelID: 312",Edge_204c,MEL_Edge_204c.14,84.36533000000001
2.5641025641025643,"channelID: 312",Edge_204c,MEL_Edge_204c.14,85.05455000000002
2.6315789473684212,"channelID: 312",Edge_204c,MEL_Edge_204c.14,85.38882000000002
2.7027027027027026,"channelID: 312",Edge_204c,MEL_Edge_204c.14,85.96643000000003
2.7777777777777777,"channelID: 312",Edge_204c,MEL_Edge_204c.14,86.63245000000003
2.857142857142857,"channelID: 312",Edge_204c,MEL_Edge_204c.14,86.74255000000004
2.9411764705882355,"channelID: 312",Edge_204c,MEL_Edge_204c.14,86.75032000000003
3.0303030303030303,"channelID: 312",Edge_204c,MEL_Edge_204c.14,87.05813000000003
3.125,"channelID: 312",Edge_204c,MEL_Edge_204c.14,87.15712000000003
3.225806451612903,"channelID: 312",Edge_204c,MEL_Edge_204c.14,87.23026000000003
3.3333333333333335,"channelID: 312",Edge_204c,MEL_Edge_204c.14,87.34863000000003
3.4482758620689653,"channelID: 312",Edge_204c,MEL_Edge_204c.14,87.45298000000003
3.5714285714285716,"channelID: 312",Edge_204c,MEL_Edge_204c.14,87.53999000000003
3.7037037037037037,"channelID: 312",Edge_204c,MEL_Edge_204c.14,87.54896000000004
3.8461538461538463,"channelID: 312",Edge_204c,MEL_Edge_204c.14,87.65280000000004
4.0,"channelID: 312",Edge_204c,MEL_Edge_204c.14,87.73368000000004
4.166666666666667,"channelID: 312",Edge_204c,MEL_Edge_204c.14,87.78068000000003
4.3478260869565215,"channelID: 312",Edge_204c,MEL_Edge_204c.14,87.80126000000003
4.545454545454546,"channelID: 312",Edge_204c,MEL_Edge_204c.14,87.86788000000003
4.761904761904762,"channelID: 312",Edge_204c,MEL_Edge_204c.14,87.87374000000003
5.0,"channelID: 312",Edge_204c,MEL_Edge_204c.14,87.88458000000003
5.2631578947368425,"channelID: 312",Edge_204c,MEL_Edge_204c.14,87.92958000000003
5.555555555555555,"channelID: 312",Edge_204c,MEL_Edge_204c.14,87.93648000000003
5.882352941176471,"channelID: 312",Edge_204c,MEL_Edge_204c.14,87.95341000000003
6.25,"channelID: 312",Edge_204c,MEL_Edge_204c.14,87.96700000000003
6.666666666666667,"channelID: 312",Edge_204c,MEL_Edge_204c.14,87.97056000000002
7.142857142857143,"channelID: 312",Edge_204c,MEL_Edge_204c.14,87.98840000000003
7.6923076923076925,"channelID: 312",Edge_204c,MEL_Edge_204c.14,87.98987000000002
8.333333333333334,"channelID: 312",Edge_204c,MEL_Edge_204c.14,87.99387000000003
9.090909090909092,"channelID: 312",Edge_204c,MEL_Edge_204c.14,88.00106000000002
2.272727272727273,"channelID: 313",Edge_204c,MEL_Edge_204c.11,55.67999999999998
2.1739130434782608,"channelID: 313",Edge_204c,MEL_Edge_204c.11,55.69199999999997
2.127659574468085,"channelID: 313",Edge_204c,MEL_Edge_204c.11,55.71599999999997
2.0833333333333335,"channelID: 313",Edge_204c,MEL_Edge_204c.11,55.78799999999998
2.0408163265306123,"channelID: 313",Edge_204c,MEL_Edge_204c.11,55.843999999999966
2.0,"channelID: 313",Edge_204c,MEL_Edge_204c.11,55.871999999999986
1.9607843137254901,"channelID: 313",Edge_204c,MEL_Edge_204c.11,55.89599999999999
1.9230769230769231,"channelID: 313",Edge_204c,MEL_Edge_204c.11,55.90799999999998
1.9607843137254901,"channelID: 313",Edge_204c,MEL_Edge_204c.11,56.36037999999998
2.0,"channelID: 313",Edge_204c,MEL_Edge_204c.11,65.97997
2.0408163265306123,"channelID: 313",Edge_204c,MEL_Edge_204c.11,70.71945
2.0833333333333335,"channelID: 313",Edge_204c,MEL_Edge_204c.11,74.05153
2.127659574468085,"channelID: 313",Edge_204c,MEL_Edge_204c.11,76.7716
2.1739130434782608,"channelID: 313",Edge_204c,MEL_Edge_204c.11,78.22188000000001
2.2222222222222223,"channelID: 313",Edge_204c,MEL_Edge_204c.11,78.91193000000001
2.272727272727273,"channelID: 313",Edge_204c,MEL_Edge_204c.11,80.97198
2.3255813953488373,"channelID: 313",Edge_204c,MEL_Edge_204c.11,82.32718
2.380952380952381,"channelID: 313",Edge_204c,MEL_Edge_204c.11,83.65631
2.4390243902439024,"channelID: 313",Edge_204c,MEL_Edge_204c.11,83.96900000000001
2.5,"channelID: 313",Edge_204c,MEL_Edge_204c.11,84.36533000000001
2.5641025641025643,"channelID: 313",Edge_204c,MEL_Edge_204c.11,85.05455000000002
2.6315789473684212,"channelID: 313",Edge_204c,MEL_Edge_204c.11,85.38882000000002
2.7027027027027026,"channelID: 313",Edge_204c,MEL_Edge_204c.11,85.96643000000003
2.7777777777777777,"channelID: 313",Edge_204c,MEL_Edge_204c.11,86.63245000000003
2.857142857142857,"channelID: 313",Edge_204c,MEL_Edge_204c.11,86.74255000000004
2.9411764705882355,"channelID: 313",Edge_204c,MEL_Edge_204c.11,86.75032000000003
3.0303030303030303,"channelID: 313",Edge_204c,MEL_Edge_204c.11,87.05813000000003
3.125,"channelID: 313",Edge_204c,MEL_Edge_204c.11,87.15712000000003
3.225806451612903,"channelID: 313",Edge_204c,MEL_Edge_204c.11,87.23026000000003
3.3333333333333335,"channelID: 313",Edge_204c,MEL_Edge_204c.11,87.34863000000003
3.4482758620689653,"channelID: 313",Edge_204c,MEL_Edge_204c.11,87.45298000000003
3.5714285714285716,"channelID: 313",Edge_204c,MEL_Edge_204c.11,87.53999000000003
3.7037037037037037,"channelID: 313",Edge_204c,MEL_Edge_204c.11,87.54896000000004
3.8461538461538463,"channelID: 313",Edge_204c,MEL_Edge_204c.11,87.65280000000004
4.0,"channelID: 313",Edge_204c,MEL_Edge_204c.11,87.73368000000004
4.166666666666667,"channelID: 313",Edge_204c,MEL_Edge_204c.11,87.78068000000003
4.3478260869565215,"channelID: 313",Edge_204c,MEL_Edge_204c.11,87.80126000000003
4.545454545454546,"channelID: 313",Edge_204c,MEL_Edge_204c.11,87.86788000000003
4.761904761904762,"channelID: 313",Edge_204c,MEL_Edge_204c.11,87.87374000000003
5.0,"channelID: 313",Edge_204c,MEL_Edge_204c.11,87.88458000000003
5.2631578947368425,"channelID: 313",Edge_204c,MEL_Edge_204c.11,87.92958000000003
5.555555555555555,"channelID: 313",Edge_204c,MEL_Edge_204c.11,87.93648000000003
5.882352941176471,"channelID: 313",Edge_204c,MEL_Edge_204c.11,87.95341000000003
6.25,"channelID: 313",Edge_204c,MEL_Edge_204c.11,87.96700000000003
6.666666666666667,"channelID: 313",Edge_204c,MEL_Edge_204c.11,87.97056000000002
7.142857142857143,"channelID: 313",Edge_204c,MEL_Edge_204c.11,87.98840000000003
7.6923076923076925,"channelID: 313",Edge_204c,MEL_Edge_204c.11,87.98987000000002
8.333333333333334,"channelID: 313",Edge_204c,MEL_Edge_204c.11,87.99387000000003
10.0,"channelID: 313",Edge_204c,MEL_Edge_204c.11,88.00106000000002
2.272727272727273,"channelID: 314",Edge_204c,MEL_Edge_204c.14,55.67999999999998
2.1739130434782608,"channelID: 314",Edge_204c,MEL_Edge_204c.14,55.69199999999997
2.127659574468085,"channelID: 314",Edge_204c,MEL_Edge_204c.14,55.71599999999997
2.0833333333333335,"channelID: 314",Edge_204c,MEL_Edge_204c.14,55.78799999999998
2.0408163265306123,"channelID: 314",Edge_204c,MEL_Edge_204c.14,55.843999999999966
2.0,"channelID: 314",Edge_204c,MEL_Edge_204c.14,55.871999999999986
1.9607843137254901,"channelID: 314",Edge_204c,MEL_Edge_204c.14,55.89599999999999
1.9230769230769231,"channelID: 314",Edge_204c,MEL_Edge_204c.14,55.90799999999998
1.9607843137254901,"channelID: 314",Edge_204c,MEL_Edge_204c.14,56.36037999999998
2.0,"channelID: 314",Edge_204c,MEL_Edge_204c.14,65.97997
2.0408163265306123,"channelID: 314",Edge_204c,MEL_Edge_204c.14,70.71945
2.0833333333333335,"channelID: 314",Edge_204c,MEL_Edge_204c.14,74.05153
2.127659574468085,"channelID: 314",Edge_204c,MEL_Edge_204c.14,76.7716
2.1739130434782608,"channelID: 314",Edge_204c,MEL_Edge_204c.14,78.22188000000001
2.2222222222222223,"channelID: 314",Edge_204c,MEL_Edge_204c.14,78.91193000000001
2.272727272727273,"channelID: 314",Edge_204c,MEL_Edge_204c.14,80.97198
2.3255813953488373,"channelID: 314",Edge_204c,MEL_Edge_204c.14,82.32718
2.380952380952381,"channelID: 314",Edge_204c,MEL_Edge_204c.14,83.65631
2.4390243902439024,"channelID: 314",Edge_204c,MEL_Edge_204c.14,83.96900000000001
2.5,"channelID: 314",Edge_204c,MEL_Edge_204c.14,84.36533000000001
2.5641025641025643,"channelID: 314",Edge_204c,MEL_Edge_204c.14,85.05455000000002
2.6315789473684212,"channelID: 314",Edge_204c,MEL_Edge_204c.14,85.38882000000002
2.7027027027027026,"channelID: 314",Edge_204c,MEL_Edge_204c.14,85.96643000000003
2.7777777777777777,"channelID: 314",Edge_204c,MEL_Edge_204c.14,86.63245000000003
2.857142857142857,"channelID: 314",Edge_204c,MEL_Edge_204c.14,86.74255000000004
2.9411764705882355,"channelID: 314",Edge_204c,MEL_Edge_204c.14,86.75032000000003
3.0303030303030303,"channelID: 314",Edge_204c,MEL_Edge_204c.14,87.05813000000003
3.125,"channelID: 314",Edge_204c,MEL_Edge_204c.14,87.15712000000003
3.225806451612903,"channelID: 314",Edge_204c,MEL_Edge_204c.14,87.23026000000003
3.3333333333333335,"channelID: 314",Edge_204c,MEL_Edge_204c.14,87.34863000000003
3.4482758620689653,"channelID: 314",Edge_204c,MEL_Edge_204c.14,87.45298000000003
3.5714285714285716,"channelID: 314",Edge_204c,MEL_Edge_204c.14,87.53999000000003
3.7037037037037037,"channelID: 314",Edge_204c,MEL_Edge_204c.14,87.54896000000004
3.8461538461538463,"channelID: 314",Edge_204c,MEL_Edge_204c.14,87.65280000000004
4.0,"channelID: 314",Edge_204c,MEL_Edge_204c.14,87.73368000000004
4.166666666666667,"channelID: 314",Edge_204c,MEL_Edge_204c.14,87.78068000000003
4.3478260869565215,"channelID: 314",Edge_204c,MEL_Edge_204c.14,87.80126000000003
4.545454545454546,"channelID: 314",Edge_204c,MEL_Edge_204c.14,87.86788000000003
4.761904761904762,"channelID: 314",Edge_204c,MEL_Edge_204c.14,87.87374000000003
5.0,"channelID: 314",Edge_204c,MEL_Edge_204c.14,87.88458000000003
5.2631578947368425,"channelID: 314",Edge_204c,MEL_Edge_204c.14,87.92958000000003
5.555555555555555,"channelID: 314",Edge_204c,MEL_Edge_204c.14,87.93648000000003
5.882352941176471,"channelID: 314",Edge_204c,MEL_Edge_204c.14,87.95341000000003
6.25,"channelID: 314",Edge_204c,MEL_Edge_204c.14,87.96700000000003
6.666666666666667,"channelID: 314",Edge_204c,MEL_Edge_204c.14,87.97056000000002
7.142857142857143,"channelID: 314",Edge_204c,MEL_Edge_204c.14,87.98840000000003
7.6923076923076925,"channelID: 314",Edge_204c,MEL_Edge_204c.14,87.98987000000002
8.333333333333334,"channelID: 314",Edge_204c,MEL_Edge_204c.14,87.99387000000003
10.0,"channelID: 314",Edge_204c,MEL_Edge_204c.14,88.00106000000002
11.11111111111111,"channelID: 314",Edge_204c,MEL_Edge_204c.14,88.00678000000002
2.1739130434782608,"channelID: 316",Edge_204c,MEL_Edge_204c.14,55.69199999999997
2.127659574468085,"channelID: 316",Edge_204c,MEL_Edge_204c.14,55.71599999999997
2.0833333333333335,"channelID: 316",Edge_204c,MEL_Edge_204c.14,55.78799999999998
2.0408163265306123,"channelID: 316",Edge_204c,MEL_Edge_204c.14,55.843999999999966
2.0,"channelID: 316",Edge_204c,MEL_Edge_204c.14,55.871999999999986
1.9607843137254901,"channelID: 316",Edge_204c,MEL_Edge_204c.14,55.89599999999999
1.9230769230769231,"channelID: 316",Edge_204c,MEL_Edge_204c.14,55.90799999999998
1.9607843137254901,"channelID: 316",Edge_204c,MEL_Edge_204c.14,56.36037999999998
2.0,"channelID: 316",Edge_204c,MEL_Edge_204c.14,65.97997
2.0408163265306123,"channelID: 316",Edge_204c,MEL_Edge_204c.14,70.71945
2.0833333333333335,"channelID: 316",Edge_204c,MEL_Edge_204c.14,74.05153
2.127659574468085,"channelID: 316",Edge_204c,MEL_Edge_204c.14,76.7716
2.1739130434782608,"channelID: 316",Edge_204c,MEL_Edge_204c.14,78.22188000000001
2.2222222222222223,"channelID: 316",Edge_204c,MEL_Edge_204c.14,78.91193000000001
2.272727272727273,"channelID: 316",Edge_204c,MEL_Edge_204c.14,80.97198
2.3255813953488373,"channelID: 316",Edge_204c,MEL_Edge_204c.14,82.32718
2.380952380952381,"channelID: 316",Edge_204c,MEL_Edge_204c.14,83.65631
2.4390243902439024,"channelID: 316",Edge_204c,MEL_Edge_204c.14,83.96900000000001
2.5,"channelID: 316",Edge_204c,MEL_Edge_204c.14,84.36533000000001
2.5641025641025643,"channelID: 316",Edge_204c,MEL_Edge_204c.14,85.05455000000002
2.6315789473684212,"channelID: 316",Edge_204c,MEL_Edge_204c.14,85.38882000000002
2.7027027027027026,"channelID: 316",Edge_204c,MEL_Edge_204c.14,85.96643000000003
2.7777777777777777,"channelID: 316",Edge_204c,MEL_Edge_204c.14,86.63245000000003
2.857142857142857,"channelID: 316",Edge_204c,MEL_Edge_204c.14,86.74255000000004
2.9411764705882355,"channelID: 316",Edge_204c,MEL_Edge_204c.14,86.75032000000003
3.0303030303030303,"channelID: 316",Edge_204c,MEL_Edge_204c.14,87.05813000000003
3.125,"channelID: 316",Edge_204c,MEL_Edge_204c.14,87.15712000000003
3.225806451612903,"channelID: 316",Edge_204c,MEL_Edge_204c.14,87.23026000000003
3.3333333333333335,"channelID: 316",Edge_204c,MEL_Edge_204c.14,87.34863000000003
3.4482758620689653,"channelID: 316",Edge_204c,MEL_Edge_204c.14,87.45298000000003
3.5714285714285716,"channelID: 316",Edge_204c,MEL_Edge_204c.14,87.53999000000003
3.7037037037037037,"channelID: 316",Edge_204c,MEL_Edge_204c.14,87.54896000000004
3.8461538461538463,"channelID: 316",Edge_204c,MEL_Edge_204c.14,87.65280000000004
4.0,"channelID: 316",Edge_204c,MEL_Edge_204c.14,87.73368000000004
4.166666666666667,"channelID: 316",Edge_204c,MEL_Edge_204c.14,87.78068000000003
4.3478260869565215,"channelID: 316",Edge_204c,MEL_Edge_204c.14,87.80126000000003
4.545454545454546,"channelID: 316",Edge_204c,MEL_Edge_204c.14,87.86788000000003
4.761904761904762,"channelID: 316",Edge_204c,MEL_Edge_204c.14,87.87374000000003
5.0,"channelID: 316",Edge_204c,MEL_Edge_204c.14,87.88458000000003
5.2631578947368425,"channelID: 316",Edge_204c,MEL_Edge_204c.14,87.92958000000003
5.555555555555555,"channelID: 316",Edge_204c,MEL_Edge_204c.14,87.93648000000003
5.882352941176471,"channelID: 316",Edge_204c,MEL_Edge_204c.14,87.95341000000003
6.25,"channelID: 316",Edge_204c,MEL_Edge_204c.14,87.96700000000003
6.666666666666667,"channelID: 316",Edge_204c,MEL_Edge_204c.14,87.97056000000002
7.142857142857143,"channelID: 316",Edge_204c,MEL_Edge_204c.14,87.98840000000003
7.6923076923076925,"channelID: 316",Edge_204c,MEL_Edge_204c.14,87.98987000000002
8.333333333333334,"channelID: 316",Edge_204c,MEL_Edge_204c.14,87.99387000000003
10.0,"channelID: 316",Edge_204c,MEL_Edge_204c.14,88.00106000000002
11.904761904761905,"channelID: 316",Edge_204c,MEL_Edge_204c.14,88.00678000000002
2.1739130434782608,"channelID: 315",Edge_204c,MEL_Edge_204c.11,55.69199999999997
2.127659574468085,"channelID: 315",Edge_204c,MEL_Edge_204c.11,55.71599999999997
2.0833333333333335,"channelID: 315",Edge_204c,MEL_Edge_204c.11,55.78799999999998
2.0408163265306123,"channelID: 315",Edge_204c,MEL_Edge_204c.11,55.843999999999966
2.0,"channelID: 315",Edge_204c,MEL_Edge_204c.11,55.871999999999986
1.9607843137254901,"channelID: 315",Edge_204c,MEL_Edge_204c.11,55.89599999999999
1.9230769230769231,"channelID: 315",Edge_204c,MEL_Edge_204c.11,55.90799999999998
1.9607843137254901,"channelID: 315",Edge_204c,MEL_Edge_204c.11,56.36037999999998
2.0,"channelID: 315",Edge_204c,MEL_Edge_204c.11,65.97997
2.0408163265306123,"channelID: 315",Edge_204c,MEL_Edge_204c.11,70.71945
2.0833333333333335,"channelID: 315",Edge_204c,MEL_Edge_204c.11,74.05153
2.127659574468085,"channelID: 315",Edge_204c,MEL_Edge_204c.11,76.7716
2.1739130434782608,"channelID: 315",Edge_204c,MEL_Edge_204c.11,78.22188000000001
2.2222222222222223,"channelID: 315",Edge_204c,MEL_Edge_204c.11,78.91193000000001
2.272727272727273,"channelID: 315",Edge_204c,MEL_Edge_204c.11,80.97198
2.3255813953488373,"channelID: 315",Edge_204c,MEL_Edge_204c.11,82.32718
2.380952380952381,"channelID: 315",Edge_204c,MEL_Edge_204c.11,83.65631
2.4390243902439024,"channelID: 315",Edge_204c,MEL_Edge_204c.11,83.96900000000001
2.5,"channelID: 315",Edge_204c,MEL_Edge_204c.11,84.36533000000001
2.5641025641025643,"channelID: 315",Edge_204c,MEL_Edge_204c.11,85.05455000000002
2.6315789473684212,"channelID: 315",Edge_204c,MEL_Edge_204c.11,85.38882000000002
2.7027027027027026,"channelID: 315",Edge_204c,MEL_Edge_204c.11,85.96643000000003
2.7777777777777777,"channelID: 315",Edge_204c,MEL_Edge_204c.11,86.63245000000003
2.857142857142857,"channelID: 315",Edge_204c,MEL_Edge_204c.11,86.74255000000004
2.9411764705882355,"channelID: 315",Edge_204c,MEL_Edge_204c.11,86.75032000000003
3.0303030303030303,"channelID: 315",Edge_204c,MEL_Edge_204c.11,87.05813000000003
3.125,"channelID: 315",Edge_204c,MEL_Edge_204c.11,87.15712000000003
3.225806451612903,"channelID: 315",Edge_204c,MEL_Edge_204c.11,87.23026000000003
3.3333333333333335,"channelID: 315",Edge_204c,MEL_Edge_204c.11,87.34863000000003
3.4482758620689653,"channelID: 315",Edge_204c,MEL_Edge_204c.11,87.45298000000003
3.5714285714285716,"channelID: 315",Edge_204c,MEL_Edge_204c.11,87.53999000000003
3.7037037037037037,"channelID: 315",Edge_204c,MEL_Edge_204c.11,87.54896000000004
3.8461538461538463,"channelID: 315",Edge_204c,MEL_Edge_204c.11,87.65280000000004
4.0,"channelID: 315",Edge_204c,MEL_Edge_204c.11,87.73368000000004
4.166666666666667,"channelID: 315",Edge_204c,MEL_Edge_204c.11,87.78068000000003
4.3478260869565215,"channelID: 315",Edge_204c,MEL_Edge_204c.11,87.80126000000003
4.545454545454546,"channelID: 315",Edge_204c,MEL_Edge_204c.11,87.86788000000003
4.761904761904762,"channelID: 315",Edge_204c,MEL_Edge_204c.11,87.87374000000003
5.0,"channelID: 315",Edge_204c,MEL_Edge_204c.11,87.88458000000003
5.2631578947368425,"channelID: 315",Edge_204c,MEL_Edge_204c.11,87.92958000000003
5.555555555555555,"channelID: 315",Edge_204c,MEL_Edge_204c.11,87.93648000000003
5.882352941176471,"channelID: 315",Edge_204c,MEL_Edge_204c.11,87.95341000000003
6.25,"channelID: 315",Edge_204c,MEL_Edge_204c.11,87.96700000000003
6.666666666666667,"channelID: 315",Edge_204c,MEL_Edge_204c.11,87.97056000000002
7.142857142857143,"channelID: 315",Edge_204c,MEL_Edge_204c.11,87.98840000000003
7.6923076923076925,"channelID: 315",Edge_204c,MEL_Edge_204c.11,87.98987000000002
8.333333333333334,"channelID: 315",Edge_204c,MEL_Edge_204c.11,87.99387000000003
10.0,"channelID: 315",Edge_204c,MEL_Edge_204c.11,88.00106000000002
11.904761904761905,"channelID: 315",Edge_204c,MEL_Edge_204c.11,88.00678000000002
12.048192771084338,"channelID: 315",Edge_204c,MEL_Edge_204c.11,88.00907000000002
2.127659574468085,"channelID: 317",Edge_204c,MEL_Edge_204c.17,55.71599999999997
2.0833333333333335,"channelID: 317",Edge_204c,MEL_Edge_204c.17,55.78799999999998
2.0408163265306123,"channelID: 317",Edge_204c,MEL_Edge_204c.17,55.843999999999966
2.0,"channelID: 317",Edge_204c,MEL_Edge_204c.17,55.871999999999986
1.9607843137254901,"channelID: 317",Edge_204c,MEL_Edge_204c.17,55.89599999999999
1.9230769230769231,"channelID: 317",Edge_204c,MEL_Edge_204c.17,55.90799999999998
1.9607843137254901,"channelID: 317",Edge_204c,MEL_Edge_204c.17,56.36037999999998
2.0,"channelID: 317",Edge_204c,MEL_Edge_204c.17,65.97997
2.0408163265306123,"channelID: 317",Edge_204c,MEL_Edge_204c.17,70.71945
2.0833333333333335,"channelID: 317",Edge_204c,MEL_Edge_204c.17,74.05153
2.127659574468085,"channelID: 317",Edge_204c,MEL_Edge_204c.17,76.7716
2.1739130434782608,"channelID: 317",Edge_204c,MEL_Edge_204c.17,78.22188000000001
2.2222222222222223,"channelID: 317",Edge_204c,MEL_Edge_204c.17,78.91193000000001
2.272727272727273,"channelID: 317",Edge_204c,MEL_Edge_204c.17,80.97198
2.3255813953488373,"channelID: 317",Edge_204c,MEL_Edge_204c.17,82.32718
2.380952380952381,"channelID: 317",Edge_204c,MEL_Edge_204c.17,83.65631
2.4390243902439024,"channelID: 317",Edge_204c,MEL_Edge_204c.17,83.96900000000001
2.5,"channelID: 317",Edge_204c,MEL_Edge_204c.17,84.36533000000001
2.5641025641025643,"channelID: 317",Edge_204c,MEL_Edge_204c.17,85.05455000000002
2.6315789473684212,"channelID: 317",Edge_204c,MEL_Edge_204c.17,85.38882000000002
2.7027027027027026,"channelID: 317",Edge_204c,MEL_Edge_204c.17,85.96643000000003
2.7777777777777777,"channelID: 317",Edge_204c,MEL_Edge_204c.17,86.63245000000003
2.857142857142857,"channelID: 317",Edge_204c,MEL_Edge_204c.17,86.74255000000004
2.9411764705882355,"channelID: 317",Edge_204c,MEL_Edge_204c.17,86.75032000000003
3.0303030303030303,"channelID: 317",Edge_204c,MEL_Edge_204c.17,87.05813000000003
3.125,"channelID: 317",Edge_204c,MEL_Edge_204c.17,87.15712000000003
3.225806451612903,"channelID: 317",Edge_204c,MEL_Edge_204c.17,87.23026000000003
3.3333333333333335,"channelID: 317",Edge_204c,MEL_Edge_204c.17,87.34863000000003
3.4482758620689653,"channelID: 317",Edge_204c,MEL_Edge_204c.17,87.45298000000003
3.5714285714285716,"channelID: 317",Edge_204c,MEL_Edge_204c.17,87.53999000000003
3.7037037037037037,"channelID: 317",Edge_204c,MEL_Edge_204c.17,87.54896000000004
3.8461538461538463,"channelID: 317",Edge_204c,MEL_Edge_204c.17,87.65280000000004
4.0,"channelID: 317",Edge_204c,MEL_Edge_204c.17,87.73368000000004
4.166666666666667,"channelID: 317",Edge_204c,MEL_Edge_204c.17,87.78068000000003
4.3478260869565215,"channelID: 317",Edge_204c,MEL_Edge_204c.17,87.80126000000003
4.545454545454546,"channelID: 317",Edge_204c,MEL_Edge_204c.17,87.86788000000003
4.761904761904762,"channelID: 317",Edge_204c,MEL_Edge_204c.17,87.87374000000003
5.0,"channelID: 317",Edge_204c,MEL_Edge_204c.17,87.88458000000003
5.2631578947368425,"channelID: 317",Edge_204c,MEL_Edge_204c.17,87.92958000000003
5.555555555555555,"channelID: 317",Edge_204c,MEL_Edge_204c.17,87.93648000000003
5.882352941176471,"channelID: 317",Edge_204c,MEL_Edge_204c.17,87.95341000000003
6.25,"channelID: 317",Edge_204c,MEL_Edge_204c.17,87.96700000000003
6.666666666666667,"channelID: 317",Edge_204c,MEL_Edge_204c.17,87.97056000000002
7.142857142857143,"channelID: 317",Edge_204c,MEL_Edge_204c.17,87.98840000000003
7.6923076923076925,"channelID: 317",Edge_204c,MEL_Edge_204c.17,87.98987000000002
8.333333333333334,"channelID: 317",Edge_204c,MEL_Edge_204c.17,87.99387000000003
10.0,"channelID: 317",Edge_204c,MEL_Edge_204c.17,88.00106000000002
11.904761904761905,"channelID: 317",Edge_204c,MEL_Edge_204c.17,88.00678000000002
12.195121951219512,"channelID: 317",Edge_204c,MEL_Edge_204c.17,88.00907000000002
2.0833333333333335,"channelID: 318",Edge_204c,MEL_Edge_204c.17,55.78799999999998
2.0408163265306123,"channelID: 318",Edge_204c,MEL_Edge_204c.17,55.843999999999966
2.0,"channelID: 318",Edge_204c,MEL_Edge_204c.17,55.871999999999986
1.9607843137254901,"channelID: 318",Edge_204c,MEL_Edge_204c.17,55.89599999999999
1.9230769230769231,"channelID: 318",Edge_204c,MEL_Edge_204c.17,55.90799999999998
1.9607843137254901,"channelID: 318",Edge_204c,MEL_Edge_204c.17,56.36037999999998
2.0,"channelID: 318",Edge_204c,MEL_Edge_204c.17,65.97997
2.0408163265306123,"channelID: 318",Edge_204c,MEL_Edge_204c.17,70.71945
2.0833333333333335,"channelID: 318",Edge_204c,MEL_Edge_204c.17,74.05153
2.127659574468085,"channelID: 318",Edge_204c,MEL_Edge_204c.17,76.7716
2.1739130434782608,"channelID: 318",Edge_204c,MEL_Edge_204c.17,78.22188000000001
2.2222222222222223,"channelID: 318",Edge_204c,MEL_Edge_204c.17,78.91193000000001
2.272727272727273,"channelID: 318",Edge_204c,MEL_Edge_204c.17,80.97198
2.3255813953488373,"channelID: 318",Edge_204c,MEL_Edge_204c.17,82.32718
2.380952380952381,"channelID: 318",Edge_204c,MEL_Edge_204c.17,83.65631
2.4390243902439024,"channelID: 318",Edge_204c,MEL_Edge_204c.17,83.96900000000001
2.5,"channelID: 318",Edge_204c,MEL_Edge_204c.17,84.36533000000001
2.5641025641025643,"channelID: 318",Edge_204c,MEL_Edge_204c.17,85.05455000000002
2.6315789473684212,"channelID: 318",Edge_204c,MEL_Edge_204c.17,85.38882000000002
2.7027027027027026,"channelID: 318",Edge_204c,MEL_Edge_204c.17,85.96643000000003
2.7777777777777777,"channelID: 318",Edge_204c,MEL_Edge_204c.17,86.63245000000003
2.857142857142857,"channelID: 318",Edge_204c,MEL_Edge_204c.17,86.74255000000004
2.9411764705882355,"channelID: 318",Edge_204c,MEL_Edge_204c.17,86.75032000000003
3.0303030303030303,"channelID: 318",Edge_204c,MEL_Edge_204c.17,87.05813000000003
3.125,"channelID: 318",Edge_204c,MEL_Edge_204c.17,87.15712000000003
3.225806451612903,"channelID: 318",Edge_204c,MEL_Edge_204c.17,87.23026000000003
3.3333333333333335,"channelID: 318",Edge_204c,MEL_Edge_204c.17,87.34863000000003
3.4482758620689653,"channelID: 318",Edge_204c,MEL_Edge_204c.17,87.45298000000003
3.5714285714285716,"channelID: 318",Edge_204c,MEL_Edge_204c.17,87.53999000000003
3.7037037037037037,"channelID: 318",Edge_204c,MEL_Edge_204c.17,87.54896000000004
3.8461538461538463,"channelID: 318",Edge_204c,MEL_Edge_204c.17,87.65280000000004
4.0,"channelID: 318",Edge_204c,MEL_Edge_204c.17,87.73368000000004
4.166666666666667,"channelID: 318",Edge_204c,MEL_Edge_204c.17,87.78068000000003
4.3478260869565215,"channelID: 318",Edge_204c,MEL_Edge_204c.17,87.80126000000003
4.545454545454546,"channelID: 318",Edge_204c,MEL_Edge_204c.17,87.86788000000003
4.761904761904762,"channelID: 318",Edge_204c,MEL_Edge_204c.17,87.87374000000003
5.0,"channelID: 318",Edge_204c,MEL_Edge_204c.17,87.88458000000003
5.2631578947368425,"channelID: 318",Edge_204c,MEL_Edge_204c.17,87.92958000000003
5.555555555555555,"channelID: 318",Edge_204c,MEL_Edge_204c.17,87.93648000000003
5.882352941176471,"channelID: 318",Edge_204c,MEL_Edge_204c.17,87.95341000000003
6.25,"channelID: 318",Edge_204c,MEL_Edge_204c.17,87.96700000000003
6.666666666666667,"channelID: 318",Edge_204c,MEL_Edge_204c.17,87.97056000000002
7.142857142857143,"channelID: 318",Edge_204c,MEL_Edge_204c.17,87.98840000000003
7.6923076923076925,"channelID: 318",Edge_204c,MEL_Edge_204c.17,87.98987000000002
8.333333333333334,"channelID: 318",Edge_204c,MEL_Edge_204c.17,87.99387000000003
10.0,"channelID: 318",Edge_204c,MEL_Edge_204c.17,88.00106000000002
11.904761904761905,"channelID: 318",Edge_204c,MEL_Edge_204c.17,88.00678000000002
12.195121951219512,"channelID: 318",Edge_204c,MEL_Edge_204c.17,88.00907000000002
12.345679012345679,"channelID: 318",Edge_204c,MEL_Edge_204c.17,88.01334000000003
2.0408163265306123,"channelID: 319",Edge_204c,MEL_Edge_204c.17,55.843999999999966
2.0,"channelID: 319",Edge_204c,MEL_Edge_204c.17,55.871999999999986
1.9607843137254901,"channelID: 319",Edge_204c,MEL_Edge_204c.17,55.89599999999999
1.9230769230769231,"channelID: 319",Edge_204c,MEL_Edge_204c.17,55.90799999999998
1.9607843137254901,"channelID: 319",Edge_204c,MEL_Edge_204c.17,56.36037999999998
2.0,"channelID: 319",Edge_204c,MEL_Edge_204c.17,65.97997
2.0408163265306123,"channelID: 319",Edge_204c,MEL_Edge_204c.17,70.71945
2.0833333333333335,"channelID: 319",Edge_204c,MEL_Edge_204c.17,74.05153
2.127659574468085,"channelID: 319",Edge_204c,MEL_Edge_204c.17,76.7716
2.1739130434782608,"channelID: 319",Edge_204c,MEL_Edge_204c.17,78.22188000000001
2.2222222222222223,"channelID: 319",Edge_204c,MEL_Edge_204c.17,78.91193000000001
2.272727272727273,"channelID: 319",Edge_204c,MEL_Edge_204c.17,80.97198
2.3255813953488373,"channelID: 319",Edge_204c,MEL_Edge_204c.17,82.32718
2.380952380952381,"channelID: 319",Edge_204c,MEL_Edge_204c.17,83.65631
2.4390243902439024,"channelID: 319",Edge_204c,MEL_Edge_204c.17,83.96900000000001
2.5,"channelID: 319",Edge_204c,MEL_Edge_204c.17,84.36533000000001
2.5641025641025643,"channelID: 319",Edge_204c,MEL_Edge_204c.17,85.05455000000002
2.6315789473684212,"channelID: 319",Edge_204c,MEL_Edge_204c.17,85.38882000000002
2.7027027027027026,"channelID: 319",Edge_204c,MEL_Edge_204c.17,85.96643000000003
2.7777777777777777,"channelID: 319",Edge_204c,MEL_Edge_204c.17,86.63245000000003
2.857142857142857,"channelID: 319",Edge_204c,MEL_Edge_204c.17,86.74255000000004
2.9411764705882355,"channelID: 319",Edge_204c,MEL_Edge_204c.17,86.75032000000003
3.0303030303030303,"channelID: 319",Edge_204c,MEL_Edge_204c.17,87.05813000000003
3.125,"channelID: 319",Edge_204c,MEL_Edge_204c.17,87.15712000000003
3.225806451612903,"channelID: 319",Edge_204c,MEL_Edge_204c.17,87.23026000000003
3.3333333333333335,"channelID: 319",Edge_204c,MEL_Edge_204c.17,87.34863000000003
3.4482758620689653,"channelID: 319",Edge_204c,MEL_Edge_204c.17,87.45298000000003
3.5714285714285716,"channelID: 319",Edge_204c,MEL_Edge_204c.17,87.53999000000003
3.7037037037037037,"channelID: 319",Edge_204c,MEL_Edge_204c.17,87.54896000000004
3.8461538461538463,"channelID: 319",Edge_204c,MEL_Edge_204c.17,87.65280000000004
4.0,"channelID: 319",Edge_204c,MEL_Edge_204c.17,87.73368000000004
4.166666666666667,"channelID: 319",Edge_204c,MEL_Edge_204c.17,87.78068000000003
4.3478260869565215,"channelID: 319",Edge_204c,MEL_Edge_204c.17,87.80126000000003
4.545454545454546,"channelID: 319",Edge_204c,MEL_Edge_204c.17,87.86788000000003
4.761904761904762,"channelID: 319",Edge_204c,MEL_Edge_204c.17,87.87374000000003
5.0,"channelID: 319",Edge_204c,MEL_Edge_204c.17,87.88458000000003
5.2631578947368425,"channelID: 319",Edge_204c,MEL_Edge_204c.17,87.92958000000003
5.555555555555555,"channelID: 319",Edge_204c,MEL_Edge_204c.17,87.93648000000003
5.882352941176471,"channelID: 319",Edge_204c,MEL_Edge_204c.17,87.95341000000003
6.25,"channelID: 319",Edge_204c,MEL_Edge_204c.17,87.96700000000003
6.666666666666667,"channelID: 319",Edge_204c,MEL_Edge_204c.17,87.97056000000002
7.142857142857143,"channelID: 319",Edge_204c,MEL_Edge_204c.17,87.98840000000003
7.6923076923076925,"channelID: 319",Edge_204c,MEL_Edge_204c.17,87.98987000000002
8.333333333333334,"channelID: 319",Edge_204c,MEL_Edge_204c.17,87.99387000000003
10.0,"channelID: 319",Edge_204c,MEL_Edge_204c.17,88.00106000000002
11.904761904761905,"channelID: 319",Edge_204c,MEL_Edge_204c.17,88.00678000000002
12.195121951219512,"channelID: 319",Edge_204c,MEL_Edge_204c.17,88.00907000000002
12.345679012345679,"channelID: 319",Edge_204c,MEL_Edge_204c.17,88.01334000000003
12.5,"channelID: 319",Edge_204c,MEL_Edge_204c.17,88.02574000000003
2.0,"channelID: 320",Edge_204c,MEL_Edge_204c.17,55.871999999999986
1.9607843137254901,"channelID: 320",Edge_204c,MEL_Edge_204c.17,55.89599999999999
1.9230769230769231,"channelID: 320",Edge_204c,MEL_Edge_204c.17,55.90799999999998
1.9607843137254901,"channelID: 320",Edge_204c,MEL_Edge_204c.17,56.36037999999998
2.0,"channelID: 320",Edge_204c,MEL_Edge_204c.17,65.97997
2.0408163265306123,"channelID: 320",Edge_204c,MEL_Edge_204c.17,70.71945
2.0833333333333335,"channelID: 320",Edge_204c,MEL_Edge_204c.17,74.05153
2.127659574468085,"channelID: 320",Edge_204c,MEL_Edge_204c.17,76.7716
2.1739130434782608,"channelID: 320",Edge_204c,MEL_Edge_204c.17,78.22188000000001
2.2222222222222223,"channelID: 320",Edge_204c,MEL_Edge_204c.17,78.91193000000001
2.272727272727273,"channelID: 320",Edge_204c,MEL_Edge_204c.17,80.97198
2.3255813953488373,"channelID: 320",Edge_204c,MEL_Edge_204c.17,82.32718
2.380952380952381,"channelID: 320",Edge_204c,MEL_Edge_204c.17,83.65631
2.4390243902439024,"channelID: 320",Edge_204c,MEL_Edge_204c.17,83.96900000000001
2.5,"channelID: 320",Edge_204c,MEL_Edge_204c.17,84.36533000000001
2.5641025641025643,"channelID: 320",Edge_204c,MEL_Edge_204c.17,85.05455000000002
2.6315789473684212,"channelID: 320",Edge_204c,MEL_Edge_204c.17,85.38882000000002
2.7027027027027026,"channelID: 320",Edge_204c,MEL_Edge_204c.17,85.96643000000003
2.7777777777777777,"channelID: 320",Edge_204c,MEL_Edge_204c.17,86.63245000000003
2.857142857142857,"channelID: 320",Edge_204c,MEL_Edge_204c.17,86.74255000000004
2.9411764705882355,"channelID: 320",Edge_204c,MEL_Edge_204c.17,86.75032000000003
3.0303030303030303,"channelID: 320",Edge_204c,MEL_Edge_204c.17,87.05813000000003
3.125,"channelID: 320",Edge_204c,MEL_Edge_204c.17,87.15712000000003
3.225806451612903,"channelID: 320",Edge_204c,MEL_Edge_204c.17,87.23026000000003
3.3333333333333335,"channelID: 320",Edge_204c,MEL_Edge_204c.17,87.34863000000003
3.4482758620689653,"channelID: 320",Edge_204c,MEL_Edge_204c.17,87.45298000000003
3.5714285714285716,"channelID: 320",Edge_204c,MEL_Edge_204c.17,87.53999000000003
3.7037037037037037,"channelID: 320",Edge_204c,MEL_Edge_204c.17,87.54896000000004
3.8461538461538463,"channelID: 320",Edge_204c,MEL_Edge_204c.17,87.65280000000004
4.0,"channelID: 320",Edge_204c,MEL_Edge_204c.17,87.73368000000004
4.166666666666667,"channelID: 320",Edge_204c,MEL_Edge_204c.17,87.78068000000003
4.3478260869565215,"channelID: 320",Edge_204c,MEL_Edge_204c.17,87.80126000000003
4.545454545454546,"channelID: 320",Edge_204c,MEL_Edge_204c.17,87.86788000000003
4.761904761904762,"channelID: 320",Edge_204c,MEL_Edge_204c.17,87.87374000000003
5.0,"channelID: 320",Edge_204c,MEL_Edge_204c.17,87.88458000000003
5.2631578947368425,"channelID: 320",Edge_204c,MEL_Edge_204c.17,87.92958000000003
5.555555555555555,"channelID: 320",Edge_204c,MEL_Edge_204c.17,87.93648000000003
5.882352941176471,"channelID: 320",Edge_204c,MEL_Edge_204c.17,87.95341000000003
6.25,"channelID: 320",Edge_204c,MEL_Edge_204c.17,87.96700000000003
6.666666666666667,"channelID: 320",Edge_204c,MEL_Edge_204c.17,87.97056000000002
7.142857142857143,"channelID: 320",Edge_204c,MEL_Edge_204c.17,87.98840000000003
7.6923076923076925,"channelID: 320",Edge_204c,MEL_Edge_204c.17,87.98987000000002
8.333333333333334,"channelID: 320",Edge_204c,MEL_Edge_204c.17,87.99387000000003
10.0,"channelID: 320",Edge_204c,MEL_Edge_204c.17,88.00106000000002
11.904761904761905,"channelID: 320",Edge_204c,MEL_Edge_204c.17,88.00678000000002
12.195121951219512,"channelID: 320",Edge_204c,MEL_Edge_204c.17,88.00907000000002
12.345679012345679,"channelID: 320",Edge_204c,MEL_Edge_204c.17,88.01334000000003
12.5,"channelID: 320",Edge_204c,MEL_Edge_204c.17,88.02574000000003
12.658227848101266,"channelID: 320",Edge_204c,MEL_Edge_204c.17,88.03508000000002
1.9607843137254901,"channelID: 321",Edge_204c,MEL_Edge_204c.17,55.89599999999999
1.9230769230769231,"channelID: 321",Edge_204c,MEL_Edge_204c.17,55.90799999999998
1.9607843137254901,"channelID: 321",Edge_204c,MEL_Edge_204c.17,56.36037999999998
2.0,"channelID: 321",Edge_204c,MEL_Edge_204c.17,65.97997
2.0408163265306123,"channelID: 321",Edge_204c,MEL_Edge_204c.17,70.71945
2.0833333333333335,"channelID: 321",Edge_204c,MEL_Edge_204c.17,74.05153
2.127659574468085,"channelID: 321",Edge_204c,MEL_Edge_204c.17,76.7716
2.1739130434782608,"channelID: 321",Edge_204c,MEL_Edge_204c.17,78.22188000000001
2.2222222222222223,"channelID: 321",Edge_204c,MEL_Edge_204c.17,78.91193000000001
2.272727272727273,"channelID: 321",Edge_204c,MEL_Edge_204c.17,80.97198
2.3255813953488373,"channelID: 321",Edge_204c,MEL_Edge_204c.17,82.32718
2.380952380952381,"channelID: 321",Edge_204c,MEL_Edge_204c.17,83.65631
2.4390243902439024,"channelID: 321",Edge_204c,MEL_Edge_204c.17,83.96900000000001
2.5,"channelID: 321",Edge_204c,MEL_Edge_204c.17,84.36533000000001
2.5641025641025643,"channelID: 321",Edge_204c,MEL_Edge_204c.17,85.05455000000002
2.6315789473684212,"channelID: 321",Edge_204c,MEL_Edge_204c.17,85.38882000000002
2.7027027027027026,"channelID: 321",Edge_204c,MEL_Edge_204c.17,85.96643000000003
2.7777777777777777,"channelID: 321",Edge_204c,MEL_Edge_204c.17,86.63245000000003
2.857142857142857,"channelID: 321",Edge_204c,MEL_Edge_204c.17,86.74255000000004
2.9411764705882355,"channelID: 321",Edge_204c,MEL_Edge_204c.17,86.75032000000003
3.0303030303030303,"channelID: 321",Edge_204c,MEL_Edge_204c.17,87.05813000000003
3.125,"channelID: 321",Edge_204c,MEL_Edge_204c.17,87.15712000000003
3.225806451612903,"channelID: 321",Edge_204c,MEL_Edge_204c.17,87.23026000000003
3.3333333333333335,"channelID: 321",Edge_204c,MEL_Edge_204c.17,87.34863000000003
3.4482758620689653,"channelID: 321",Edge_204c,MEL_Edge_204c.17,87.45298000000003
3.5714285714285716,"channelID: 321",Edge_204c,MEL_Edge_204c.17,87.53999000000003
3.7037037037037037,"channelID: 321",Edge_204c,MEL_Edge_204c.17,87.54896000000004
3.8461538461538463,"channelID: 321",Edge_204c,MEL_Edge_204c.17,87.65280000000004
4.0,"channelID: 321",Edge_204c,MEL_Edge_204c.17,87.73368000000004
4.166666666666667,"channelID: 321",Edge_204c,MEL_Edge_204c.17,87.78068000000003
4.3478260869565215,"channelID: 321",Edge_204c,MEL_Edge_204c.17,87.80126000000003
4.545454545454546,"channelID: 321",Edge_204c,MEL_Edge_204c.17,87.86788000000003
4.761904761904762,"channelID: 321",Edge_204c,MEL_Edge_204c.17,87.87374000000003
5.0,"channelID: 321",Edge_204c,MEL_Edge_204c.17,87.88458000000003
5.2631578947368425,"channelID: 321",Edge_204c,MEL_Edge_204c.17,87.92958000000003
5.555555555555555,"channelID: 321",Edge_204c,MEL_Edge_204c.17,87.93648000000003
5.882352941176471,"channelID: 321",Edge_204c,MEL_Edge_204c.17,87.95341000000003
6.25,"channelID: 321",Edge_204c,MEL_Edge_204c.17,87.96700000000003
6.666666666666667,"channelID: 321",Edge_204c,MEL_Edge_204c.17,87.97056000000002
7.142857142857143,"channelID: 321",Edge_204c,MEL_Edge_204c.17,87.98840000000003
7.6923076923076925,"channelID: 321",Edge_204c,MEL_Edge_204c.17,87.98987000000002
8.333333333333334,"channelID: 321",Edge_204c,MEL_Edge_204c.17,87.99387000000003
10.0,"channelID: 321",Edge_204c,MEL_Edge_204c.17,88.00106000000002
11.904761904761905,"channelID: 321",Edge_204c,MEL_Edge_204c.17,88.00678000000002
12.195121951219512,"channelID: 321",Edge_204c,MEL_Edge_204c.17,88.00907000000002
12.345679012345679,"channelID: 321",Edge_204c,MEL_Edge_204c.17,88.01334000000003
12.5,"channelID: 321",Edge_204c,MEL_Edge_204c.17,88.02574000000003
12.658227848101266,"channelID: 321",Edge_204c,MEL_Edge_204c.17,88.03508000000002
12.820512820512821,"channelID: 321",Edge_204c,MEL_Edge_204c.17,88.03959000000002
1.9230769230769231,"channelID: 322",Edge_204c,MEL_Edge_204c.17,55.90799999999998
1.9607843137254901,"channelID: 322",Edge_204c,MEL_Edge_204c.17,56.36037999999998
2.0,"channelID: 322",Edge_204c,MEL_Edge_204c.17,65.97997
2.0408163265306123,"channelID: 322",Edge_204c,MEL_Edge_204c.17,70.71945
2.0833333333333335,"channelID: 322",Edge_204c,MEL_Edge_204c.17,74.05153
2.127659574468085,"channelID: 322",Edge_204c,MEL_Edge_204c.17,76.7716
2.1739130434782608,"channelID: 322",Edge_204c,MEL_Edge_204c.17,78.22188000000001
2.2222222222222223,"channelID: 322",Edge_204c,MEL_Edge_204c.17,78.91193000000001
2.272727272727273,"channelID: 322",Edge_204c,MEL_Edge_204c.17,80.97198
2.3255813953488373,"channelID: 322",Edge_204c,MEL_Edge_204c.17,82.32718
2.380952380952381,"channelID: 322",Edge_204c,MEL_Edge_204c.17,83.65631
2.4390243902439024,"channelID: 322",Edge_204c,MEL_Edge_204c.17,83.96900000000001
2.5,"channelID: 322",Edge_204c,MEL_Edge_204c.17,84.36533000000001
2.5641025641025643,"channelID: 322",Edge_204c,MEL_Edge_204c.17,85.05455000000002
2.6315789473684212,"channelID: 322",Edge_204c,MEL_Edge_204c.17,85.38882000000002
2.7027027027027026,"channelID: 322",Edge_204c,MEL_Edge_204c.17,85.96643000000003
2.7777777777777777,"channelID: 322",Edge_204c,MEL_Edge_204c.17,86.63245000000003
2.857142857142857,"channelID: 322",Edge_204c,MEL_Edge_204c.17,86.74255000000004
2.9411764705882355,"channelID: 322",Edge_204c,MEL_Edge_204c.17,86.75032000000003
3.0303030303030303,"channelID: 322",Edge_204c,MEL_Edge_204c.17,87.05813000000003
3.125,"channelID: 322",Edge_204c,MEL_Edge_204c.17,87.15712000000003
3.225806451612903,"channelID: 322",Edge_204c,MEL_Edge_204c.17,87.23026000000003
3.3333333333333335,"channelID: 322",Edge_204c,MEL_Edge_204c.17,87.34863000000003
3.4482758620689653,"channelID: 322",Edge_204c,MEL_Edge_204c.17,87.45298000000003
3.5714285714285716,"channelID: 322",Edge_204c,MEL_Edge_204c.17,87.53999000000003
3.7037037037037037,"channelID: 322",Edge_204c,MEL_Edge_204c.17,87.54896000000004
3.8461538461538463,"channelID: 322",Edge_204c,MEL_Edge_204c.17,87.65280000000004
4.0,"channelID: 322",Edge_204c,MEL_Edge_204c.17,87.73368000000004
4.166666666666667,"channelID: 322",Edge_204c,MEL_Edge_204c.17,87.78068000000003
4.3478260869565215,"channelID: 322",Edge_204c,MEL_Edge_204c.17,87.80126000000003
4.545454545454546,"channelID: 322",Edge_204c,MEL_Edge_204c.17,87.86788000000003
4.761904761904762,"channelID: 322",Edge_204c,MEL_Edge_204c.17,87.87374000000003
5.0,"channelID: 322",Edge_204c,MEL_Edge_204c.17,87.88458000000003
5.2631578947368425,"channelID: 322",Edge_204c,MEL_Edge_204c.17,87.92958000000003
5.555555555555555,"channelID: 322",Edge_204c,MEL_Edge_204c.17,87.93648000000003
5.882352941176471,"channelID: 322",Edge_204c,MEL_Edge_204c.17,87.95341000000003
6.25,"channelID: 322",Edge_204c,MEL_Edge_204c.17,87.96700000000003
6.666666666666667,"channelID: 322",Edge_204c,MEL_Edge_204c.17,87.97056000000002
7.142857142857143,"channelID: 322",Edge_204c,MEL_Edge_204c.17,87.98840000000003
7.6923076923076925,"channelID: 322",Edge_204c,MEL_Edge_204c.17,87.98987000000002
8.333333333333334,"channelID: 322",Edge_204c,MEL_Edge_204c.17,87.99387000000003
10.0,"channelID: 322",Edge_204c,MEL_Edge_204c.17,88.00106000000002
11.904761904761905,"channelID: 322",Edge_204c,MEL_Edge_204c.17,88.00678000000002
12.195121951219512,"channelID: 322",Edge_204c,MEL_Edge_204c.17,88.00907000000002
12.345679012345679,"channelID: 322",Edge_204c,MEL_Edge_204c.17,88.01334000000003
12.5,"channelID: 322",Edge_204c,MEL_Edge_204c.17,88.02574000000003
12.658227848101266,"channelID: 322",Edge_204c,MEL_Edge_204c.17,88.03508000000002
12.820512820512821,"channelID: 322",Edge_204c,MEL_Edge_204c.17,88.03959000000002
12.987012987012987,"channelID: 322",Edge_204c,MEL_Edge_204c.17,88.04334000000001
6.666666666666667,"channelID: 325",Edge_9,MEL_Edge_9.3,58.156
5.555555555555555,"channelID: 325",Edge_9,MEL_Edge_9.3,59.196
4.545454545454546,"channelID: 325",Edge_9,MEL_Edge_9.3,59.756
4.0,"channelID: 325",Edge_9,MEL_Edge_9.3,60.072
3.7037037037037037,"channelID: 325",Edge_9,MEL_Edge_9.3,61.211999999999996
3.3333333333333335,"channelID: 325",Edge_9,MEL_Edge_9.3,61.27199999999999
3.0303030303030303,"channelID: 325",Edge_9,MEL_Edge_9.3,61.508
2.7777777777777777,"channelID: 325",Edge_9,MEL_Edge_9.3,62.072
2.7027027027027026,"channelID: 325",Edge_9,MEL_Edge_9.3,62.428
2.5641025641025643,"channelID: 325",Edge_9,MEL_Edge_9.3,62.544
2.4390243902439024,"channelID: 325",Edge_9,MEL_Edge_9.3,62.587999999999994
2.3255813953488373,"channelID: 325",Edge_9,MEL_Edge_9.3,62.60399999999999
2.272727272727273,"channelID: 325",Edge_9,MEL_Edge_9.3,62.82399999999999
2.127659574468085,"channelID: 325",Edge_9,MEL_Edge_9.3,62.931999999999995
2.0833333333333335,"channelID: 325",Edge_9,MEL_Edge_9.3,62.98399999999999
2.0408163265306123,"channelID: 325",Edge_9,MEL_Edge_9.3,63.03199999999999
1.9607843137254901,"channelID: 325",Edge_9,MEL_Edge_9.3,63.07199999999999
1.9230769230769231,"channelID: 325",Edge_9,MEL_Edge_9.3,63.087999999999994
1.8867924528301887,"channelID: 325",Edge_9,MEL_Edge_9.3,63.098
1.8181818181818181,"channelID: 325",Edge_9,MEL_Edge_9.3,63.438
1.7543859649122806,"channelID: 325",Edge_9,MEL_Edge_9.3,63.5
1.7241379310344827,"channelID: 325",Edge_9,MEL_Edge_9.3,63.86
1.694915254237288,"channelID: 325",Edge_9,MEL_Edge_9.3,63.988
1.6129032258064515,"channelID: 325",Edge_9,MEL_Edge_9.3,64.048
1.5384615384615385,"channelID: 325",Edge_9,MEL_Edge_9.3,64.22
1.5151515151515151,"channelID: 325",Edge_9,MEL_Edge_9.3,64.30799999999999
1.4492753623188406,"channelID: 325",Edge_9,MEL_Edge_9.3,64.402
1.4285714285714286,"channelID: 325",Edge_9,MEL_Edge_9.3,64.48400000000001
1.408450704225352,"channelID: 325",Edge_9,MEL_Edge_9.3,64.53
1.36986301369863,"channelID: 325",Edge_9,MEL_Edge_9.3,64.58800000000001
1.3157894736842106,"channelID: 325",Edge_9,MEL_Edge_9.3,64.604
1.2987012987012987,"channelID: 325",Edge_9,MEL_Edge_9.3,64.61800000000001
1.2820512820512822,"channelID: 325",Edge_9,MEL_Edge_9.3,64.64200000000001
1.25,"channelID: 325",Edge_9,MEL_Edge_9.3,64.66000000000001
1.2345679012345678,"channelID: 325",Edge_9,MEL_Edge_9.3,64.69200000000001
1.2195121951219512,"channelID: 325",Edge_9,MEL_Edge_9.3,64.74800000000002
1.1904761904761905,"channelID: 325",Edge_9,MEL_Edge_9.3,64.802
1.1764705882352942,"channelID: 325",Edge_9,MEL_Edge_9.3,64.836
1.1627906976744187,"channelID: 325",Edge_9,MEL_Edge_9.3,64.86000000000003
1.1363636363636365,"channelID: 325",Edge_9,MEL_Edge_9.3,64.878
1.1904761904761905,"channelID: 325",Edge_9,MEL_Edge_9.3,68.00725999999999
1.25,"channelID: 325",Edge_9,MEL_Edge_9.3,79.67422
1.3157894736842106,"channelID: 325",Edge_9,MEL_Edge_9.3,85.47502000000003
6.666666666666667,"channelID: 324",Edge_9,MEL_Edge_9.3,58.156
5.555555555555555,"channelID: 324",Edge_9,MEL_Edge_9.3,59.196
4.545454545454546,"channelID: 324",Edge_9,MEL_Edge_9.3,59.756
4.0,"channelID: 324",Edge_9,MEL_Edge_9.3,60.072
3.7037037037037037,"channelID: 324",Edge_9,MEL_Edge_9.3,61.211999999999996
3.3333333333333335,"channelID: 324",Edge_9,MEL_Edge_9.3,61.27199999999999
3.0303030303030303,"channelID: 324",Edge_9,MEL_Edge_9.3,61.508
2.7777777777777777,"channelID: 324",Edge_9,MEL_Edge_9.3,62.072
2.7027027027027026,"channelID: 324",Edge_9,MEL_Edge_9.3,62.428
2.5641025641025643,"channelID: 324",Edge_9,MEL_Edge_9.3,62.544
2.4390243902439024,"channelID: 324",Edge_9,MEL_Edge_9.3,62.587999999999994
2.3255813953488373,"channelID: 324",Edge_9,MEL_Edge_9.3,62.60399999999999
2.272727272727273,"channelID: 324",Edge_9,MEL_Edge_9.3,62.82399999999999
2.127659574468085,"channelID: 324",Edge_9,MEL_Edge_9.3,62.931999999999995
2.0833333333333335,"channelID: 324",Edge_9,MEL_Edge_9.3,62.98399999999999
2.0408163265306123,"channelID: 324",Edge_9,MEL_Edge_9.3,63.03199999999999
1.9607843137254901,"channelID: 324",Edge_9,MEL_Edge_9.3,63.07199999999999
1.9230769230769231,"channelID: 324",Edge_9,MEL_Edge_9.3,63.087999999999994
1.8867924528301887,"channelID: 324",Edge_9,MEL_Edge_9.3,63.098
1.8181818181818181,"channelID: 324",Edge_9,MEL_Edge_9.3,63.438
1.7543859649122806,"channelID: 324",Edge_9,MEL_Edge_9.3,63.5
1.7241379310344827,"channelID: 324",Edge_9,MEL_Edge_9.3,63.86
1.694915254237288,"channelID: 324",Edge_9,MEL_Edge_9.3,63.988
1.6129032258064515,"channelID: 324",Edge_9,MEL_Edge_9.3,64.048
1.5384615384615385,"channelID: 324",Edge_9,MEL_Edge_9.3,64.22
1.5151515151515151,"channelID: 324",Edge_9,MEL_Edge_9.3,64.30799999999999
1.4492753623188406,"channelID: 324",Edge_9,MEL_Edge_9.3,64.402
1.4285714285714286,"channelID: 324",Edge_9,MEL_Edge_9.3,64.48400000000001
1.408450704225352,"channelID: 324",Edge_9,MEL_Edge_9.3,64.53
1.36986301369863,"channelID: 324",Edge_9,MEL_Edge_9.3,64.58800000000001
1.3157894736842106,"channelID: 324",Edge_9,MEL_Edge_9.3,64.604
1.2987012987012987,"channelID: 324",Edge_9,MEL_Edge_9.3,64.61800000000001
1.2820512820512822,"channelID: 324",Edge_9,MEL_Edge_9.3,64.64200000000001
1.25,"channelID: 324",Edge_9,MEL_Edge_9.3,64.66000000000001
1.2345679012345678,"channelID: 324",Edge_9,MEL_Edge_9.3,64.69200000000001
1.2195121951219512,"channelID: 324",Edge_9,MEL_Edge_9.3,64.74800000000002
1.1904761904761905,"channelID: 324",Edge_9,MEL_Edge_9.3,64.802
1.1764705882352942,"channelID: 324",Edge_9,MEL_Edge_9.3,64.836
1.1627906976744187,"channelID: 324",Edge_9,MEL_Edge_9.3,64.86000000000003
1.1363636363636365,"channelID: 324",Edge_9,MEL_Edge_9.3,64.878
1.1904761904761905,"channelID: 324",Edge_9,MEL_Edge_9.3,68.00725999999999
1.25,"channelID: 324",Edge_9,MEL_Edge_9.3,79.67422
1.3157894736842106,"channelID: 324",Edge_9,MEL_Edge_9.3,85.47502000000003
1.3333333333333333,"channelID: 324",Edge_9,MEL_Edge_9.3,101.51125000000002
6.666666666666667,"channelID: 323",Edge_9,MEL_Edge_9.3,58.156
5.555555555555555,"channelID: 323",Edge_9,MEL_Edge_9.3,59.196
4.545454545454546,"channelID: 323",Edge_9,MEL_Edge_9.3,59.756
4.0,"channelID: 323",Edge_9,MEL_Edge_9.3,60.072
3.7037037037037037,"channelID: 323",Edge_9,MEL_Edge_9.3,61.211999999999996
3.3333333333333335,"channelID: 323",Edge_9,MEL_Edge_9.3,61.27199999999999
3.0303030303030303,"channelID: 323",Edge_9,MEL_Edge_9.3,61.508
2.7777777777777777,"channelID: 323",Edge_9,MEL_Edge_9.3,62.072
2.7027027027027026,"channelID: 323",Edge_9,MEL_Edge_9.3,62.428
2.5641025641025643,"channelID: 323",Edge_9,MEL_Edge_9.3,62.544
2.4390243902439024,"channelID: 323",Edge_9,MEL_Edge_9.3,62.587999999999994
2.3255813953488373,"channelID: 323",Edge_9,MEL_Edge_9.3,62.60399999999999
2.272727272727273,"channelID: 323",Edge_9,MEL_Edge_9.3,62.82399999999999
2.127659574468085,"channelID: 323",Edge_9,MEL_Edge_9.3,62.931999999999995
2.0833333333333335,"channelID: 323",Edge_9,MEL_Edge_9.3,62.98399999999999
2.0408163265306123,"channelID: 323",Edge_9,MEL_Edge_9.3,63.03199999999999
1.9607843137254901,"channelID: 323",Edge_9,MEL_Edge_9.3,63.07199999999999
1.9230769230769231,"channelID: 323",Edge_9,MEL_Edge_9.3,63.087999999999994
1.8867924528301887,"channelID: 323",Edge_9,MEL_Edge_9.3,63.098
1.8181818181818181,"channelID: 323",Edge_9,MEL_Edge_9.3,63.438
1.7543859649122806,"channelID: 323",Edge_9,MEL_Edge_9.3,63.5
1.7241379310344827,"channelID: 323",Edge_9,MEL_Edge_9.3,63.86
1.694915254237288,"channelID: 323",Edge_9,MEL_Edge_9.3,63.988
1.6129032258064515,"channelID: 323",Edge_9,MEL_Edge_9.3,64.048
1.5384615384615385,"channelID: 323",Edge_9,MEL_Edge_9.3,64.22
1.5151515151515151,"channelID: 323",Edge_9,MEL_Edge_9.3,64.30799999999999
1.4492753623188406,"channelID: 323",Edge_9,MEL_Edge_9.3,64.402
1.4285714285714286,"channelID: 323",Edge_9,MEL_Edge_9.3,64.48400000000001
1.408450704225352,"channelID: 323",Edge_9,MEL_Edge_9.3,64.53
1.36986301369863,"channelID: 323",Edge_9,MEL_Edge_9.3,64.58800000000001
1.3157894736842106,"channelID: 323",Edge_9,MEL_Edge_9.3,64.604
1.2987012987012987,"channelID: 323",Edge_9,MEL_Edge_9.3,64.61800000000001
1.2820512820512822,"channelID: 323",Edge_9,MEL_Edge_9.3,64.64200000000001
1.25,"channelID: 323",Edge_9,MEL_Edge_9.3,64.66000000000001
1.2345679012345678,"channelID: 323",Edge_9,MEL_Edge_9.3,64.69200000000001
1.2195121951219512,"channelID: 323",Edge_9,MEL_Edge_9.3,64.74800000000002
1.1904761904761905,"channelID: 323",Edge_9,MEL_Edge_9.3,64.802
1.1764705882352942,"channelID: 323",Edge_9,MEL_Edge_9.3,64.836
1.1627906976744187,"channelID: 323",Edge_9,MEL_Edge_9.3,64.86000000000003
1.1363636363636365,"channelID: 323",Edge_9,MEL_Edge_9.3,64.878
1.1904761904761905,"channelID: 323",Edge_9,MEL_Edge_9.3,68.00725999999999
1.25,"channelID: 323",Edge_9,MEL_Edge_9.3,79.67422
1.3157894736842106,"channelID: 323",Edge_9,MEL_Edge_9.3,85.47502000000003
1.3513513513513513,"channelID: 323",Edge_9,MEL_Edge_9.3,101.51125000000002
5.555555555555555,"channelID: 327",Edge_9,MEL_Edge_9.2,59.196
4.545454545454546,"channelID: 327",Edge_9,MEL_Edge_9.2,59.756
4.0,"channelID: 327",Edge_9,MEL_Edge_9.2,60.072
3.7037037037037037,"channelID: 327",Edge_9,MEL_Edge_9.2,61.211999999999996
3.3333333333333335,"channelID: 327",Edge_9,MEL_Edge_9.2,61.27199999999999
3.0303030303030303,"channelID: 327",Edge_9,MEL_Edge_9.2,61.508
2.7777777777777777,"channelID: 327",Edge_9,MEL_Edge_9.2,62.072
2.7027027027027026,"channelID: 327",Edge_9,MEL_Edge_9.2,62.428
2.5641025641025643,"channelID: 327",Edge_9,MEL_Edge_9.2,62.544
2.4390243902439024,"channelID: 327",Edge_9,MEL_Edge_9.2,62.587999999999994
2.3255813953488373,"channelID: 327",Edge_9,MEL_Edge_9.2,62.60399999999999
2.272727272727273,"channelID: 327",Edge_9,MEL_Edge_9.2,62.82399999999999
2.127659574468085,"channelID: 327",Edge_9,MEL_Edge_9.2,62.931999999999995
2.0833333333333335,"channelID: 327",Edge_9,MEL_Edge_9.2,62.98399999999999
2.0408163265306123,"channelID: 327",Edge_9,MEL_Edge_9.2,63.03199999999999
1.9607843137254901,"channelID: 327",Edge_9,MEL_Edge_9.2,63.07199999999999
1.9230769230769231,"channelID: 327",Edge_9,MEL_Edge_9.2,63.087999999999994
1.8867924528301887,"channelID: 327",Edge_9,MEL_Edge_9.2,63.098
1.8181818181818181,"channelID: 327",Edge_9,MEL_Edge_9.2,63.438
1.7543859649122806,"channelID: 327",Edge_9,MEL_Edge_9.2,63.5
1.7241379310344827,"channelID: 327",Edge_9,MEL_Edge_9.2,63.86
1.694915254237288,"channelID: 327",Edge_9,MEL_Edge_9.2,63.988
1.6129032258064515,"channelID: 327",Edge_9,MEL_Edge_9.2,64.048
1.5384615384615385,"channelID: 327",Edge_9,MEL_Edge_9.2,64.22
1.5151515151515151,"channelID: 327",Edge_9,MEL_Edge_9.2,64.30799999999999
1.4492753623188406,"channelID: 327",Edge_9,MEL_Edge_9.2,64.402
1.4285714285714286,"channelID: 327",Edge_9,MEL_Edge_9.2,64.48400000000001
1.408450704225352,"channelID: 327",Edge_9,MEL_Edge_9.2,64.53
1.36986301369863,"channelID: 327",Edge_9,MEL_Edge_9.2,64.58800000000001
1.3157894736842106,"channelID: 327",Edge_9,MEL_Edge_9.2,64.604
1.2987012987012987,"channelID: 327",Edge_9,MEL_Edge_9.2,64.61800000000001
1.2820512820512822,"channelID: 327",Edge_9,MEL_Edge_9.2,64.64200000000001
1.25,"channelID: 327",Edge_9,MEL_Edge_9.2,64.66000000000001
1.2345679012345678,"channelID: 327",Edge_9,MEL_Edge_9.2,64.69200000000001
1.2195121951219512,"channelID: 327",Edge_9,MEL_Edge_9.2,64.74800000000002
1.1904761904761905,"channelID: 327",Edge_9,MEL_Edge_9.2,64.802
1.1764705882352942,"channelID: 327",Edge_9,MEL_Edge_9.2,64.836
1.1627906976744187,"channelID: 327",Edge_9,MEL_Edge_9.2,64.86000000000003
1.1363636363636365,"channelID: 327",Edge_9,MEL_Edge_9.2,64.878
1.1904761904761905,"channelID: 327",Edge_9,MEL_Edge_9.2,68.00725999999999
1.25,"channelID: 327",Edge_9,MEL_Edge_9.2,79.67422
1.3157894736842106,"channelID: 327",Edge_9,MEL_Edge_9.2,85.47502000000003
1.36986301369863,"channelID: 327",Edge_9,MEL_Edge_9.2,101.51125000000002
5.555555555555555,"channelID: 326",Edge_9,MEL_Edge_9.2,59.196
4.545454545454546,"channelID: 326",Edge_9,MEL_Edge_9.2,59.756
4.0,"channelID: 326",Edge_9,MEL_Edge_9.2,60.072
3.7037037037037037,"channelID: 326",Edge_9,MEL_Edge_9.2,61.211999999999996
3.3333333333333335,"channelID: 326",Edge_9,MEL_Edge_9.2,61.27199999999999
3.0303030303030303,"channelID: 326",Edge_9,MEL_Edge_9.2,61.508
2.7777777777777777,"channelID: 326",Edge_9,MEL_Edge_9.2,62.072
2.7027027027027026,"channelID: 326",Edge_9,MEL_Edge_9.2,62.428
2.5641025641025643,"channelID: 326",Edge_9,MEL_Edge_9.2,62.544
2.4390243902439024,"channelID: 326",Edge_9,MEL_Edge_9.2,62.587999999999994
2.3255813953488373,"channelID: 326",Edge_9,MEL_Edge_9.2,62.60399999999999
2.272727272727273,"channelID: 326",Edge_9,MEL_Edge_9.2,62.82399999999999
2.127659574468085,"channelID: 326",Edge_9,MEL_Edge_9.2,62.931999999999995
2.0833333333333335,"channelID: 326",Edge_9,MEL_Edge_9.2,62.98399999999999
2.0408163265306123,"channelID: 326",Edge_9,MEL_Edge_9.2,63.03199999999999
1.9607843137254901,"channelID: 326",Edge_9,MEL_Edge_9.2,63.07199999999999
1.9230769230769231,"channelID: 326",Edge_9,MEL_Edge_9.2,63.087999999999994
1.8867924528301887,"channelID: 326",Edge_9,MEL_Edge_9.2,63.098
1.8181818181818181,"channelID: 326",Edge_9,MEL_Edge_9.2,63.438
1.7543859649122806,"channelID: 326",Edge_9,MEL_Edge_9.2,63.5
1.7241379310344827,"channelID: 326",Edge_9,MEL_Edge_9.2,63.86
1.694915254237288,"channelID: 326",Edge_9,MEL_Edge_9.2,63.988
1.6129032258064515,"channelID: 326",Edge_9,MEL_Edge_9.2,64.048
1.5384615384615385,"channelID: 326",Edge_9,MEL_Edge_9.2,64.22
1.5151515151515151,"channelID: 326",Edge_9,MEL_Edge_9.2,64.30799999999999
1.4492753623188406,"channelID: 326",Edge_9,MEL_Edge_9.2,64.402
1.4285714285714286,"channelID: 326",Edge_9,MEL_Edge_9.2,64.48400000000001
1.408450704225352,"channelID: 326",Edge_9,MEL_Edge_9.2,64.53
1.36986301369863,"channelID: 326",Edge_9,MEL_Edge_9.2,64.58800000000001
1.3157894736842106,"channelID: 326",Edge_9,MEL_Edge_9.2,64.604
1.2987012987012987,"channelID: 326",Edge_9,MEL_Edge_9.2,64.61800000000001
1.2820512820512822,"channelID: 326",Edge_9,MEL_Edge_9.2,64.64200000000001
1.25,"channelID: 326",Edge_9,MEL_Edge_9.2,64.66000000000001
1.2345679012345678,"channelID: 326",Edge_9,MEL_Edge_9.2,64.69200000000001
1.2195121951219512,"channelID: 326",Edge_9,MEL_Edge_9.2,64.74800000000002
1.1904761904761905,"channelID: 326",Edge_9,MEL_Edge_9.2,64.802
1.1764705882352942,"channelID: 326",Edge_9,MEL_Edge_9.2,64.836
1.1627906976744187,"channelID: 326",Edge_9,MEL_Edge_9.2,64.86000000000003
1.1363636363636365,"channelID: 326",Edge_9,MEL_Edge_9.2,64.878
1.1904761904761905,"channelID: 326",Edge_9,MEL_Edge_9.2,68.00725999999999
1.25,"channelID: 326",Edge_9,MEL_Edge_9.2,79.67422
1.3157894736842106,"channelID: 326",Edge_9,MEL_Edge_9.2,85.47502000000003
1.36986301369863,"channelID: 326",Edge_9,MEL_Edge_9.2,101.51125000000002
1.3888888888888888,"channelID: 326",Edge_9,MEL_Edge_9.2,106.57258000000002
5.555555555555555,"channelID: 328",Edge_9,MEL_Edge_9.2,59.196
4.545454545454546,"channelID: 328",Edge_9,MEL_Edge_9.2,59.756
4.0,"channelID: 328",Edge_9,MEL_Edge_9.2,60.072
3.7037037037037037,"channelID: 328",Edge_9,MEL_Edge_9.2,61.211999999999996
3.3333333333333335,"channelID: 328",Edge_9,MEL_Edge_9.2,61.27199999999999
3.0303030303030303,"channelID: 328",Edge_9,MEL_Edge_9.2,61.508
2.7777777777777777,"channelID: 328",Edge_9,MEL_Edge_9.2,62.072
2.7027027027027026,"channelID: 328",Edge_9,MEL_Edge_9.2,62.428
2.5641025641025643,"channelID: 328",Edge_9,MEL_Edge_9.2,62.544
2.4390243902439024,"channelID: 328",Edge_9,MEL_Edge_9.2,62.587999999999994
2.3255813953488373,"channelID: 328",Edge_9,MEL_Edge_9.2,62.60399999999999
2.272727272727273,"channelID: 328",Edge_9,MEL_Edge_9.2,62.82399999999999
2.127659574468085,"channelID: 328",Edge_9,MEL_Edge_9.2,62.931999999999995
2.0833333333333335,"channelID: 328",Edge_9,MEL_Edge_9.2,62.98399999999999
2.0408163265306123,"channelID: 328",Edge_9,MEL_Edge_9.2,63.03199999999999
1.9607843137254901,"channelID: 328",Edge_9,MEL_Edge_9.2,63.07199999999999
1.9230769230769231,"channelID: 328",Edge_9,MEL_Edge_9.2,63.087999999999994
1.8867924528301887,"channelID: 328",Edge_9,MEL_Edge_9.2,63.098
1.8181818181818181,"channelID: 328",Edge_9,MEL_Edge_9.2,63.438
1.7543859649122806,"channelID: 328",Edge_9,MEL_Edge_9.2,63.5
1.7241379310344827,"channelID: 328",Edge_9,MEL_Edge_9.2,63.86
1.694915254237288,"channelID: 328",Edge_9,MEL_Edge_9.2,63.988
1.6129032258064515,"channelID: 328",Edge_9,MEL_Edge_9.2,64.048
1.5384615384615385,"channelID: 328",Edge_9,MEL_Edge_9.2,64.22
1.5151515151515151,"channelID: 328",Edge_9,MEL_Edge_9.2,64.30799999999999
1.4492753623188406,"channelID: 328",Edge_9,MEL_Edge_9.2,64.402
1.4285714285714286,"channelID: 328",Edge_9,MEL_Edge_9.2,64.48400000000001
1.408450704225352,"channelID: 328",Edge_9,MEL_Edge_9.2,64.53
1.36986301369863,"channelID: 328",Edge_9,MEL_Edge_9.2,64.58800000000001
1.3157894736842106,"channelID: 328",Edge_9,MEL_Edge_9.2,64.604
1.2987012987012987,"channelID: 328",Edge_9,MEL_Edge_9.2,64.61800000000001
1.2820512820512822,"channelID: 328",Edge_9,MEL_Edge_9.2,64.64200000000001
1.25,"channelID: 328",Edge_9,MEL_Edge_9.2,64.66000000000001
1.2345679012345678,"channelID: 328",Edge_9,MEL_Edge_9.2,64.69200000000001
1.2195121951219512,"channelID: 328",Edge_9,MEL_Edge_9.2,64.74800000000002
1.1904761904761905,"channelID: 328",Edge_9,MEL_Edge_9.2,64.802
1.1764705882352942,"channelID: 328",Edge_9,MEL_Edge_9.2,64.836
1.1627906976744187,"channelID: 328",Edge_9,MEL_Edge_9.2,64.86000000000003
1.1363636363636365,"channelID: 328",Edge_9,MEL_Edge_9.2,64.878
1.1904761904761905,"channelID: 328",Edge_9,MEL_Edge_9.2,68.00725999999999
1.25,"channelID: 328",Edge_9,MEL_Edge_9.2,79.67422
1.3157894736842106,"channelID: 328",Edge_9,MEL_Edge_9.2,85.47502000000003
1.36986301369863,"channelID: 328",Edge_9,MEL_Edge_9.2,101.51125000000002
1.408450704225352,"channelID: 328",Edge_9,MEL_Edge_9.2,106.57258000000002
4.545454545454546,"channelID: 329",Edge_9,MEL_Edge_9.1,59.756
4.0,"channelID: 329",Edge_9,MEL_Edge_9.1,60.072
3.7037037037037037,"channelID: 329",Edge_9,MEL_Edge_9.1,61.211999999999996
3.3333333333333335,"channelID: 329",Edge_9,MEL_Edge_9.1,61.27199999999999
3.0303030303030303,"channelID: 329",Edge_9,MEL_Edge_9.1,61.508
2.7777777777777777,"channelID: 329",Edge_9,MEL_Edge_9.1,62.072
2.7027027027027026,"channelID: 329",Edge_9,MEL_Edge_9.1,62.428
2.5641025641025643,"channelID: 329",Edge_9,MEL_Edge_9.1,62.544
2.4390243902439024,"channelID: 329",Edge_9,MEL_Edge_9.1,62.587999999999994
2.3255813953488373,"channelID: 329",Edge_9,MEL_Edge_9.1,62.60399999999999
2.272727272727273,"channelID: 329",Edge_9,MEL_Edge_9.1,62.82399999999999
2.127659574468085,"channelID: 329",Edge_9,MEL_Edge_9.1,62.931999999999995
2.0833333333333335,"channelID: 329",Edge_9,MEL_Edge_9.1,62.98399999999999
2.0408163265306123,"channelID: 329",Edge_9,MEL_Edge_9.1,63.03199999999999
1.9607843137254901,"channelID: 329",Edge_9,MEL_Edge_9.1,63.07199999999999
1.9230769230769231,"channelID: 329",Edge_9,MEL_Edge_9.1,63.087999999999994
1.8867924528301887,"channelID: 329",Edge_9,MEL_Edge_9.1,63.098
1.8181818181818181,"channelID: 329",Edge_9,MEL_Edge_9.1,63.438
1.7543859649122806,"channelID: 329",Edge_9,MEL_Edge_9.1,63.5
1.7241379310344827,"channelID: 329",Edge_9,MEL_Edge_9.1,63.86
1.694915254237288,"channelID: 329",Edge_9,MEL_Edge_9.1,63.988
1.6129032258064515,"channelID: 329",Edge_9,MEL_Edge_9.1,64.048
1.5384615384615385,"channelID: 329",Edge_9,MEL_Edge_9.1,64.22
1.5151515151515151,"channelID: 329",Edge_9,MEL_Edge_9.1,64.30799999999999
1.4492753623188406,"channelID: 329",Edge_9,MEL_Edge_9.1,64.402
1.4285714285714286,"channelID: 329",Edge_9,MEL_Edge_9.1,64.48400000000001
1.408450704225352,"channelID: 329",Edge_9,MEL_Edge_9.1,64.53
1.36986301369863,"channelID: 329",Edge_9,MEL_Edge_9.1,64.58800000000001
1.3157894736842106,"channelID: 329",Edge_9,MEL_Edge_9.1,64.604
1.2987012987012987,"channelID: 329",Edge_9,MEL_Edge_9.1,64.61800000000001
1.2820512820512822,"channelID: 329",Edge_9,MEL_Edge_9.1,64.64200000000001
1.25,"channelID: 329",Edge_9,MEL_Edge_9.1,64.66000000000001
1.2345679012345678,"channelID: 329",Edge_9,MEL_Edge_9.1,64.69200000000001
1.2195121951219512,"channelID: 329",Edge_9,MEL_Edge_9.1,64.74800000000002
1.1904761904761905,"channelID: 329",Edge_9,MEL_Edge_9.1,64.802
1.1764705882352942,"channelID: 329",Edge_9,MEL_Edge_9.1,64.836
1.1627906976744187,"channelID: 329",Edge_9,MEL_Edge_9.1,64.86000000000003
1.1363636363636365,"channelID: 329",Edge_9,MEL_Edge_9.1,64.878
1.1904761904761905,"channelID: 329",Edge_9,MEL_Edge_9.1,68.00725999999999
1.25,"channelID: 329",Edge_9,MEL_Edge_9.1,79.67422
1.3157894736842106,"channelID: 329",Edge_9,MEL_Edge_9.1,85.47502000000003
1.36986301369863,"channelID: 329",Edge_9,MEL_Edge_9.1,101.51125000000002
1.4285714285714286,"channelID: 329",Edge_9,MEL_Edge_9.1,106.57258000000002
4.545454545454546,"channelID: 332",Edge_9,MEL_Edge_9.1,59.756
4.0,"channelID: 332",Edge_9,MEL_Edge_9.1,60.072
3.7037037037037037,"channelID: 332",Edge_9,MEL_Edge_9.1,61.211999999999996
3.3333333333333335,"channelID: 332",Edge_9,MEL_Edge_9.1,61.27199999999999
3.0303030303030303,"channelID: 332",Edge_9,MEL_Edge_9.1,61.508
2.7777777777777777,"channelID: 332",Edge_9,MEL_Edge_9.1,62.072
2.7027027027027026,"channelID: 332",Edge_9,MEL_Edge_9.1,62.428
2.5641025641025643,"channelID: 332",Edge_9,MEL_Edge_9.1,62.544
2.4390243902439024,"channelID: 332",Edge_9,MEL_Edge_9.1,62.587999999999994
2.3255813953488373,"channelID: 332",Edge_9,MEL_Edge_9.1,62.60399999999999
2.272727272727273,"channelID: 332",Edge_9,MEL_Edge_9.1,62.82399999999999
2.127659574468085,"channelID: 332",Edge_9,MEL_Edge_9.1,62.931999999999995
2.0833333333333335,"channelID: 332",Edge_9,MEL_Edge_9.1,62.98399999999999
2.0408163265306123,"channelID: 332",Edge_9,MEL_Edge_9.1,63.03199999999999
1.9607843137254901,"channelID: 332",Edge_9,MEL_Edge_9.1,63.07199999999999
1.9230769230769231,"channelID: 332",Edge_9,MEL_Edge_9.1,63.087999999999994
1.8867924528301887,"channelID: 332",Edge_9,MEL_Edge_9.1,63.098
1.8181818181818181,"channelID: 332",Edge_9,MEL_Edge_9.1,63.438
1.7543859649122806,"channelID: 332",Edge_9,MEL_Edge_9.1,63.5
1.7241379310344827,"channelID: 332",Edge_9,MEL_Edge_9.1,63.86
1.694915254237288,"channelID: 332",Edge_9,MEL_Edge_9.1,63.988
1.6129032258064515,"channelID: 332",Edge_9,MEL_Edge_9.1,64.048
1.5384615384615385,"channelID: 332",Edge_9,MEL_Edge_9.1,64.22
1.5151515151515151,"channelID: 332",Edge_9,MEL_Edge_9.1,64.30799999999999
1.4492753623188406,"channelID: 332",Edge_9,MEL_Edge_9.1,64.402
1.4285714285714286,"channelID: 332",Edge_9,MEL_Edge_9.1,64.48400000000001
1.408450704225352,"channelID: 332",Edge_9,MEL_Edge_9.1,64.53
1.36986301369863,"channelID: 332",Edge_9,MEL_Edge_9.1,64.58800000000001
1.3157894736842106,"channelID: 332",Edge_9,MEL_Edge_9.1,64.604
1.2987012987012987,"channelID: 332",Edge_9,MEL_Edge_9.1,64.61800000000001
1.2820512820512822,"channelID: 332",Edge_9,MEL_Edge_9.1,64.64200000000001
1.25,"channelID: 332",Edge_9,MEL_Edge_9.1,64.66000000000001
1.2345679012345678,"channelID: 332",Edge_9,MEL_Edge_9.1,64.69200000000001
1.2195121951219512,"channelID: 332",Edge_9,MEL_Edge_9.1,64.74800000000002
1.1904761904761905,"channelID: 332",Edge_9,MEL_Edge_9.1,64.802
1.1764705882352942,"channelID: 332",Edge_9,MEL_Edge_9.1,64.836
1.1627906976744187,"channelID: 332",Edge_9,MEL_Edge_9.1,64.86000000000003
1.1363636363636365,"channelID: 332",Edge_9,MEL_Edge_9.1,64.878
1.1904761904761905,"channelID: 332",Edge_9,MEL_Edge_9.1,68.00725999999999
1.25,"channelID: 332",Edge_9,MEL_Edge_9.1,79.67422
1.3157894736842106,"channelID: 332",Edge_9,MEL_Edge_9.1,85.47502000000003
1.36986301369863,"channelID: 332",Edge_9,MEL_Edge_9.1,101.51125000000002
1.4285714285714286,"channelID: 332",Edge_9,MEL_Edge_9.1,106.57258000000002
1.4492753623188406,"channelID: 332",Edge_9,MEL_Edge_9.1,108.75040000000001
4.545454545454546,"channelID: 331",Edge_9,MEL_Edge_9.1,59.756
4.0,"channelID: 331",Edge_9,MEL_Edge_9.1,60.072
3.7037037037037037,"channelID: 331",Edge_9,MEL_Edge_9.1,61.211999999999996
3.3333333333333335,"channelID: 331",Edge_9,MEL_Edge_9.1,61.27199999999999
3.0303030303030303,"channelID: 331",Edge_9,MEL_Edge_9.1,61.508
2.7777777777777777,"channelID: 331",Edge_9,MEL_Edge_9.1,62.072
2.7027027027027026,"channelID: 331",Edge_9,MEL_Edge_9.1,62.428
2.5641025641025643,"channelID: 331",Edge_9,MEL_Edge_9.1,62.544
2.4390243902439024,"channelID: 331",Edge_9,MEL_Edge_9.1,62.587999999999994
2.3255813953488373,"channelID: 331",Edge_9,MEL_Edge_9.1,62.60399999999999
2.272727272727273,"channelID: 331",Edge_9,MEL_Edge_9.1,62.82399999999999
2.127659574468085,"channelID: 331",Edge_9,MEL_Edge_9.1,62.931999999999995
2.0833333333333335,"channelID: 331",Edge_9,MEL_Edge_9.1,62.98399999999999
2.0408163265306123,"channelID: 331",Edge_9,MEL_Edge_9.1,63.03199999999999
1.9607843137254901,"channelID: 331",Edge_9,MEL_Edge_9.1,63.07199999999999
1.9230769230769231,"channelID: 331",Edge_9,MEL_Edge_9.1,63.087999999999994
1.8867924528301887,"channelID: 331",Edge_9,MEL_Edge_9.1,63.098
1.8181818181818181,"channelID: 331",Edge_9,MEL_Edge_9.1,63.438
1.7543859649122806,"channelID: 331",Edge_9,MEL_Edge_9.1,63.5
1.7241379310344827,"channelID: 331",Edge_9,MEL_Edge_9.1,63.86
1.694915254237288,"channelID: 331",Edge_9,MEL_Edge_9.1,63.988
1.6129032258064515,"channelID: 331",Edge_9,MEL_Edge_9.1,64.048
1.5384615384615385,"channelID: 331",Edge_9,MEL_Edge_9.1,64.22
1.5151515151515151,"channelID: 331",Edge_9,MEL_Edge_9.1,64.30799999999999
1.4492753623188406,"channelID: 331",Edge_9,MEL_Edge_9.1,64.402
1.4285714285714286,"channelID: 331",Edge_9,MEL_Edge_9.1,64.48400000000001
1.408450704225352,"channelID: 331",Edge_9,MEL_Edge_9.1,64.53
1.36986301369863,"channelID: 331",Edge_9,MEL_Edge_9.1,64.58800000000001
1.3157894736842106,"channelID: 331",Edge_9,MEL_Edge_9.1,64.604
1.2987012987012987,"channelID: 331",Edge_9,MEL_Edge_9.1,64.61800000000001
1.2820512820512822,"channelID: 331",Edge_9,MEL_Edge_9.1,64.64200000000001
1.25,"channelID: 331",Edge_9,MEL_Edge_9.1,64.66000000000001
1.2345679012345678,"channelID: 331",Edge_9,MEL_Edge_9.1,64.69200000000001
1.2195121951219512,"channelID: 331",Edge_9,MEL_Edge_9.1,64.74800000000002
1.1904761904761905,"channelID: 331",Edge_9,MEL_Edge_9.1,64.802
1.1764705882352942,"channelID: 331",Edge_9,MEL_Edge_9.1,64.836
1.1627906976744187,"channelID: 331",Edge_9,MEL_Edge_9.1,64.86000000000003
1.1363636363636365,"channelID: 331",Edge_9,MEL_Edge_9.1,64.878
1.1904761904761905,"channelID: 331",Edge_9,MEL_Edge_9.1,68.00725999999999
1.25,"channelID: 331",Edge_9,MEL_Edge_9.1,79.67422
1.3157894736842106,"channelID: 331",Edge_9,MEL_Edge_9.1,85.47502000000003
1.36986301369863,"channelID: 331",Edge_9,MEL_Edge_9.1,101.51125000000002
1.4285714285714286,"channelID: 331",Edge_9,MEL_Edge_9.1,106.57258000000002
1.4705882352941178,"channelID: 331",Edge_9,MEL_Edge_9.1,108.75040000000001
4.545454545454546,"channelID: 330",Edge_9,MEL_Edge_9.1,59.756
4.0,"channelID: 330",Edge_9,MEL_Edge_9.1,60.072
3.7037037037037037,"channelID: 330",Edge_9,MEL_Edge_9.1,61.211999999999996
3.3333333333333335,"channelID: 330",Edge_9,MEL_Edge_9.1,61.27199999999999
3.0303030303030303,"channelID: 330",Edge_9,MEL_Edge_9.1,61.508
2.7777777777777777,"channelID: 330",Edge_9,MEL_Edge_9.1,62.072
2.7027027027027026,"channelID: 330",Edge_9,MEL_Edge_9.1,62.428
2.5641025641025643,"channelID: 330",Edge_9,MEL_Edge_9.1,62.544
2.4390243902439024,"channelID: 330",Edge_9,MEL_Edge_9.1,62.587999999999994
2.3255813953488373,"channelID: 330",Edge_9,MEL_Edge_9.1,62.60399999999999
2.272727272727273,"channelID: 330",Edge_9,MEL_Edge_9.1,62.82399999999999
2.127659574468085,"channelID: 330",Edge_9,MEL_Edge_9.1,62.931999999999995
2.0833333333333335,"channelID: 330",Edge_9,MEL_Edge_9.1,62.98399999999999
2.0408163265306123,"channelID: 330",Edge_9,MEL_Edge_9.1,63.03199999999999
1.9607843137254901,"channelID: 330",Edge_9,MEL_Edge_9.1,63.07199999999999
1.9230769230769231,"channelID: 330",Edge_9,MEL_Edge_9.1,63.087999999999994
1.8867924528301887,"channelID: 330",Edge_9,MEL_Edge_9.1,63.098
1.8181818181818181,"channelID: 330",Edge_9,MEL_Edge_9.1,63.438
1.7543859649122806,"channelID: 330",Edge_9,MEL_Edge_9.1,63.5
1.7241379310344827,"channelID: 330",Edge_9,MEL_Edge_9.1,63.86
1.694915254237288,"channelID: 330",Edge_9,MEL_Edge_9.1,63.988
1.6129032258064515,"channelID: 330",Edge_9,MEL_Edge_9.1,64.048
1.5384615384615385,"channelID: 330",Edge_9,MEL_Edge_9.1,64.22
1.5151515151515151,"channelID: 330",Edge_9,MEL_Edge_9.1,64.30799999999999
1.4492753623188406,"channelID: 330",Edge_9,MEL_Edge_9.1,64.402
1.4285714285714286,"channelID: 330",Edge_9,MEL_Edge_9.1,64.48400000000001
1.408450704225352,"channelID: 330",Edge_9,MEL_Edge_9.1,64.53
1.36986301369863,"channelID: 330",Edge_9,MEL_Edge_9.1,64.58800000000001
1.3157894736842106,"channelID: 330",Edge_9,MEL_Edge_9.1,64.604
1.2987012987012987,"channelID: 330",Edge_9,MEL_Edge_9.1,64.61800000000001
1.2820512820512822,"channelID: 330",Edge_9,MEL_Edge_9.1,64.64200000000001
1.25,"channelID: 330",Edge_9,MEL_Edge_9.1,64.66000000000001
1.2345679012345678,"channelID: 330",Edge_9,MEL_Edge_9.1,64.69200000000001
1.2195121951219512,"channelID: 330",Edge_9,MEL_Edge_9.1,64.74800000000002
1.1904761904761905,"channelID: 330",Edge_9,MEL_Edge_9.1,64.802
1.1764705882352942,"channelID: 330",Edge_9,MEL_Edge_9.1,64.836
1.1627906976744187,"channelID: 330",Edge_9,MEL_Edge_9.1,64.86000000000003
1.1363636363636365,"channelID: 330",Edge_9,MEL_Edge_9.1,64.878
1.1904761904761905,"channelID: 330",Edge_9,MEL_Edge_9.1,68.00725999999999
1.25,"channelID: 330",Edge_9,MEL_Edge_9.1,79.67422
1.3157894736842106,"channelID: 330",Edge_9,MEL_Edge_9.1,85.47502000000003
1.36986301369863,"channelID: 330",Edge_9,MEL_Edge_9.1,101.51125000000002
1.4285714285714286,"channelID: 330",Edge_9,MEL_Edge_9.1,106.57258000000002
1.492537313432836,"channelID: 330",Edge_9,MEL_Edge_9.1,108.75040000000001
4.0,"channelID: 335",Edge_9,MEL_Edge_9.3,60.072
3.7037037037037037,"channelID: 335",Edge_9,MEL_Edge_9.3,61.211999999999996
3.3333333333333335,"channelID: 335",Edge_9,MEL_Edge_9.3,61.27199999999999
3.0303030303030303,"channelID: 335",Edge_9,MEL_Edge_9.3,61.508
2.7777777777777777,"channelID: 335",Edge_9,MEL_Edge_9.3,62.072
2.7027027027027026,"channelID: 335",Edge_9,MEL_Edge_9.3,62.428
2.5641025641025643,"channelID: 335",Edge_9,MEL_Edge_9.3,62.544
2.4390243902439024,"channelID: 335",Edge_9,MEL_Edge_9.3,62.587999999999994
2.3255813953488373,"channelID: 335",Edge_9,MEL_Edge_9.3,62.60399999999999
2.272727272727273,"channelID: 335",Edge_9,MEL_Edge_9.3,62.82399999999999
2.127659574468085,"channelID: 335",Edge_9,MEL_Edge_9.3,62.931999999999995
2.0833333333333335,"channelID: 335",Edge_9,MEL_Edge_9.3,62.98399999999999
2.0408163265306123,"channelID: 335",Edge_9,MEL_Edge_9.3,63.03199999999999
1.9607843137254901,"channelID: 335",Edge_9,MEL_Edge_9.3,63.07199999999999
1.9230769230769231,"channelID: 335",Edge_9,MEL_Edge_9.3,63.087999999999994
1.8867924528301887,"channelID: 335",Edge_9,MEL_Edge_9.3,63.098
1.8181818181818181,"channelID: 335",Edge_9,MEL_Edge_9.3,63.438
1.7543859649122806,"channelID: 335",Edge_9,MEL_Edge_9.3,63.5
1.7241379310344827,"channelID: 335",Edge_9,MEL_Edge_9.3,63.86
1.694915254237288,"channelID: 335",Edge_9,MEL_Edge_9.3,63.988
1.6129032258064515,"channelID: 335",Edge_9,MEL_Edge_9.3,64.048
1.5384615384615385,"channelID: 335",Edge_9,MEL_Edge_9.3,64.22
1.5151515151515151,"channelID: 335",Edge_9,MEL_Edge_9.3,64.30799999999999
1.4492753623188406,"channelID: 335",Edge_9,MEL_Edge_9.3,64.402
1.4285714285714286,"channelID: 335",Edge_9,MEL_Edge_9.3,64.48400000000001
1.408450704225352,"channelID: 335",Edge_9,MEL_Edge_9.3,64.53
1.36986301369863,"channelID: 335",Edge_9,MEL_Edge_9.3,64.58800000000001
1.3157894736842106,"channelID: 335",Edge_9,MEL_Edge_9.3,64.604
1.2987012987012987,"channelID: 335",Edge_9,MEL_Edge_9.3,64.61800000000001
1.2820512820512822,"channelID: 335",Edge_9,MEL_Edge_9.3,64.64200000000001
1.25,"channelID: 335",Edge_9,MEL_Edge_9.3,64.66000000000001
1.2345679012345678,"channelID: 335",Edge_9,MEL_Edge_9.3,64.69200000000001
1.2195121951219512,"channelID: 335",Edge_9,MEL_Edge_9.3,64.74800000000002
1.1904761904761905,"channelID: 335",Edge_9,MEL_Edge_9.3,64.802
1.1764705882352942,"channelID: 335",Edge_9,MEL_Edge_9.3,64.836
1.1627906976744187,"channelID: 335",Edge_9,MEL_Edge_9.3,64.86000000000003
1.1363636363636365,"channelID: 335",Edge_9,MEL_Edge_9.3,64.878
1.1904761904761905,"channelID: 335",Edge_9,MEL_Edge_9.3,68.00725999999999
1.25,"channelID: 335",Edge_9,MEL_Edge_9.3,79.67422
1.3157894736842106,"channelID: 335",Edge_9,MEL_Edge_9.3,85.47502000000003
1.36986301369863,"channelID: 335",Edge_9,MEL_Edge_9.3,101.51125000000002
1.4285714285714286,"channelID: 335",Edge_9,MEL_Edge_9.3,106.57258000000002
1.5151515151515151,"channelID: 335",Edge_9,MEL_Edge_9.3,108.75040000000001
4.0,"channelID: 334",Edge_9,MEL_Edge_9.3,60.072
3.7037037037037037,"channelID: 334",Edge_9,MEL_Edge_9.3,61.211999999999996
3.3333333333333335,"channelID: 334",Edge_9,MEL_Edge_9.3,61.27199999999999
3.0303030303030303,"channelID: 334",Edge_9,MEL_Edge_9.3,61.508
2.7777777777777777,"channelID: 334",Edge_9,MEL_Edge_9.3,62.072
2.7027027027027026,"channelID: 334",Edge_9,MEL_Edge_9.3,62.428
2.5641025641025643,"channelID: 334",Edge_9,MEL_Edge_9.3,62.544
2.4390243902439024,"channelID: 334",Edge_9,MEL_Edge_9.3,62.587999999999994
2.3255813953488373,"channelID: 334",Edge_9,MEL_Edge_9.3,62.60399999999999
2.272727272727273,"channelID: 334",Edge_9,MEL_Edge_9.3,62.82399999999999
2.127659574468085,"channelID: 334",Edge_9,MEL_Edge_9.3,62.931999999999995
2.0833333333333335,"channelID: 334",Edge_9,MEL_Edge_9.3,62.98399999999999
2.0408163265306123,"channelID: 334",Edge_9,MEL_Edge_9.3,63.03199999999999
1.9607843137254901,"channelID: 334",Edge_9,MEL_Edge_9.3,63.07199999999999
1.9230769230769231,"channelID: 334",Edge_9,MEL_Edge_9.3,63.087999999999994
1.8867924528301887,"channelID: 334",Edge_9,MEL_Edge_9.3,63.098
1.8181818181818181,"channelID: 334",Edge_9,MEL_Edge_9.3,63.438
1.7543859649122806,"channelID: 334",Edge_9,MEL_Edge_9.3,63.5
1.7241379310344827,"channelID: 334",Edge_9,MEL_Edge_9.3,63.86
1.694915254237288,"channelID: 334",Edge_9,MEL_Edge_9.3,63.988
1.6129032258064515,"channelID: 334",Edge_9,MEL_Edge_9.3,64.048
1.5384615384615385,"channelID: 334",Edge_9,MEL_Edge_9.3,64.22
1.5151515151515151,"channelID: 334",Edge_9,MEL_Edge_9.3,64.30799999999999
1.4492753623188406,"channelID: 334",Edge_9,MEL_Edge_9.3,64.402
1.4285714285714286,"channelID: 334",Edge_9,MEL_Edge_9.3,64.48400000000001
1.408450704225352,"channelID: 334",Edge_9,MEL_Edge_9.3,64.53
1.36986301369863,"channelID: 334",Edge_9,MEL_Edge_9.3,64.58800000000001
1.3157894736842106,"channelID: 334",Edge_9,MEL_Edge_9.3,64.604
1.2987012987012987,"channelID: 334",Edge_9,MEL_Edge_9.3,64.61800000000001
1.2820512820512822,"channelID: 334",Edge_9,MEL_Edge_9.3,64.64200000000001
1.25,"channelID: 334",Edge_9,MEL_Edge_9.3,64.66000000000001
1.2345679012345678,"channelID: 334",Edge_9,MEL_Edge_9.3,64.69200000000001
1.2195121951219512,"channelID: 334",Edge_9,MEL_Edge_9.3,64.74800000000002
1.1904761904761905,"channelID: 334",Edge_9,MEL_Edge_9.3,64.802
1.1764705882352942,"channelID: 334",Edge_9,MEL_Edge_9.3,64.836
1.1627906976744187,"channelID: 334",Edge_9,MEL_Edge_9.3,64.86000000000003
1.1363636363636365,"channelID: 334",Edge_9,MEL_Edge_9.3,64.878
1.1904761904761905,"channelID: 334",Edge_9,MEL_Edge_9.3,68.00725999999999
1.25,"channelID: 334",Edge_9,MEL_Edge_9.3,79.67422
1.3157894736842106,"channelID: 334",Edge_9,MEL_Edge_9.3,85.47502000000003
1.36986301369863,"channelID: 334",Edge_9,MEL_Edge_9.3,101.51125000000002
1.4285714285714286,"channelID: 334",Edge_9,MEL_Edge_9.3,106.57258000000002
1.5151515151515151,"channelID: 334",Edge_9,MEL_Edge_9.3,108.75040000000001
1.5384615384615385,"channelID: 334",Edge_9,MEL_Edge_9.3,109.69843000000002
4.0,"channelID: 333",Edge_9,MEL_Edge_9.3,60.072
3.7037037037037037,"channelID: 333",Edge_9,MEL_Edge_9.3,61.211999999999996
3.3333333333333335,"channelID: 333",Edge_9,MEL_Edge_9.3,61.27199999999999
3.0303030303030303,"channelID: 333",Edge_9,MEL_Edge_9.3,61.508
2.7777777777777777,"channelID: 333",Edge_9,MEL_Edge_9.3,62.072
2.7027027027027026,"channelID: 333",Edge_9,MEL_Edge_9.3,62.428
2.5641025641025643,"channelID: 333",Edge_9,MEL_Edge_9.3,62.544
2.4390243902439024,"channelID: 333",Edge_9,MEL_Edge_9.3,62.587999999999994
2.3255813953488373,"channelID: 333",Edge_9,MEL_Edge_9.3,62.60399999999999
2.272727272727273,"channelID: 333",Edge_9,MEL_Edge_9.3,62.82399999999999
2.127659574468085,"channelID: 333",Edge_9,MEL_Edge_9.3,62.931999999999995
2.0833333333333335,"channelID: 333",Edge_9,MEL_Edge_9.3,62.98399999999999
2.0408163265306123,"channelID: 333",Edge_9,MEL_Edge_9.3,63.03199999999999
1.9607843137254901,"channelID: 333",Edge_9,MEL_Edge_9.3,63.07199999999999
1.9230769230769231,"channelID: 333",Edge_9,MEL_Edge_9.3,63.087999999999994
1.8867924528301887,"channelID: 333",Edge_9,MEL_Edge_9.3,63.098
1.8181818181818181,"channelID: 333",Edge_9,MEL_Edge_9.3,63.438
1.7543859649122806,"channelID: 333",Edge_9,MEL_Edge_9.3,63.5
1.7241379310344827,"channelID: 333",Edge_9,MEL_Edge_9.3,63.86
1.694915254237288,"channelID: 333",Edge_9,MEL_Edge_9.3,63.988
1.6129032258064515,"channelID: 333",Edge_9,MEL_Edge_9.3,64.048
1.5384615384615385,"channelID: 333",Edge_9,MEL_Edge_9.3,64.22
1.5151515151515151,"channelID: 333",Edge_9,MEL_Edge_9.3,64.30799999999999
1.4492753623188406,"channelID: 333",Edge_9,MEL_Edge_9.3,64.402
1.4285714285714286,"channelID: 333",Edge_9,MEL_Edge_9.3,64.48400000000001
1.408450704225352,"channelID: 333",Edge_9,MEL_Edge_9.3,64.53
1.36986301369863,"channelID: 333",Edge_9,MEL_Edge_9.3,64.58800000000001
1.3157894736842106,"channelID: 333",Edge_9,MEL_Edge_9.3,64.604
1.2987012987012987,"channelID: 333",Edge_9,MEL_Edge_9.3,64.61800000000001
1.2820512820512822,"channelID: 333",Edge_9,MEL_Edge_9.3,64.64200000000001
1.25,"channelID: 333",Edge_9,MEL_Edge_9.3,64.66000000000001
1.2345679012345678,"channelID: 333",Edge_9,MEL_Edge_9.3,64.69200000000001
1.2195121951219512,"channelID: 333",Edge_9,MEL_Edge_9.3,64.74800000000002
1.1904761904761905,"channelID: 333",Edge_9,MEL_Edge_9.3,64.802
1.1764705882352942,"channelID: 333",Edge_9,MEL_Edge_9.3,64.836
1.1627906976744187,"channelID: 333",Edge_9,MEL_Edge_9.3,64.86000000000003
1.1363636363636365,"channelID: 333",Edge_9,MEL_Edge_9.3,64.878
1.1904761904761905,"channelID: 333",Edge_9,MEL_Edge_9.3,68.00725999999999
1.25,"channelID: 333",Edge_9,MEL_Edge_9.3,79.67422
1.3157894736842106,"channelID: 333",Edge_9,MEL_Edge_9.3,85.47502000000003
1.36986301369863,"channelID: 333",Edge_9,MEL_Edge_9.3,101.51125000000002
1.4285714285714286,"channelID: 333",Edge_9,MEL_Edge_9.3,106.57258000000002
1.5151515151515151,"channelID: 333",Edge_9,MEL_Edge_9.3,108.75040000000001
1.5625,"channelID: 333",Edge_9,MEL_Edge_9.3,109.69843000000002
3.7037037037037037,"channelID: 337",Edge_9,MEL_Edge_9.3,61.211999999999996
3.3333333333333335,"channelID: 337",Edge_9,MEL_Edge_9.3,61.27199999999999
3.0303030303030303,"channelID: 337",Edge_9,MEL_Edge_9.3,61.508
2.7777777777777777,"channelID: 337",Edge_9,MEL_Edge_9.3,62.072
2.7027027027027026,"channelID: 337",Edge_9,MEL_Edge_9.3,62.428
2.5641025641025643,"channelID: 337",Edge_9,MEL_Edge_9.3,62.544
2.4390243902439024,"channelID: 337",Edge_9,MEL_Edge_9.3,62.587999999999994
2.3255813953488373,"channelID: 337",Edge_9,MEL_Edge_9.3,62.60399999999999
2.272727272727273,"channelID: 337",Edge_9,MEL_Edge_9.3,62.82399999999999
2.127659574468085,"channelID: 337",Edge_9,MEL_Edge_9.3,62.931999999999995
2.0833333333333335,"channelID: 337",Edge_9,MEL_Edge_9.3,62.98399999999999
2.0408163265306123,"channelID: 337",Edge_9,MEL_Edge_9.3,63.03199999999999
1.9607843137254901,"channelID: 337",Edge_9,MEL_Edge_9.3,63.07199999999999
1.9230769230769231,"channelID: 337",Edge_9,MEL_Edge_9.3,63.087999999999994
1.8867924528301887,"channelID: 337",Edge_9,MEL_Edge_9.3,63.098
1.8181818181818181,"channelID: 337",Edge_9,MEL_Edge_9.3,63.438
1.7543859649122806,"channelID: 337",Edge_9,MEL_Edge_9.3,63.5
1.7241379310344827,"channelID: 337",Edge_9,MEL_Edge_9.3,63.86
1.694915254237288,"channelID: 337",Edge_9,MEL_Edge_9.3,63.988
1.6129032258064515,"channelID: 337",Edge_9,MEL_Edge_9.3,64.048
1.5384615384615385,"channelID: 337",Edge_9,MEL_Edge_9.3,64.22
1.5151515151515151,"channelID: 337",Edge_9,MEL_Edge_9.3,64.30799999999999
1.4492753623188406,"channelID: 337",Edge_9,MEL_Edge_9.3,64.402
1.4285714285714286,"channelID: 337",Edge_9,MEL_Edge_9.3,64.48400000000001
1.408450704225352,"channelID: 337",Edge_9,MEL_Edge_9.3,64.53
1.36986301369863,"channelID: 337",Edge_9,MEL_Edge_9.3,64.58800000000001
1.3157894736842106,"channelID: 337",Edge_9,MEL_Edge_9.3,64.604
1.2987012987012987,"channelID: 337",Edge_9,MEL_Edge_9.3,64.61800000000001
1.2820512820512822,"channelID: 337",Edge_9,MEL_Edge_9.3,64.64200000000001
1.25,"channelID: 337",Edge_9,MEL_Edge_9.3,64.66000000000001
1.2345679012345678,"channelID: 337",Edge_9,MEL_Edge_9.3,64.69200000000001
1.2195121951219512,"channelID: 337",Edge_9,MEL_Edge_9.3,64.74800000000002
1.1904761904761905,"channelID: 337",Edge_9,MEL_Edge_9.3,64.802
1.1764705882352942,"channelID: 337",Edge_9,MEL_Edge_9.3,64.836
1.1627906976744187,"channelID: 337",Edge_9,MEL_Edge_9.3,64.86000000000003
1.1363636363636365,"channelID: 337",Edge_9,MEL_Edge_9.3,64.878
1.1904761904761905,"channelID: 337",Edge_9,MEL_Edge_9.3,68.00725999999999
1.25,"channelID: 337",Edge_9,MEL_Edge_9.3,79.67422
1.3157894736842106,"channelID: 337",Edge_9,MEL_Edge_9.3,85.47502000000003
1.36986301369863,"channelID: 337",Edge_9,MEL_Edge_9.3,101.51125000000002
1.4285714285714286,"channelID: 337",Edge_9,MEL_Edge_9.3,106.57258000000002
1.5151515151515151,"channelID: 337",Edge_9,MEL_Edge_9.3,108.75040000000001
1.5873015873015872,"channelID: 337",Edge_9,MEL_Edge_9.3,109.69843000000002
3.7037037037037037,"channelID: 336",Edge_9,MEL_Edge_9.3,61.211999999999996
3.3333333333333335,"channelID: 336",Edge_9,MEL_Edge_9.3,61.27199999999999
3.0303030303030303,"channelID: 336",Edge_9,MEL_Edge_9.3,61.508
2.7777777777777777,"channelID: 336",Edge_9,MEL_Edge_9.3,62.072
2.7027027027027026,"channelID: 336",Edge_9,MEL_Edge_9.3,62.428
2.5641025641025643,"channelID: 336",Edge_9,MEL_Edge_9.3,62.544
2.4390243902439024,"channelID: 336",Edge_9,MEL_Edge_9.3,62.587999999999994
2.3255813953488373,"channelID: 336",Edge_9,MEL_Edge_9.3,62.60399999999999
2.272727272727273,"channelID: 336",Edge_9,MEL_Edge_9.3,62.82399999999999
2.127659574468085,"channelID: 336",Edge_9,MEL_Edge_9.3,62.931999999999995
2.0833333333333335,"channelID: 336",Edge_9,MEL_Edge_9.3,62.98399999999999
2.0408163265306123,"channelID: 336",Edge_9,MEL_Edge_9.3,63.03199999999999
1.9607843137254901,"channelID: 336",Edge_9,MEL_Edge_9.3,63.07199999999999
1.9230769230769231,"channelID: 336",Edge_9,MEL_Edge_9.3,63.087999999999994
1.8867924528301887,"channelID: 336",Edge_9,MEL_Edge_9.3,63.098
1.8181818181818181,"channelID: 336",Edge_9,MEL_Edge_9.3,63.438
1.7543859649122806,"channelID: 336",Edge_9,MEL_Edge_9.3,63.5
1.7241379310344827,"channelID: 336",Edge_9,MEL_Edge_9.3,63.86
1.694915254237288,"channelID: 336",Edge_9,MEL_Edge_9.3,63.988
1.6129032258064515,"channelID: 336",Edge_9,MEL_Edge_9.3,64.048
1.5384615384615385,"channelID: 336",Edge_9,MEL_Edge_9.3,64.22
1.5151515151515151,"channelID: 336",Edge_9,MEL_Edge_9.3,64.30799999999999
1.4492753623188406,"channelID: 336",Edge_9,MEL_Edge_9.3,64.402
1.4285714285714286,"channelID: 336",Edge_9,MEL_Edge_9.3,64.48400000000001
1.408450704225352,"channelID: 336",Edge_9,MEL_Edge_9.3,64.53
1.36986301369863,"channelID: 336",Edge_9,MEL_Edge_9.3,64.58800000000001
1.3157894736842106,"channelID: 336",Edge_9,MEL_Edge_9.3,64.604
1.2987012987012987,"channelID: 336",Edge_9,MEL_Edge_9.3,64.61800000000001
1.2820512820512822,"channelID: 336",Edge_9,MEL_Edge_9.3,64.64200000000001
1.25,"channelID: 336",Edge_9,MEL_Edge_9.3,64.66000000000001
1.2345679012345678,"channelID: 336",Edge_9,MEL_Edge_9.3,64.69200000000001
1.2195121951219512,"channelID: 336",Edge_9,MEL_Edge_9.3,64.74800000000002
1.1904761904761905,"channelID: 336",Edge_9,MEL_Edge_9.3,64.802
1.1764705882352942,"channelID: 336",Edge_9,MEL_Edge_9.3,64.836
1.1627906976744187,"channelID: 336",Edge_9,MEL_Edge_9.3,64.86000000000003
1.1363636363636365,"channelID: 336",Edge_9,MEL_Edge_9.3,64.878
1.1904761904761905,"channelID: 336",Edge_9,MEL_Edge_9.3,68.00725999999999
1.25,"channelID: 336",Edge_9,MEL_Edge_9.3,79.67422
1.3157894736842106,"channelID: 336",Edge_9,MEL_Edge_9.3,85.47502000000003
1.36986301369863,"channelID: 336",Edge_9,MEL_Edge_9.3,101.51125000000002
1.4285714285714286,"channelID: 336",Edge_9,MEL_Edge_9.3,106.57258000000002
1.5151515151515151,"channelID: 336",Edge_9,MEL_Edge_9.3,108.75040000000001
1.5873015873015872,"channelID: 336",Edge_9,MEL_Edge_9.3,109.69843000000002
1.6129032258064515,"channelID: 336",Edge_9,MEL_Edge_9.3,112.57122000000001
3.3333333333333335,"channelID: 340",Edge_9,MEL_Edge_9.2,61.27199999999999
3.0303030303030303,"channelID: 340",Edge_9,MEL_Edge_9.2,61.508
2.7777777777777777,"channelID: 340",Edge_9,MEL_Edge_9.2,62.072
2.7027027027027026,"channelID: 340",Edge_9,MEL_Edge_9.2,62.428
2.5641025641025643,"channelID: 340",Edge_9,MEL_Edge_9.2,62.544
2.4390243902439024,"channelID: 340",Edge_9,MEL_Edge_9.2,62.587999999999994
2.3255813953488373,"channelID: 340",Edge_9,MEL_Edge_9.2,62.60399999999999
2.272727272727273,"channelID: 340",Edge_9,MEL_Edge_9.2,62.82399999999999
2.127659574468085,"channelID: 340",Edge_9,MEL_Edge_9.2,62.931999999999995
2.0833333333333335,"channelID: 340",Edge_9,MEL_Edge_9.2,62.98399999999999
2.0408163265306123,"channelID: 340",Edge_9,MEL_Edge_9.2,63.03199999999999
1.9607843137254901,"channelID: 340",Edge_9,MEL_Edge_9.2,63.07199999999999
1.9230769230769231,"channelID: 340",Edge_9,MEL_Edge_9.2,63.087999999999994
1.8867924528301887,"channelID: 340",Edge_9,MEL_Edge_9.2,63.098
1.8181818181818181,"channelID: 340",Edge_9,MEL_Edge_9.2,63.438
1.7543859649122806,"channelID: 340",Edge_9,MEL_Edge_9.2,63.5
1.7241379310344827,"channelID: 340",Edge_9,MEL_Edge_9.2,63.86
1.694915254237288,"channelID: 340",Edge_9,MEL_Edge_9.2,63.988
1.6129032258064515,"channelID: 340",Edge_9,MEL_Edge_9.2,64.048
1.5384615384615385,"channelID: 340",Edge_9,MEL_Edge_9.2,64.22
1.5151515151515151,"channelID: 340",Edge_9,MEL_Edge_9.2,64.30799999999999
1.4492753623188406,"channelID: 340",Edge_9,MEL_Edge_9.2,64.402
1.4285714285714286,"channelID: 340",Edge_9,MEL_Edge_9.2,64.48400000000001
1.408450704225352,"channelID: 340",Edge_9,MEL_Edge_9.2,64.53
1.36986301369863,"channelID: 340",Edge_9,MEL_Edge_9.2,64.58800000000001
1.3157894736842106,"channelID: 340",Edge_9,MEL_Edge_9.2,64.604
1.2987012987012987,"channelID: 340",Edge_9,MEL_Edge_9.2,64.61800000000001
1.2820512820512822,"channelID: 340",Edge_9,MEL_Edge_9.2,64.64200000000001
1.25,"channelID: 340",Edge_9,MEL_Edge_9.2,64.66000000000001
1.2345679012345678,"channelID: 340",Edge_9,MEL_Edge_9.2,64.69200000000001
1.2195121951219512,"channelID: 340",Edge_9,MEL_Edge_9.2,64.74800000000002
1.1904761904761905,"channelID: 340",Edge_9,MEL_Edge_9.2,64.802
1.1764705882352942,"channelID: 340",Edge_9,MEL_Edge_9.2,64.836
1.1627906976744187,"channelID: 340",Edge_9,MEL_Edge_9.2,64.86000000000003
1.1363636363636365,"channelID: 340",Edge_9,MEL_Edge_9.2,64.878
1.1904761904761905,"channelID: 340",Edge_9,MEL_Edge_9.2,68.00725999999999
1.25,"channelID: 340",Edge_9,MEL_Edge_9.2,79.67422
1.3157894736842106,"channelID: 340",Edge_9,MEL_Edge_9.2,85.47502000000003
1.36986301369863,"channelID: 340",Edge_9,MEL_Edge_9.2,101.51125000000002
1.4285714285714286,"channelID: 340",Edge_9,MEL_Edge_9.2,106.57258000000002
1.5151515151515151,"channelID: 340",Edge_9,MEL_Edge_9.2,108.75040000000001
1.5873015873015872,"channelID: 340",Edge_9,MEL_Edge_9.2,109.69843000000002
1.639344262295082,"channelID: 340",Edge_9,MEL_Edge_9.2,112.57122000000001
3.3333333333333335,"channelID: 339",Edge_9,MEL_Edge_9.2,61.27199999999999
3.0303030303030303,"channelID: 339",Edge_9,MEL_Edge_9.2,61.508
2.7777777777777777,"channelID: 339",Edge_9,MEL_Edge_9.2,62.072
2.7027027027027026,"channelID: 339",Edge_9,MEL_Edge_9.2,62.428
2.5641025641025643,"channelID: 339",Edge_9,MEL_Edge_9.2,62.544
2.4390243902439024,"channelID: 339",Edge_9,MEL_Edge_9.2,62.587999999999994
2.3255813953488373,"channelID: 339",Edge_9,MEL_Edge_9.2,62.60399999999999
2.272727272727273,"channelID: 339",Edge_9,MEL_Edge_9.2,62.82399999999999
2.127659574468085,"channelID: 339",Edge_9,MEL_Edge_9.2,62.931999999999995
2.0833333333333335,"channelID: 339",Edge_9,MEL_Edge_9.2,62.98399999999999
2.0408163265306123,"channelID: 339",Edge_9,MEL_Edge_9.2,63.03199999999999
1.9607843137254901,"channelID: 339",Edge_9,MEL_Edge_9.2,63.07199999999999
1.9230769230769231,"channelID: 339",Edge_9,MEL_Edge_9.2,63.087999999999994
1.8867924528301887,"channelID: 339",Edge_9,MEL_Edge_9.2,63.098
1.8181818181818181,"channelID: 339",Edge_9,MEL_Edge_9.2,63.438
1.7543859649122806,"channelID: 339",Edge_9,MEL_Edge_9.2,63.5
1.7241379310344827,"channelID: 339",Edge_9,MEL_Edge_9.2,63.86
1.694915254237288,"channelID: 339",Edge_9,MEL_Edge_9.2,63.988
1.6129032258064515,"channelID: 339",Edge_9,MEL_Edge_9.2,64.048
1.5384615384615385,"channelID: 339",Edge_9,MEL_Edge_9.2,64.22
1.5151515151515151,"channelID: 339",Edge_9,MEL_Edge_9.2,64.30799999999999
1.4492753623188406,"channelID: 339",Edge_9,MEL_Edge_9.2,64.402
1.4285714285714286,"channelID: 339",Edge_9,MEL_Edge_9.2,64.48400000000001
1.408450704225352,"channelID: 339",Edge_9,MEL_Edge_9.2,64.53
1.36986301369863,"channelID: 339",Edge_9,MEL_Edge_9.2,64.58800000000001
1.3157894736842106,"channelID: 339",Edge_9,MEL_Edge_9.2,64.604
1.2987012987012987,"channelID: 339",Edge_9,MEL_Edge_9.2,64.61800000000001
1.2820512820512822,"channelID: 339",Edge_9,MEL_Edge_9.2,64.64200000000001
1.25,"channelID: 339",Edge_9,MEL_Edge_9.2,64.66000000000001
1.2345679012345678,"channelID: 339",Edge_9,MEL_Edge_9.2,64.69200000000001
1.2195121951219512,"channelID: 339",Edge_9,MEL_Edge_9.2,64.74800000000002
1.1904761904761905,"channelID: 339",Edge_9,MEL_Edge_9.2,64.802
1.1764705882352942,"channelID: 339",Edge_9,MEL_Edge_9.2,64.836
1.1627906976744187,"channelID: 339",Edge_9,MEL_Edge_9.2,64.86000000000003
1.1363636363636365,"channelID: 339",Edge_9,MEL_Edge_9.2,64.878
1.1904761904761905,"channelID: 339",Edge_9,MEL_Edge_9.2,68.00725999999999
1.25,"channelID: 339",Edge_9,MEL_Edge_9.2,79.67422
1.3157894736842106,"channelID: 339",Edge_9,MEL_Edge_9.2,85.47502000000003
1.36986301369863,"channelID: 339",Edge_9,MEL_Edge_9.2,101.51125000000002
1.4285714285714286,"channelID: 339",Edge_9,MEL_Edge_9.2,106.57258000000002
1.5151515151515151,"channelID: 339",Edge_9,MEL_Edge_9.2,108.75040000000001
1.5873015873015872,"channelID: 339",Edge_9,MEL_Edge_9.2,109.69843000000002
1.639344262295082,"channelID: 339",Edge_9,MEL_Edge_9.2,112.57122000000001
1.6666666666666667,"channelID: 339",Edge_9,MEL_Edge_9.2,112.70678000000001
3.3333333333333335,"channelID: 338",Edge_9,MEL_Edge_9.2,61.27199999999999
3.0303030303030303,"channelID: 338",Edge_9,MEL_Edge_9.2,61.508
2.7777777777777777,"channelID: 338",Edge_9,MEL_Edge_9.2,62.072
2.7027027027027026,"channelID: 338",Edge_9,MEL_Edge_9.2,62.428
2.5641025641025643,"channelID: 338",Edge_9,MEL_Edge_9.2,62.544
2.4390243902439024,"channelID: 338",Edge_9,MEL_Edge_9.2,62.587999999999994
2.3255813953488373,"channelID: 338",Edge_9,MEL_Edge_9.2,62.60399999999999
2.272727272727273,"channelID: 338",Edge_9,MEL_Edge_9.2,62.82399999999999
2.127659574468085,"channelID: 338",Edge_9,MEL_Edge_9.2,62.931999999999995
2.0833333333333335,"channelID: 338",Edge_9,MEL_Edge_9.2,62.98399999999999
2.0408163265306123,"channelID: 338",Edge_9,MEL_Edge_9.2,63.03199999999999
1.9607843137254901,"channelID: 338",Edge_9,MEL_Edge_9.2,63.07199999999999
1.9230769230769231,"channelID: 338",Edge_9,MEL_Edge_9.2,63.087999999999994
1.8867924528301887,"channelID: 338",Edge_9,MEL_Edge_9.2,63.098
1.8181818181818181,"channelID: 338",Edge_9,MEL_Edge_9.2,63.438
1.7543859649122806,"channelID: 338",Edge_9,MEL_Edge_9.2,63.5
1.7241379310344827,"channelID: 338",Edge_9,MEL_Edge_9.2,63.86
1.694915254237288,"channelID: 338",Edge_9,MEL_Edge_9.2,63.988
1.6129032258064515,"channelID: 338",Edge_9,MEL_Edge_9.2,64.048
1.5384615384615385,"channelID: 338",Edge_9,MEL_Edge_9.2,64.22
1.5151515151515151,"channelID: 338",Edge_9,MEL_Edge_9.2,64.30799999999999
1.4492753623188406,"channelID: 338",Edge_9,MEL_Edge_9.2,64.402
1.4285714285714286,"channelID: 338",Edge_9,MEL_Edge_9.2,64.48400000000001
1.408450704225352,"channelID: 338",Edge_9,MEL_Edge_9.2,64.53
1.36986301369863,"channelID: 338",Edge_9,MEL_Edge_9.2,64.58800000000001
1.3157894736842106,"channelID: 338",Edge_9,MEL_Edge_9.2,64.604
1.2987012987012987,"channelID: 338",Edge_9,MEL_Edge_9.2,64.61800000000001
1.2820512820512822,"channelID: 338",Edge_9,MEL_Edge_9.2,64.64200000000001
1.25,"channelID: 338",Edge_9,MEL_Edge_9.2,64.66000000000001
1.2345679012345678,"channelID: 338",Edge_9,MEL_Edge_9.2,64.69200000000001
1.2195121951219512,"channelID: 338",Edge_9,MEL_Edge_9.2,64.74800000000002
1.1904761904761905,"channelID: 338",Edge_9,MEL_Edge_9.2,64.802
1.1764705882352942,"channelID: 338",Edge_9,MEL_Edge_9.2,64.836
1.1627906976744187,"channelID: 338",Edge_9,MEL_Edge_9.2,64.86000000000003
1.1363636363636365,"channelID: 338",Edge_9,MEL_Edge_9.2,64.878
1.1904761904761905,"channelID: 338",Edge_9,MEL_Edge_9.2,68.00725999999999
1.25,"channelID: 338",Edge_9,MEL_Edge_9.2,79.67422
1.3157894736842106,"channelID: 338",Edge_9,MEL_Edge_9.2,85.47502000000003
1.36986301369863,"channelID: 338",Edge_9,MEL_Edge_9.2,101.51125000000002
1.4285714285714286,"channelID: 338",Edge_9,MEL_Edge_9.2,106.57258000000002
1.5151515151515151,"channelID: 338",Edge_9,MEL_Edge_9.2,108.75040000000001
1.5873015873015872,"channelID: 338",Edge_9,MEL_Edge_9.2,109.69843000000002
1.639344262295082,"channelID: 338",Edge_9,MEL_Edge_9.2,112.57122000000001
1.694915254237288,"channelID: 338",Edge_9,MEL_Edge_9.2,112.70678000000001
3.0303030303030303,"channelID: 343",Edge_9,MEL_Edge_9.1,61.508
2.7777777777777777,"channelID: 343",Edge_9,MEL_Edge_9.1,62.072
2.7027027027027026,"channelID: 343",Edge_9,MEL_Edge_9.1,62.428
2.5641025641025643,"channelID: 343",Edge_9,MEL_Edge_9.1,62.544
2.4390243902439024,"channelID: 343",Edge_9,MEL_Edge_9.1,62.587999999999994
2.3255813953488373,"channelID: 343",Edge_9,MEL_Edge_9.1,62.60399999999999
2.272727272727273,"channelID: 343",Edge_9,MEL_Edge_9.1,62.82399999999999
2.127659574468085,"channelID: 343",Edge_9,MEL_Edge_9.1,62.931999999999995
2.0833333333333335,"channelID: 343",Edge_9,MEL_Edge_9.1,62.98399999999999
2.0408163265306123,"channelID: 343",Edge_9,MEL_Edge_9.1,63.03199999999999
1.9607843137254901,"channelID: 343",Edge_9,MEL_Edge_9.1,63.07199999999999
1.9230769230769231,"channelID: 343",Edge_9,MEL_Edge_9.1,63.087999999999994
1.8867924528301887,"channelID: 343",Edge_9,MEL_Edge_9.1,63.098
1.8181818181818181,"channelID: 343",Edge_9,MEL_Edge_9.1,63.438
1.7543859649122806,"channelID: 343",Edge_9,MEL_Edge_9.1,63.5
1.7241379310344827,"channelID: 343",Edge_9,MEL_Edge_9.1,63.86
1.694915254237288,"channelID: 343",Edge_9,MEL_Edge_9.1,63.988
1.6129032258064515,"channelID: 343",Edge_9,MEL_Edge_9.1,64.048
1.5384615384615385,"channelID: 343",Edge_9,MEL_Edge_9.1,64.22
1.5151515151515151,"channelID: 343",Edge_9,MEL_Edge_9.1,64.30799999999999
1.4492753623188406,"channelID: 343",Edge_9,MEL_Edge_9.1,64.402
1.4285714285714286,"channelID: 343",Edge_9,MEL_Edge_9.1,64.48400000000001
1.408450704225352,"channelID: 343",Edge_9,MEL_Edge_9.1,64.53
1.36986301369863,"channelID: 343",Edge_9,MEL_Edge_9.1,64.58800000000001
1.3157894736842106,"channelID: 343",Edge_9,MEL_Edge_9.1,64.604
1.2987012987012987,"channelID: 343",Edge_9,MEL_Edge_9.1,64.61800000000001
1.2820512820512822,"channelID: 343",Edge_9,MEL_Edge_9.1,64.64200000000001
1.25,"channelID: 343",Edge_9,MEL_Edge_9.1,64.66000000000001
1.2345679012345678,"channelID: 343",Edge_9,MEL_Edge_9.1,64.69200000000001
1.2195121951219512,"channelID: 343",Edge_9,MEL_Edge_9.1,64.74800000000002
1.1904761904761905,"channelID: 343",Edge_9,MEL_Edge_9.1,64.802
1.1764705882352942,"channelID: 343",Edge_9,MEL_Edge_9.1,64.836
1.1627906976744187,"channelID: 343",Edge_9,MEL_Edge_9.1,64.86000000000003
1.1363636363636365,"channelID: 343",Edge_9,MEL_Edge_9.1,64.878
1.1904761904761905,"channelID: 343",Edge_9,MEL_Edge_9.1,68.00725999999999
1.25,"channelID: 343",Edge_9,MEL_Edge_9.1,79.67422
1.3157894736842106,"channelID: 343",Edge_9,MEL_Edge_9.1,85.47502000000003
1.36986301369863,"channelID: 343",Edge_9,MEL_Edge_9.1,101.51125000000002
1.4285714285714286,"channelID: 343",Edge_9,MEL_Edge_9.1,106.57258000000002
1.5151515151515151,"channelID: 343",Edge_9,MEL_Edge_9.1,108.75040000000001
1.5873015873015872,"channelID: 343",Edge_9,MEL_Edge_9.1,109.69843000000002
1.639344262295082,"channelID: 343",Edge_9,MEL_Edge_9.1,112.57122000000001
1.7241379310344827,"channelID: 343",Edge_9,MEL_Edge_9.1,112.70678000000001
3.0303030303030303,"channelID: 342",Edge_9,MEL_Edge_9.1,61.508
2.7777777777777777,"channelID: 342",Edge_9,MEL_Edge_9.1,62.072
2.7027027027027026,"channelID: 342",Edge_9,MEL_Edge_9.1,62.428
2.5641025641025643,"channelID: 342",Edge_9,MEL_Edge_9.1,62.544
2.4390243902439024,"channelID: 342",Edge_9,MEL_Edge_9.1,62.587999999999994
2.3255813953488373,"channelID: 342",Edge_9,MEL_Edge_9.1,62.60399999999999
2.272727272727273,"channelID: 342",Edge_9,MEL_Edge_9.1,62.82399999999999
2.127659574468085,"channelID: 342",Edge_9,MEL_Edge_9.1,62.931999999999995
2.0833333333333335,"channelID: 342",Edge_9,MEL_Edge_9.1,62.98399999999999
2.0408163265306123,"channelID: 342",Edge_9,MEL_Edge_9.1,63.03199999999999
1.9607843137254901,"channelID: 342",Edge_9,MEL_Edge_9.1,63.07199999999999
1.9230769230769231,"channelID: 342",Edge_9,MEL_Edge_9.1,63.087999999999994
1.8867924528301887,"channelID: 342",Edge_9,MEL_Edge_9.1,63.098
1.8181818181818181,"channelID: 342",Edge_9,MEL_Edge_9.1,63.438
1.7543859649122806,"channelID: 342",Edge_9,MEL_Edge_9.1,63.5
1.7241379310344827,"channelID: 342",Edge_9,MEL_Edge_9.1,63.86
1.694915254237288,"channelID: 342",Edge_9,MEL_Edge_9.1,63.988
1.6129032258064515,"channelID: 342",Edge_9,MEL_Edge_9.1,64.048
1.5384615384615385,"channelID: 342",Edge_9,MEL_Edge_9.1,64.22
1.5151515151515151,"channelID: 342",Edge_9,MEL_Edge_9.1,64.30799999999999
1.4492753623188406,"channelID: 342",Edge_9,MEL_Edge_9.1,64.402
1.4285714285714286,"channelID: 342",Edge_9,MEL_Edge_9.1,64.48400000000001
1.408450704225352,"channelID: 342",Edge_9,MEL_Edge_9.1,64.53
1.36986301369863,"channelID: 342",Edge_9,MEL_Edge_9.1,64.58800000000001
1.3157894736842106,"channelID: 342",Edge_9,MEL_Edge_9.1,64.604
1.2987012987012987,"channelID: 342",Edge_9,MEL_Edge_9.1,64.61800000000001
1.2820512820512822,"channelID: 342",Edge_9,MEL_Edge_9.1,64.64200000000001
1.25,"channelID: 342",Edge_9,MEL_Edge_9.1,64.66000000000001
1.2345679012345678,"channelID: 342",Edge_9,MEL_Edge_9.1,64.69200000000001
1.2195121951219512,"channelID: 342",Edge_9,MEL_Edge_9.1,64.74800000000002
1.1904761904761905,"channelID: 342",Edge_9,MEL_Edge_9.1,64.802
1.1764705882352942,"channelID: 342",Edge_9,MEL_Edge_9.1,64.836
1.1627906976744187,"channelID: 342",Edge_9,MEL_Edge_9.1,64.86000000000003
1.1363636363636365,"channelID: 342",Edge_9,MEL_Edge_9.1,64.878
1.1904761904761905,"channelID: 342",Edge_9,MEL_Edge_9.1,68.00725999999999
1.25,"channelID: 342",Edge_9,MEL_Edge_9.1,79.67422
1.3157894736842106,"channelID: 342",Edge_9,MEL_Edge_9.1,85.47502000000003
1.36986301369863,"channelID: 342",Edge_9,MEL_Edge_9.1,101.51125000000002
1.4285714285714286,"channelID: 342",Edge_9,MEL_Edge_9.1,106.57258000000002
1.5151515151515151,"channelID: 342",Edge_9,MEL_Edge_9.1,108.75040000000001
1.5873015873015872,"channelID: 342",Edge_9,MEL_Edge_9.1,109.69843000000002
1.639344262295082,"channelID: 342",Edge_9,MEL_Edge_9.1,112.57122000000001
1.7241379310344827,"channelID: 342",Edge_9,MEL_Edge_9.1,112.70678000000001
1.7543859649122806,"channelID: 342",Edge_9,MEL_Edge_9.1,113.16307
3.0303030303030303,"channelID: 341",Edge_9,MEL_Edge_9.1,61.508
2.7777777777777777,"channelID: 341",Edge_9,MEL_Edge_9.1,62.072
2.7027027027027026,"channelID: 341",Edge_9,MEL_Edge_9.1,62.428
2.5641025641025643,"channelID: 341",Edge_9,MEL_Edge_9.1,62.544
2.4390243902439024,"channelID: 341",Edge_9,MEL_Edge_9.1,62.587999999999994
2.3255813953488373,"channelID: 341",Edge_9,MEL_Edge_9.1,62.60399999999999
2.272727272727273,"channelID: 341",Edge_9,MEL_Edge_9.1,62.82399999999999
2.127659574468085,"channelID: 341",Edge_9,MEL_Edge_9.1,62.931999999999995
2.0833333333333335,"channelID: 341",Edge_9,MEL_Edge_9.1,62.98399999999999
2.0408163265306123,"channelID: 341",Edge_9,MEL_Edge_9.1,63.03199999999999
1.9607843137254901,"channelID: 341",Edge_9,MEL_Edge_9.1,63.07199999999999
1.9230769230769231,"channelID: 341",Edge_9,MEL_Edge_9.1,63.087999999999994
1.8867924528301887,"channelID: 341",Edge_9,MEL_Edge_9.1,63.098
1.8181818181818181,"channelID: 341",Edge_9,MEL_Edge_9.1,63.438
1.7543859649122806,"channelID: 341",Edge_9,MEL_Edge_9.1,63.5
1.7241379310344827,"channelID: 341",Edge_9,MEL_Edge_9.1,63.86
1.694915254237288,"channelID: 341",Edge_9,MEL_Edge_9.1,63.988
1.6129032258064515,"channelID: 341",Edge_9,MEL_Edge_9.1,64.048
1.5384615384615385,"channelID: 341",Edge_9,MEL_Edge_9.1,64.22
1.5151515151515151,"channelID: 341",Edge_9,MEL_Edge_9.1,64.30799999999999
1.4492753623188406,"channelID: 341",Edge_9,MEL_Edge_9.1,64.402
1.4285714285714286,"channelID: 341",Edge_9,MEL_Edge_9.1,64.48400000000001
1.408450704225352,"channelID: 341",Edge_9,MEL_Edge_9.1,64.53
1.36986301369863,"channelID: 341",Edge_9,MEL_Edge_9.1,64.58800000000001
1.3157894736842106,"channelID: 341",Edge_9,MEL_Edge_9.1,64.604
1.2987012987012987,"channelID: 341",Edge_9,MEL_Edge_9.1,64.61800000000001
1.2820512820512822,"channelID: 341",Edge_9,MEL_Edge_9.1,64.64200000000001
1.25,"channelID: 341",Edge_9,MEL_Edge_9.1,64.66000000000001
1.2345679012345678,"channelID: 341",Edge_9,MEL_Edge_9.1,64.69200000000001
1.2195121951219512,"channelID: 341",Edge_9,MEL_Edge_9.1,64.74800000000002
1.1904761904761905,"channelID: 341",Edge_9,MEL_Edge_9.1,64.802
1.1764705882352942,"channelID: 341",Edge_9,MEL_Edge_9.1,64.836
1.1627906976744187,"channelID: 341",Edge_9,MEL_Edge_9.1,64.86000000000003
1.1363636363636365,"channelID: 341",Edge_9,MEL_Edge_9.1,64.878
1.1904761904761905,"channelID: 341",Edge_9,MEL_Edge_9.1,68.00725999999999
1.25,"channelID: 341",Edge_9,MEL_Edge_9.1,79.67422
1.3157894736842106,"channelID: 341",Edge_9,MEL_Edge_9.1,85.47502000000003
1.36986301369863,"channelID: 341",Edge_9,MEL_Edge_9.1,101.51125000000002
1.4285714285714286,"channelID: 341",Edge_9,MEL_Edge_9.1,106.57258000000002
1.5151515151515151,"channelID: 341",Edge_9,MEL_Edge_9.1,108.75040000000001
1.5873015873015872,"channelID: 341",Edge_9,MEL_Edge_9.1,109.69843000000002
1.639344262295082,"channelID: 341",Edge_9,MEL_Edge_9.1,112.57122000000001
1.7241379310344827,"channelID: 341",Edge_9,MEL_Edge_9.1,112.70678000000001
1.7857142857142858,"channelID: 341",Edge_9,MEL_Edge_9.1,113.16307
2.7777777777777777,"channelID: 345",Edge_9,MEL_Edge_9.3,62.072
2.7027027027027026,"channelID: 345",Edge_9,MEL_Edge_9.3,62.428
2.5641025641025643,"channelID: 345",Edge_9,MEL_Edge_9.3,62.544
2.4390243902439024,"channelID: 345",Edge_9,MEL_Edge_9.3,62.587999999999994
2.3255813953488373,"channelID: 345",Edge_9,MEL_Edge_9.3,62.60399999999999
2.272727272727273,"channelID: 345",Edge_9,MEL_Edge_9.3,62.82399999999999
2.127659574468085,"channelID: 345",Edge_9,MEL_Edge_9.3,62.931999999999995
2.0833333333333335,"channelID: 345",Edge_9,MEL_Edge_9.3,62.98399999999999
2.0408163265306123,"channelID: 345",Edge_9,MEL_Edge_9.3,63.03199999999999
1.9607843137254901,"channelID: 345",Edge_9,MEL_Edge_9.3,63.07199999999999
1.9230769230769231,"channelID: 345",Edge_9,MEL_Edge_9.3,63.087999999999994
1.8867924528301887,"channelID: 345",Edge_9,MEL_Edge_9.3,63.098
1.8181818181818181,"channelID: 345",Edge_9,MEL_Edge_9.3,63.438
1.7543859649122806,"channelID: 345",Edge_9,MEL_Edge_9.3,63.5
1.7241379310344827,"channelID: 345",Edge_9,MEL_Edge_9.3,63.86
1.694915254237288,"channelID: 345",Edge_9,MEL_Edge_9.3,63.988
1.6129032258064515,"channelID: 345",Edge_9,MEL_Edge_9.3,64.048
1.5384615384615385,"channelID: 345",Edge_9,MEL_Edge_9.3,64.22
1.5151515151515151,"channelID: 345",Edge_9,MEL_Edge_9.3,64.30799999999999
1.4492753623188406,"channelID: 345",Edge_9,MEL_Edge_9.3,64.402
1.4285714285714286,"channelID: 345",Edge_9,MEL_Edge_9.3,64.48400000000001
1.408450704225352,"channelID: 345",Edge_9,MEL_Edge_9.3,64.53
1.36986301369863,"channelID: 345",Edge_9,MEL_Edge_9.3,64.58800000000001
1.3157894736842106,"channelID: 345",Edge_9,MEL_Edge_9.3,64.604
1.2987012987012987,"channelID: 345",Edge_9,MEL_Edge_9.3,64.61800000000001
1.2820512820512822,"channelID: 345",Edge_9,MEL_Edge_9.3,64.64200000000001
1.25,"channelID: 345",Edge_9,MEL_Edge_9.3,64.66000000000001
1.2345679012345678,"channelID: 345",Edge_9,MEL_Edge_9.3,64.69200000000001
1.2195121951219512,"channelID: 345",Edge_9,MEL_Edge_9.3,64.74800000000002
1.1904761904761905,"channelID: 345",Edge_9,MEL_Edge_9.3,64.802
1.1764705882352942,"channelID: 345",Edge_9,MEL_Edge_9.3,64.836
1.1627906976744187,"channelID: 345",Edge_9,MEL_Edge_9.3,64.86000000000003
1.1363636363636365,"channelID: 345",Edge_9,MEL_Edge_9.3,64.878
1.1904761904761905,"channelID: 345",Edge_9,MEL_Edge_9.3,68.00725999999999
1.25,"channelID: 345",Edge_9,MEL_Edge_9.3,79.67422
1.3157894736842106,"channelID: 345",Edge_9,MEL_Edge_9.3,85.47502000000003
1.36986301369863,"channelID: 345",Edge_9,MEL_Edge_9.3,101.51125000000002
1.4285714285714286,"channelID: 345",Edge_9,MEL_Edge_9.3,106.57258000000002
1.5151515151515151,"channelID: 345",Edge_9,MEL_Edge_9.3,108.75040000000001
1.5873015873015872,"channelID: 345",Edge_9,MEL_Edge_9.3,109.69843000000002
1.639344262295082,"channelID: 345",Edge_9,MEL_Edge_9.3,112.57122000000001
1.7241379310344827,"channelID: 345",Edge_9,MEL_Edge_9.3,112.70678000000001
1.8181818181818181,"channelID: 345",Edge_9,MEL_Edge_9.3,113.16307
2.7777777777777777,"channelID: 344",Edge_9,MEL_Edge_9.3,62.072
2.7027027027027026,"channelID: 344",Edge_9,MEL_Edge_9.3,62.428
2.5641025641025643,"channelID: 344",Edge_9,MEL_Edge_9.3,62.544
2.4390243902439024,"channelID: 344",Edge_9,MEL_Edge_9.3,62.587999999999994
2.3255813953488373,"channelID: 344",Edge_9,MEL_Edge_9.3,62.60399999999999
2.272727272727273,"channelID: 344",Edge_9,MEL_Edge_9.3,62.82399999999999
2.127659574468085,"channelID: 344",Edge_9,MEL_Edge_9.3,62.931999999999995
2.0833333333333335,"channelID: 344",Edge_9,MEL_Edge_9.3,62.98399999999999
2.0408163265306123,"channelID: 344",Edge_9,MEL_Edge_9.3,63.03199999999999
1.9607843137254901,"channelID: 344",Edge_9,MEL_Edge_9.3,63.07199999999999
1.9230769230769231,"channelID: 344",Edge_9,MEL_Edge_9.3,63.087999999999994
1.8867924528301887,"channelID: 344",Edge_9,MEL_Edge_9.3,63.098
1.8181818181818181,"channelID: 344",Edge_9,MEL_Edge_9.3,63.438
1.7543859649122806,"channelID: 344",Edge_9,MEL_Edge_9.3,63.5
1.7241379310344827,"channelID: 344",Edge_9,MEL_Edge_9.3,63.86
1.694915254237288,"channelID: 344",Edge_9,MEL_Edge_9.3,63.988
1.6129032258064515,"channelID: 344",Edge_9,MEL_Edge_9.3,64.048
1.5384615384615385,"channelID: 344",Edge_9,MEL_Edge_9.3,64.22
1.5151515151515151,"channelID: 344",Edge_9,MEL_Edge_9.3,64.30799999999999
1.4492753623188406,"channelID: 344",Edge_9,MEL_Edge_9.3,64.402
1.4285714285714286,"channelID: 344",Edge_9,MEL_Edge_9.3,64.48400000000001
1.408450704225352,"channelID: 344",Edge_9,MEL_Edge_9.3,64.53
1.36986301369863,"channelID: 344",Edge_9,MEL_Edge_9.3,64.58800000000001
1.3157894736842106,"channelID: 344",Edge_9,MEL_Edge_9.3,64.604
1.2987012987012987,"channelID: 344",Edge_9,MEL_Edge_9.3,64.61800000000001
1.2820512820512822,"channelID: 344",Edge_9,MEL_Edge_9.3,64.64200000000001
1.25,"channelID: 344",Edge_9,MEL_Edge_9.3,64.66000000000001
1.2345679012345678,"channelID: 344",Edge_9,MEL_Edge_9.3,64.69200000000001
1.2195121951219512,"channelID: 344",Edge_9,MEL_Edge_9.3,64.74800000000002
1.1904761904761905,"channelID: 344",Edge_9,MEL_Edge_9.3,64.802
1.1764705882352942,"channelID: 344",Edge_9,MEL_Edge_9.3,64.836
1.1627906976744187,"channelID: 344",Edge_9,MEL_Edge_9.3,64.86000000000003
1.1363636363636365,"channelID: 344",Edge_9,MEL_Edge_9.3,64.878
1.1904761904761905,"channelID: 344",Edge_9,MEL_Edge_9.3,68.00725999999999
1.25,"channelID: 344",Edge_9,MEL_Edge_9.3,79.67422
1.3157894736842106,"channelID: 344",Edge_9,MEL_Edge_9.3,85.47502000000003
1.36986301369863,"channelID: 344",Edge_9,MEL_Edge_9.3,101.51125000000002
1.4285714285714286,"channelID: 344",Edge_9,MEL_Edge_9.3,106.57258000000002
1.5151515151515151,"channelID: 344",Edge_9,MEL_Edge_9.3,108.75040000000001
1.5873015873015872,"channelID: 344",Edge_9,MEL_Edge_9.3,109.69843000000002
1.639344262295082,"channelID: 344",Edge_9,MEL_Edge_9.3,112.57122000000001
1.7241379310344827,"channelID: 344",Edge_9,MEL_Edge_9.3,112.70678000000001
1.8181818181818181,"channelID: 344",Edge_9,MEL_Edge_9.3,113.16307
1.8518518518518519,"channelID: 344",Edge_9,MEL_Edge_9.3,114.10309000000001
2.7777777777777777,"channelID: 346",Edge_9,MEL_Edge_9.3,62.072
2.7027027027027026,"channelID: 346",Edge_9,MEL_Edge_9.3,62.428
2.5641025641025643,"channelID: 346",Edge_9,MEL_Edge_9.3,62.544
2.4390243902439024,"channelID: 346",Edge_9,MEL_Edge_9.3,62.587999999999994
2.3255813953488373,"channelID: 346",Edge_9,MEL_Edge_9.3,62.60399999999999
2.272727272727273,"channelID: 346",Edge_9,MEL_Edge_9.3,62.82399999999999
2.127659574468085,"channelID: 346",Edge_9,MEL_Edge_9.3,62.931999999999995
2.0833333333333335,"channelID: 346",Edge_9,MEL_Edge_9.3,62.98399999999999
2.0408163265306123,"channelID: 346",Edge_9,MEL_Edge_9.3,63.03199999999999
1.9607843137254901,"channelID: 346",Edge_9,MEL_Edge_9.3,63.07199999999999
1.9230769230769231,"channelID: 346",Edge_9,MEL_Edge_9.3,63.087999999999994
1.8867924528301887,"channelID: 346",Edge_9,MEL_Edge_9.3,63.098
1.8181818181818181,"channelID: 346",Edge_9,MEL_Edge_9.3,63.438
1.7543859649122806,"channelID: 346",Edge_9,MEL_Edge_9.3,63.5
1.7241379310344827,"channelID: 346",Edge_9,MEL_Edge_9.3,63.86
1.694915254237288,"channelID: 346",Edge_9,MEL_Edge_9.3,63.988
1.6129032258064515,"channelID: 346",Edge_9,MEL_Edge_9.3,64.048
1.5384615384615385,"channelID: 346",Edge_9,MEL_Edge_9.3,64.22
1.5151515151515151,"channelID: 346",Edge_9,MEL_Edge_9.3,64.30799999999999
1.4492753623188406,"channelID: 346",Edge_9,MEL_Edge_9.3,64.402
1.4285714285714286,"channelID: 346",Edge_9,MEL_Edge_9.3,64.48400000000001
1.408450704225352,"channelID: 346",Edge_9,MEL_Edge_9.3,64.53
1.36986301369863,"channelID: 346",Edge_9,MEL_Edge_9.3,64.58800000000001
1.3157894736842106,"channelID: 346",Edge_9,MEL_Edge_9.3,64.604
1.2987012987012987,"channelID: 346",Edge_9,MEL_Edge_9.3,64.61800000000001
1.2820512820512822,"channelID: 346",Edge_9,MEL_Edge_9.3,64.64200000000001
1.25,"channelID: 346",Edge_9,MEL_Edge_9.3,64.66000000000001
1.2345679012345678,"channelID: 346",Edge_9,MEL_Edge_9.3,64.69200000000001
1.2195121951219512,"channelID: 346",Edge_9,MEL_Edge_9.3,64.74800000000002
1.1904761904761905,"channelID: 346",Edge_9,MEL_Edge_9.3,64.802
1.1764705882352942,"channelID: 346",Edge_9,MEL_Edge_9.3,64.836
1.1627906976744187,"channelID: 346",Edge_9,MEL_Edge_9.3,64.86000000000003
1.1363636363636365,"channelID: 346",Edge_9,MEL_Edge_9.3,64.878
1.1904761904761905,"channelID: 346",Edge_9,MEL_Edge_9.3,68.00725999999999
1.25,"channelID: 346",Edge_9,MEL_Edge_9.3,79.67422
1.3157894736842106,"channelID: 346",Edge_9,MEL_Edge_9.3,85.47502000000003
1.36986301369863,"channelID: 346",Edge_9,MEL_Edge_9.3,101.51125000000002
1.4285714285714286,"channelID: 346",Edge_9,MEL_Edge_9.3,106.57258000000002
1.5151515151515151,"channelID: 346",Edge_9,MEL_Edge_9.3,108.75040000000001
1.5873015873015872,"channelID: 346",Edge_9,MEL_Edge_9.3,109.69843000000002
1.639344262295082,"channelID: 346",Edge_9,MEL_Edge_9.3,112.57122000000001
1.7241379310344827,"channelID: 346",Edge_9,MEL_Edge_9.3,112.70678000000001
1.8181818181818181,"channelID: 346",Edge_9,MEL_Edge_9.3,113.16307
1.8867924528301887,"channelID: 346",Edge_9,MEL_Edge_9.3,114.10309000000001
2.7027027027027026,"channelID: 347",Edge_9,MEL_Edge_9.3,62.428
2.5641025641025643,"channelID: 347",Edge_9,MEL_Edge_9.3,62.544
2.4390243902439024,"channelID: 347",Edge_9,MEL_Edge_9.3,62.587999999999994
2.3255813953488373,"channelID: 347",Edge_9,MEL_Edge_9.3,62.60399999999999
2.272727272727273,"channelID: 347",Edge_9,MEL_Edge_9.3,62.82399999999999
2.127659574468085,"channelID: 347",Edge_9,MEL_Edge_9.3,62.931999999999995
2.0833333333333335,"channelID: 347",Edge_9,MEL_Edge_9.3,62.98399999999999
2.0408163265306123,"channelID: 347",Edge_9,MEL_Edge_9.3,63.03199999999999
1.9607843137254901,"channelID: 347",Edge_9,MEL_Edge_9.3,63.07199999999999
1.9230769230769231,"channelID: 347",Edge_9,MEL_Edge_9.3,63.087999999999994
1.8867924528301887,"channelID: 347",Edge_9,MEL_Edge_9.3,63.098
1.8181818181818181,"channelID: 347",Edge_9,MEL_Edge_9.3,63.438
1.7543859649122806,"channelID: 347",Edge_9,MEL_Edge_9.3,63.5
1.7241379310344827,"channelID: 347",Edge_9,MEL_Edge_9.3,63.86
1.694915254237288,"channelID: 347",Edge_9,MEL_Edge_9.3,63.988
1.6129032258064515,"channelID: 347",Edge_9,MEL_Edge_9.3,64.048
1.5384615384615385,"channelID: 347",Edge_9,MEL_Edge_9.3,64.22
1.5151515151515151,"channelID: 347",Edge_9,MEL_Edge_9.3,64.30799999999999
1.4492753623188406,"channelID: 347",Edge_9,MEL_Edge_9.3,64.402
1.4285714285714286,"channelID: 347",Edge_9,MEL_Edge_9.3,64.48400000000001
1.408450704225352,"channelID: 347",Edge_9,MEL_Edge_9.3,64.53
1.36986301369863,"channelID: 347",Edge_9,MEL_Edge_9.3,64.58800000000001
1.3157894736842106,"channelID: 347",Edge_9,MEL_Edge_9.3,64.604
1.2987012987012987,"channelID: 347",Edge_9,MEL_Edge_9.3,64.61800000000001
1.2820512820512822,"channelID: 347",Edge_9,MEL_Edge_9.3,64.64200000000001
1.25,"channelID: 347",Edge_9,MEL_Edge_9.3,64.66000000000001
1.2345679012345678,"channelID: 347",Edge_9,MEL_Edge_9.3,64.69200000000001
1.2195121951219512,"channelID: 347",Edge_9,MEL_Edge_9.3,64.74800000000002
1.1904761904761905,"channelID: 347",Edge_9,MEL_Edge_9.3,64.802
1.1764705882352942,"channelID: 347",Edge_9,MEL_Edge_9.3,64.836
1.1627906976744187,"channelID: 347",Edge_9,MEL_Edge_9.3,64.86000000000003
1.1363636363636365,"channelID: 347",Edge_9,MEL_Edge_9.3,64.878
1.1904761904761905,"channelID: 347",Edge_9,MEL_Edge_9.3,68.00725999999999
1.25,"channelID: 347",Edge_9,MEL_Edge_9.3,79.67422
1.3157894736842106,"channelID: 347",Edge_9,MEL_Edge_9.3,85.47502000000003
1.36986301369863,"channelID: 347",Edge_9,MEL_Edge_9.3,101.51125000000002
1.4285714285714286,"channelID: 347",Edge_9,MEL_Edge_9.3,106.57258000000002
1.5151515151515151,"channelID: 347",Edge_9,MEL_Edge_9.3,108.75040000000001
1.5873015873015872,"channelID: 347",Edge_9,MEL_Edge_9.3,109.69843000000002
1.639344262295082,"channelID: 347",Edge_9,MEL_Edge_9.3,112.57122000000001
1.7241379310344827,"channelID: 347",Edge_9,MEL_Edge_9.3,112.70678000000001
1.8181818181818181,"channelID: 347",Edge_9,MEL_Edge_9.3,113.16307
1.9230769230769231,"channelID: 347",Edge_9,MEL_Edge_9.3,114.10309000000001
2.5641025641025643,"channelID: 349",Edge_9,MEL_Edge_9.2,62.544
2.4390243902439024,"channelID: 349",Edge_9,MEL_Edge_9.2,62.587999999999994
2.3255813953488373,"channelID: 349",Edge_9,MEL_Edge_9.2,62.60399999999999
2.272727272727273,"channelID: 349",Edge_9,MEL_Edge_9.2,62.82399999999999
2.127659574468085,"channelID: 349",Edge_9,MEL_Edge_9.2,62.931999999999995
2.0833333333333335,"channelID: 349",Edge_9,MEL_Edge_9.2,62.98399999999999
2.0408163265306123,"channelID: 349",Edge_9,MEL_Edge_9.2,63.03199999999999
1.9607843137254901,"channelID: 349",Edge_9,MEL_Edge_9.2,63.07199999999999
1.9230769230769231,"channelID: 349",Edge_9,MEL_Edge_9.2,63.087999999999994
1.8867924528301887,"channelID: 349",Edge_9,MEL_Edge_9.2,63.098
1.8181818181818181,"channelID: 349",Edge_9,MEL_Edge_9.2,63.438
1.7543859649122806,"channelID: 349",Edge_9,MEL_Edge_9.2,63.5
1.7241379310344827,"channelID: 349",Edge_9,MEL_Edge_9.2,63.86
1.694915254237288,"channelID: 349",Edge_9,MEL_Edge_9.2,63.988
1.6129032258064515,"channelID: 349",Edge_9,MEL_Edge_9.2,64.048
1.5384615384615385,"channelID: 349",Edge_9,MEL_Edge_9.2,64.22
1.5151515151515151,"channelID: 349",Edge_9,MEL_Edge_9.2,64.30799999999999
1.4492753623188406,"channelID: 349",Edge_9,MEL_Edge_9.2,64.402
1.4285714285714286,"channelID: 349",Edge_9,MEL_Edge_9.2,64.48400000000001
1.408450704225352,"channelID: 349",Edge_9,MEL_Edge_9.2,64.53
1.36986301369863,"channelID: 349",Edge_9,MEL_Edge_9.2,64.58800000000001
1.3157894736842106,"channelID: 349",Edge_9,MEL_Edge_9.2,64.604
1.2987012987012987,"channelID: 349",Edge_9,MEL_Edge_9.2,64.61800000000001
1.2820512820512822,"channelID: 349",Edge_9,MEL_Edge_9.2,64.64200000000001
1.25,"channelID: 349",Edge_9,MEL_Edge_9.2,64.66000000000001
1.2345679012345678,"channelID: 349",Edge_9,MEL_Edge_9.2,64.69200000000001
1.2195121951219512,"channelID: 349",Edge_9,MEL_Edge_9.2,64.74800000000002
1.1904761904761905,"channelID: 349",Edge_9,MEL_Edge_9.2,64.802
1.1764705882352942,"channelID: 349",Edge_9,MEL_Edge_9.2,64.836
1.1627906976744187,"channelID: 349",Edge_9,MEL_Edge_9.2,64.86000000000003
1.1363636363636365,"channelID: 349",Edge_9,MEL_Edge_9.2,64.878
1.1904761904761905,"channelID: 349",Edge_9,MEL_Edge_9.2,68.00725999999999
1.25,"channelID: 349",Edge_9,MEL_Edge_9.2,79.67422
1.3157894736842106,"channelID: 349",Edge_9,MEL_Edge_9.2,85.47502000000003
1.36986301369863,"channelID: 349",Edge_9,MEL_Edge_9.2,101.51125000000002
1.4285714285714286,"channelID: 349",Edge_9,MEL_Edge_9.2,106.57258000000002
1.5151515151515151,"channelID: 349",Edge_9,MEL_Edge_9.2,108.75040000000001
1.5873015873015872,"channelID: 349",Edge_9,MEL_Edge_9.2,109.69843000000002
1.639344262295082,"channelID: 349",Edge_9,MEL_Edge_9.2,112.57122000000001
1.7241379310344827,"channelID: 349",Edge_9,MEL_Edge_9.2,112.70678000000001
1.8181818181818181,"channelID: 349",Edge_9,MEL_Edge_9.2,113.16307
1.9230769230769231,"channelID: 349",Edge_9,MEL_Edge_9.2,114.10309000000001
1.9607843137254901,"channelID: 349",Edge_9,MEL_Edge_9.2,114.61732
2.5641025641025643,"channelID: 348",Edge_9,MEL_Edge_9.2,62.544
2.4390243902439024,"channelID: 348",Edge_9,MEL_Edge_9.2,62.587999999999994
2.3255813953488373,"channelID: 348",Edge_9,MEL_Edge_9.2,62.60399999999999
2.272727272727273,"channelID: 348",Edge_9,MEL_Edge_9.2,62.82399999999999
2.127659574468085,"channelID: 348",Edge_9,MEL_Edge_9.2,62.931999999999995
2.0833333333333335,"channelID: 348",Edge_9,MEL_Edge_9.2,62.98399999999999
2.0408163265306123,"channelID: 348",Edge_9,MEL_Edge_9.2,63.03199999999999
1.9607843137254901,"channelID: 348",Edge_9,MEL_Edge_9.2,63.07199999999999
1.9230769230769231,"channelID: 348",Edge_9,MEL_Edge_9.2,63.087999999999994
1.8867924528301887,"channelID: 348",Edge_9,MEL_Edge_9.2,63.098
1.8181818181818181,"channelID: 348",Edge_9,MEL_Edge_9.2,63.438
1.7543859649122806,"channelID: 348",Edge_9,MEL_Edge_9.2,63.5
1.7241379310344827,"channelID: 348",Edge_9,MEL_Edge_9.2,63.86
1.694915254237288,"channelID: 348",Edge_9,MEL_Edge_9.2,63.988
1.6129032258064515,"channelID: 348",Edge_9,MEL_Edge_9.2,64.048
1.5384615384615385,"channelID: 348",Edge_9,MEL_Edge_9.2,64.22
1.5151515151515151,"channelID: 348",Edge_9,MEL_Edge_9.2,64.30799999999999
1.4492753623188406,"channelID: 348",Edge_9,MEL_Edge_9.2,64.402
1.4285714285714286,"channelID: 348",Edge_9,MEL_Edge_9.2,64.48400000000001
1.408450704225352,"channelID: 348",Edge_9,MEL_Edge_9.2,64.53
1.36986301369863,"channelID: 348",Edge_9,MEL_Edge_9.2,64.58800000000001
1.3157894736842106,"channelID: 348",Edge_9,MEL_Edge_9.2,64.604
1.2987012987012987,"channelID: 348",Edge_9,MEL_Edge_9.2,64.61800000000001
1.2820512820512822,"channelID: 348",Edge_9,MEL_Edge_9.2,64.64200000000001
1.25,"channelID: 348",Edge_9,MEL_Edge_9.2,64.66000000000001
1.2345679012345678,"channelID: 348",Edge_9,MEL_Edge_9.2,64.69200000000001
1.2195121951219512,"channelID: 348",Edge_9,MEL_Edge_9.2,64.74800000000002
1.1904761904761905,"channelID: 348",Edge_9,MEL_Edge_9.2,64.802
1.1764705882352942,"channelID: 348",Edge_9,MEL_Edge_9.2,64.836
1.1627906976744187,"channelID: 348",Edge_9,MEL_Edge_9.2,64.86000000000003
1.1363636363636365,"channelID: 348",Edge_9,MEL_Edge_9.2,64.878
1.1904761904761905,"channelID: 348",Edge_9,MEL_Edge_9.2,68.00725999999999
1.25,"channelID: 348",Edge_9,MEL_Edge_9.2,79.67422
1.3157894736842106,"channelID: 348",Edge_9,MEL_Edge_9.2,85.47502000000003
1.36986301369863,"channelID: 348",Edge_9,MEL_Edge_9.2,101.51125000000002
1.4285714285714286,"channelID: 348",Edge_9,MEL_Edge_9.2,106.57258000000002
1.5151515151515151,"channelID: 348",Edge_9,MEL_Edge_9.2,108.75040000000001
1.5873015873015872,"channelID: 348",Edge_9,MEL_Edge_9.2,109.69843000000002
1.639344262295082,"channelID: 348",Edge_9,MEL_Edge_9.2,112.57122000000001
1.7241379310344827,"channelID: 348",Edge_9,MEL_Edge_9.2,112.70678000000001
1.8181818181818181,"channelID: 348",Edge_9,MEL_Edge_9.2,113.16307
1.9230769230769231,"channelID: 348",Edge_9,MEL_Edge_9.2,114.10309000000001
1.9607843137254901,"channelID: 348",Edge_9,MEL_Edge_9.2,114.61732
2.0,"channelID: 348",Edge_9,MEL_Edge_9.2,114.77722
2.4390243902439024,"channelID: 351",Edge_9,MEL_Edge_9.3,62.587999999999994
2.3255813953488373,"channelID: 351",Edge_9,MEL_Edge_9.3,62.60399999999999
2.272727272727273,"channelID: 351",Edge_9,MEL_Edge_9.3,62.82399999999999
2.127659574468085,"channelID: 351",Edge_9,MEL_Edge_9.3,62.931999999999995
2.0833333333333335,"channelID: 351",Edge_9,MEL_Edge_9.3,62.98399999999999
2.0408163265306123,"channelID: 351",Edge_9,MEL_Edge_9.3,63.03199999999999
1.9607843137254901,"channelID: 351",Edge_9,MEL_Edge_9.3,63.07199999999999
1.9230769230769231,"channelID: 351",Edge_9,MEL_Edge_9.3,63.087999999999994
1.8867924528301887,"channelID: 351",Edge_9,MEL_Edge_9.3,63.098
1.8181818181818181,"channelID: 351",Edge_9,MEL_Edge_9.3,63.438
1.7543859649122806,"channelID: 351",Edge_9,MEL_Edge_9.3,63.5
1.7241379310344827,"channelID: 351",Edge_9,MEL_Edge_9.3,63.86
1.694915254237288,"channelID: 351",Edge_9,MEL_Edge_9.3,63.988
1.6129032258064515,"channelID: 351",Edge_9,MEL_Edge_9.3,64.048
1.5384615384615385,"channelID: 351",Edge_9,MEL_Edge_9.3,64.22
1.5151515151515151,"channelID: 351",Edge_9,MEL_Edge_9.3,64.30799999999999
1.4492753623188406,"channelID: 351",Edge_9,MEL_Edge_9.3,64.402
1.4285714285714286,"channelID: 351",Edge_9,MEL_Edge_9.3,64.48400000000001
1.408450704225352,"channelID: 351",Edge_9,MEL_Edge_9.3,64.53
1.36986301369863,"channelID: 351",Edge_9,MEL_Edge_9.3,64.58800000000001
1.3157894736842106,"channelID: 351",Edge_9,MEL_Edge_9.3,64.604
1.2987012987012987,"channelID: 351",Edge_9,MEL_Edge_9.3,64.61800000000001
1.2820512820512822,"channelID: 351",Edge_9,MEL_Edge_9.3,64.64200000000001
1.25,"channelID: 351",Edge_9,MEL_Edge_9.3,64.66000000000001
1.2345679012345678,"channelID: 351",Edge_9,MEL_Edge_9.3,64.69200000000001
1.2195121951219512,"channelID: 351",Edge_9,MEL_Edge_9.3,64.74800000000002
1.1904761904761905,"channelID: 351",Edge_9,MEL_Edge_9.3,64.802
1.1764705882352942,"channelID: 351",Edge_9,MEL_Edge_9.3,64.836
1.1627906976744187,"channelID: 351",Edge_9,MEL_Edge_9.3,64.86000000000003
1.1363636363636365,"channelID: 351",Edge_9,MEL_Edge_9.3,64.878
1.1904761904761905,"channelID: 351",Edge_9,MEL_Edge_9.3,68.00725999999999
1.25,"channelID: 351",Edge_9,MEL_Edge_9.3,79.67422
1.3157894736842106,"channelID: 351",Edge_9,MEL_Edge_9.3,85.47502000000003
1.36986301369863,"channelID: 351",Edge_9,MEL_Edge_9.3,101.51125000000002
1.4285714285714286,"channelID: 351",Edge_9,MEL_Edge_9.3,106.57258000000002
1.5151515151515151,"channelID: 351",Edge_9,MEL_Edge_9.3,108.75040000000001
1.5873015873015872,"channelID: 351",Edge_9,MEL_Edge_9.3,109.69843000000002
1.639344262295082,"channelID: 351",Edge_9,MEL_Edge_9.3,112.57122000000001
1.7241379310344827,"channelID: 351",Edge_9,MEL_Edge_9.3,112.70678000000001
1.8181818181818181,"channelID: 351",Edge_9,MEL_Edge_9.3,113.16307
1.9230769230769231,"channelID: 351",Edge_9,MEL_Edge_9.3,114.10309000000001
1.9607843137254901,"channelID: 351",Edge_9,MEL_Edge_9.3,114.61732
2.0408163265306123,"channelID: 351",Edge_9,MEL_Edge_9.3,114.77722
2.4390243902439024,"channelID: 350",Edge_9,MEL_Edge_9.3,62.587999999999994
2.3255813953488373,"channelID: 350",Edge_9,MEL_Edge_9.3,62.60399999999999
2.272727272727273,"channelID: 350",Edge_9,MEL_Edge_9.3,62.82399999999999
2.127659574468085,"channelID: 350",Edge_9,MEL_Edge_9.3,62.931999999999995
2.0833333333333335,"channelID: 350",Edge_9,MEL_Edge_9.3,62.98399999999999
2.0408163265306123,"channelID: 350",Edge_9,MEL_Edge_9.3,63.03199999999999
1.9607843137254901,"channelID: 350",Edge_9,MEL_Edge_9.3,63.07199999999999
1.9230769230769231,"channelID: 350",Edge_9,MEL_Edge_9.3,63.087999999999994
1.8867924528301887,"channelID: 350",Edge_9,MEL_Edge_9.3,63.098
1.8181818181818181,"channelID: 350",Edge_9,MEL_Edge_9.3,63.438
1.7543859649122806,"channelID: 350",Edge_9,MEL_Edge_9.3,63.5
1.7241379310344827,"channelID: 350",Edge_9,MEL_Edge_9.3,63.86
1.694915254237288,"channelID: 350",Edge_9,MEL_Edge_9.3,63.988
1.6129032258064515,"channelID: 350",Edge_9,MEL_Edge_9.3,64.048
1.5384615384615385,"channelID: 350",Edge_9,MEL_Edge_9.3,64.22
1.5151515151515151,"channelID: 350",Edge_9,MEL_Edge_9.3,64.30799999999999
1.4492753623188406,"channelID: 350",Edge_9,MEL_Edge_9.3,64.402
1.4285714285714286,"channelID: 350",Edge_9,MEL_Edge_9.3,64.48400000000001
1.408450704225352,"channelID: 350",Edge_9,MEL_Edge_9.3,64.53
1.36986301369863,"channelID: 350",Edge_9,MEL_Edge_9.3,64.58800000000001
1.3157894736842106,"channelID: 350",Edge_9,MEL_Edge_9.3,64.604
1.2987012987012987,"channelID: 350",Edge_9,MEL_Edge_9.3,64.61800000000001
1.2820512820512822,"channelID: 350",Edge_9,MEL_Edge_9.3,64.64200000000001
1.25,"channelID: 350",Edge_9,MEL_Edge_9.3,64.66000000000001
1.2345679012345678,"channelID: 350",Edge_9,MEL_Edge_9.3,64.69200000000001
1.2195121951219512,"channelID: 350",Edge_9,MEL_Edge_9.3,64.74800000000002
1.1904761904761905,"channelID: 350",Edge_9,MEL_Edge_9.3,64.802
1.1764705882352942,"channelID: 350",Edge_9,MEL_Edge_9.3,64.836
1.1627906976744187,"channelID: 350",Edge_9,MEL_Edge_9.3,64.86000000000003
1.1363636363636365,"channelID: 350",Edge_9,MEL_Edge_9.3,64.878
1.1904761904761905,"channelID: 350",Edge_9,MEL_Edge_9.3,68.00725999999999
1.25,"channelID: 350",Edge_9,MEL_Edge_9.3,79.67422
1.3157894736842106,"channelID: 350",Edge_9,MEL_Edge_9.3,85.47502000000003
1.36986301369863,"channelID: 350",Edge_9,MEL_Edge_9.3,101.51125000000002
1.4285714285714286,"channelID: 350",Edge_9,MEL_Edge_9.3,106.57258000000002
1.5151515151515151,"channelID: 350",Edge_9,MEL_Edge_9.3,108.75040000000001
1.5873015873015872,"channelID: 350",Edge_9,MEL_Edge_9.3,109.69843000000002
1.639344262295082,"channelID: 350",Edge_9,MEL_Edge_9.3,112.57122000000001
1.7241379310344827,"channelID: 350",Edge_9,MEL_Edge_9.3,112.70678000000001
1.8181818181818181,"channelID: 350",Edge_9,MEL_Edge_9.3,113.16307
1.9230769230769231,"channelID: 350",Edge_9,MEL_Edge_9.3,114.10309000000001
1.9607843137254901,"channelID: 350",Edge_9,MEL_Edge_9.3,114.61732
2.0408163265306123,"channelID: 350",Edge_9,MEL_Edge_9.3,114.77722
2.0833333333333335,"channelID: 350",Edge_9,MEL_Edge_9.3,114.8325
2.3255813953488373,"channelID: 352",Edge_9,MEL_Edge_9.1,62.60399999999999
2.272727272727273,"channelID: 352",Edge_9,MEL_Edge_9.1,62.82399999999999
2.127659574468085,"channelID: 352",Edge_9,MEL_Edge_9.1,62.931999999999995
2.0833333333333335,"channelID: 352",Edge_9,MEL_Edge_9.1,62.98399999999999
2.0408163265306123,"channelID: 352",Edge_9,MEL_Edge_9.1,63.03199999999999
1.9607843137254901,"channelID: 352",Edge_9,MEL_Edge_9.1,63.07199999999999
1.9230769230769231,"channelID: 352",Edge_9,MEL_Edge_9.1,63.087999999999994
1.8867924528301887,"channelID: 352",Edge_9,MEL_Edge_9.1,63.098
1.8181818181818181,"channelID: 352",Edge_9,MEL_Edge_9.1,63.438
1.7543859649122806,"channelID: 352",Edge_9,MEL_Edge_9.1,63.5
1.7241379310344827,"channelID: 352",Edge_9,MEL_Edge_9.1,63.86
1.694915254237288,"channelID: 352",Edge_9,MEL_Edge_9.1,63.988
1.6129032258064515,"channelID: 352",Edge_9,MEL_Edge_9.1,64.048
1.5384615384615385,"channelID: 352",Edge_9,MEL_Edge_9.1,64.22
1.5151515151515151,"channelID: 352",Edge_9,MEL_Edge_9.1,64.30799999999999
1.4492753623188406,"channelID: 352",Edge_9,MEL_Edge_9.1,64.402
1.4285714285714286,"channelID: 352",Edge_9,MEL_Edge_9.1,64.48400000000001
1.408450704225352,"channelID: 352",Edge_9,MEL_Edge_9.1,64.53
1.36986301369863,"channelID: 352",Edge_9,MEL_Edge_9.1,64.58800000000001
1.3157894736842106,"channelID: 352",Edge_9,MEL_Edge_9.1,64.604
1.2987012987012987,"channelID: 352",Edge_9,MEL_Edge_9.1,64.61800000000001
1.2820512820512822,"channelID: 352",Edge_9,MEL_Edge_9.1,64.64200000000001
1.25,"channelID: 352",Edge_9,MEL_Edge_9.1,64.66000000000001
1.2345679012345678,"channelID: 352",Edge_9,MEL_Edge_9.1,64.69200000000001
1.2195121951219512,"channelID: 352",Edge_9,MEL_Edge_9.1,64.74800000000002
1.1904761904761905,"channelID: 352",Edge_9,MEL_Edge_9.1,64.802
1.1764705882352942,"channelID: 352",Edge_9,MEL_Edge_9.1,64.836
1.1627906976744187,"channelID: 352",Edge_9,MEL_Edge_9.1,64.86000000000003
1.1363636363636365,"channelID: 352",Edge_9,MEL_Edge_9.1,64.878
1.1904761904761905,"channelID: 352",Edge_9,MEL_Edge_9.1,68.00725999999999
1.25,"channelID: 352",Edge_9,MEL_Edge_9.1,79.67422
1.3157894736842106,"channelID: 352",Edge_9,MEL_Edge_9.1,85.47502000000003
1.36986301369863,"channelID: 352",Edge_9,MEL_Edge_9.1,101.51125000000002
1.4285714285714286,"channelID: 352",Edge_9,MEL_Edge_9.1,106.57258000000002
1.5151515151515151,"channelID: 352",Edge_9,MEL_Edge_9.1,108.75040000000001
1.5873015873015872,"channelID: 352",Edge_9,MEL_Edge_9.1,109.69843000000002
1.639344262295082,"channelID: 352",Edge_9,MEL_Edge_9.1,112.57122000000001
1.7241379310344827,"channelID: 352",Edge_9,MEL_Edge_9.1,112.70678000000001
1.8181818181818181,"channelID: 352",Edge_9,MEL_Edge_9.1,113.16307
1.9230769230769231,"channelID: 352",Edge_9,MEL_Edge_9.1,114.10309000000001
1.9607843137254901,"channelID: 352",Edge_9,MEL_Edge_9.1,114.61732
2.0408163265306123,"channelID: 352",Edge_9,MEL_Edge_9.1,114.77722
2.127659574468085,"channelID: 352",Edge_9,MEL_Edge_9.1,114.8325
2.3255813953488373,"channelID: 353",Edge_9,MEL_Edge_9.1,62.60399999999999
2.272727272727273,"channelID: 353",Edge_9,MEL_Edge_9.1,62.82399999999999
2.127659574468085,"channelID: 353",Edge_9,MEL_Edge_9.1,62.931999999999995
2.0833333333333335,"channelID: 353",Edge_9,MEL_Edge_9.1,62.98399999999999
2.0408163265306123,"channelID: 353",Edge_9,MEL_Edge_9.1,63.03199999999999
1.9607843137254901,"channelID: 353",Edge_9,MEL_Edge_9.1,63.07199999999999
1.9230769230769231,"channelID: 353",Edge_9,MEL_Edge_9.1,63.087999999999994
1.8867924528301887,"channelID: 353",Edge_9,MEL_Edge_9.1,63.098
1.8181818181818181,"channelID: 353",Edge_9,MEL_Edge_9.1,63.438
1.7543859649122806,"channelID: 353",Edge_9,MEL_Edge_9.1,63.5
1.7241379310344827,"channelID: 353",Edge_9,MEL_Edge_9.1,63.86
1.694915254237288,"channelID: 353",Edge_9,MEL_Edge_9.1,63.988
1.6129032258064515,"channelID: 353",Edge_9,MEL_Edge_9.1,64.048
1.5384615384615385,"channelID: 353",Edge_9,MEL_Edge_9.1,64.22
1.5151515151515151,"channelID: 353",Edge_9,MEL_Edge_9.1,64.30799999999999
1.4492753623188406,"channelID: 353",Edge_9,MEL_Edge_9.1,64.402
1.4285714285714286,"channelID: 353",Edge_9,MEL_Edge_9.1,64.48400000000001
1.408450704225352,"channelID: 353",Edge_9,MEL_Edge_9.1,64.53
1.36986301369863,"channelID: 353",Edge_9,MEL_Edge_9.1,64.58800000000001
1.3157894736842106,"channelID: 353",Edge_9,MEL_Edge_9.1,64.604
1.2987012987012987,"channelID: 353",Edge_9,MEL_Edge_9.1,64.61800000000001
1.2820512820512822,"channelID: 353",Edge_9,MEL_Edge_9.1,64.64200000000001
1.25,"channelID: 353",Edge_9,MEL_Edge_9.1,64.66000000000001
1.2345679012345678,"channelID: 353",Edge_9,MEL_Edge_9.1,64.69200000000001
1.2195121951219512,"channelID: 353",Edge_9,MEL_Edge_9.1,64.74800000000002
1.1904761904761905,"channelID: 353",Edge_9,MEL_Edge_9.1,64.802
1.1764705882352942,"channelID: 353",Edge_9,MEL_Edge_9.1,64.836
1.1627906976744187,"channelID: 353",Edge_9,MEL_Edge_9.1,64.86000000000003
1.1363636363636365,"channelID: 353",Edge_9,MEL_Edge_9.1,64.878
1.1904761904761905,"channelID: 353",Edge_9,MEL_Edge_9.1,68.00725999999999
1.25,"channelID: 353",Edge_9,MEL_Edge_9.1,79.67422
1.3157894736842106,"channelID: 353",Edge_9,MEL_Edge_9.1,85.47502000000003
1.36986301369863,"channelID: 353",Edge_9,MEL_Edge_9.1,101.51125000000002
1.4285714285714286,"channelID: 353",Edge_9,MEL_Edge_9.1,106.57258000000002
1.5151515151515151,"channelID: 353",Edge_9,MEL_Edge_9.1,108.75040000000001
1.5873015873015872,"channelID: 353",Edge_9,MEL_Edge_9.1,109.69843000000002
1.639344262295082,"channelID: 353",Edge_9,MEL_Edge_9.1,112.57122000000001
1.7241379310344827,"channelID: 353",Edge_9,MEL_Edge_9.1,112.70678000000001
1.8181818181818181,"channelID: 353",Edge_9,MEL_Edge_9.1,113.16307
1.9230769230769231,"channelID: 353",Edge_9,MEL_Edge_9.1,114.10309000000001
1.9607843137254901,"channelID: 353",Edge_9,MEL_Edge_9.1,114.61732
2.0408163265306123,"channelID: 353",Edge_9,MEL_Edge_9.1,114.77722
2.127659574468085,"channelID: 353",Edge_9,MEL_Edge_9.1,114.8325
2.1739130434782608,"channelID: 353",Edge_9,MEL_Edge_9.1,114.85083999999999
2.272727272727273,"channelID: 354",Edge_9,MEL_Edge_9.3,62.82399999999999
2.127659574468085,"channelID: 354",Edge_9,MEL_Edge_9.3,62.931999999999995
2.0833333333333335,"channelID: 354",Edge_9,MEL_Edge_9.3,62.98399999999999
2.0408163265306123,"channelID: 354",Edge_9,MEL_Edge_9.3,63.03199999999999
1.9607843137254901,"channelID: 354",Edge_9,MEL_Edge_9.3,63.07199999999999
1.9230769230769231,"channelID: 354",Edge_9,MEL_Edge_9.3,63.087999999999994
1.8867924528301887,"channelID: 354",Edge_9,MEL_Edge_9.3,63.098
1.8181818181818181,"channelID: 354",Edge_9,MEL_Edge_9.3,63.438
1.7543859649122806,"channelID: 354",Edge_9,MEL_Edge_9.3,63.5
1.7241379310344827,"channelID: 354",Edge_9,MEL_Edge_9.3,63.86
1.694915254237288,"channelID: 354",Edge_9,MEL_Edge_9.3,63.988
1.6129032258064515,"channelID: 354",Edge_9,MEL_Edge_9.3,64.048
1.5384615384615385,"channelID: 354",Edge_9,MEL_Edge_9.3,64.22
1.5151515151515151,"channelID: 354",Edge_9,MEL_Edge_9.3,64.30799999999999
1.4492753623188406,"channelID: 354",Edge_9,MEL_Edge_9.3,64.402
1.4285714285714286,"channelID: 354",Edge_9,MEL_Edge_9.3,64.48400000000001
1.408450704225352,"channelID: 354",Edge_9,MEL_Edge_9.3,64.53
1.36986301369863,"channelID: 354",Edge_9,MEL_Edge_9.3,64.58800000000001
1.3157894736842106,"channelID: 354",Edge_9,MEL_Edge_9.3,64.604
1.2987012987012987,"channelID: 354",Edge_9,MEL_Edge_9.3,64.61800000000001
1.2820512820512822,"channelID: 354",Edge_9,MEL_Edge_9.3,64.64200000000001
1.25,"channelID: 354",Edge_9,MEL_Edge_9.3,64.66000000000001
1.2345679012345678,"channelID: 354",Edge_9,MEL_Edge_9.3,64.69200000000001
1.2195121951219512,"channelID: 354",Edge_9,MEL_Edge_9.3,64.74800000000002
1.1904761904761905,"channelID: 354",Edge_9,MEL_Edge_9.3,64.802
1.1764705882352942,"channelID: 354",Edge_9,MEL_Edge_9.3,64.836
1.1627906976744187,"channelID: 354",Edge_9,MEL_Edge_9.3,64.86000000000003
1.1363636363636365,"channelID: 354",Edge_9,MEL_Edge_9.3,64.878
1.1904761904761905,"channelID: 354",Edge_9,MEL_Edge_9.3,68.00725999999999
1.25,"channelID: 354",Edge_9,MEL_Edge_9.3,79.67422
1.3157894736842106,"channelID: 354",Edge_9,MEL_Edge_9.3,85.47502000000003
1.36986301369863,"channelID: 354",Edge_9,MEL_Edge_9.3,101.51125000000002
1.4285714285714286,"channelID: 354",Edge_9,MEL_Edge_9.3,106.57258000000002
1.5151515151515151,"channelID: 354",Edge_9,MEL_Edge_9.3,108.75040000000001
1.5873015873015872,"channelID: 354",Edge_9,MEL_Edge_9.3,109.69843000000002
1.639344262295082,"channelID: 354",Edge_9,MEL_Edge_9.3,112.57122000000001
1.7241379310344827,"channelID: 354",Edge_9,MEL_Edge_9.3,112.70678000000001
1.8181818181818181,"channelID: 354",Edge_9,MEL_Edge_9.3,113.16307
1.9230769230769231,"channelID: 354",Edge_9,MEL_Edge_9.3,114.10309000000001
1.9607843137254901,"channelID: 354",Edge_9,MEL_Edge_9.3,114.61732
2.0408163265306123,"channelID: 354",Edge_9,MEL_Edge_9.3,114.77722
2.127659574468085,"channelID: 354",Edge_9,MEL_Edge_9.3,114.8325
2.2222222222222223,"channelID: 354",Edge_9,MEL_Edge_9.3,114.85083999999999
2.127659574468085,"channelID: 356",Edge_9,MEL_Edge_9.3,62.931999999999995
2.0833333333333335,"channelID: 356",Edge_9,MEL_Edge_9.3,62.98399999999999
2.0408163265306123,"channelID: 356",Edge_9,MEL_Edge_9.3,63.03199999999999
1.9607843137254901,"channelID: 356",Edge_9,MEL_Edge_9.3,63.07199999999999
1.9230769230769231,"channelID: 356",Edge_9,MEL_Edge_9.3,63.087999999999994
1.8867924528301887,"channelID: 356",Edge_9,MEL_Edge_9.3,63.098
1.8181818181818181,"channelID: 356",Edge_9,MEL_Edge_9.3,63.438
1.7543859649122806,"channelID: 356",Edge_9,MEL_Edge_9.3,63.5
1.7241379310344827,"channelID: 356",Edge_9,MEL_Edge_9.3,63.86
1.694915254237288,"channelID: 356",Edge_9,MEL_Edge_9.3,63.988
1.6129032258064515,"channelID: 356",Edge_9,MEL_Edge_9.3,64.048
1.5384615384615385,"channelID: 356",Edge_9,MEL_Edge_9.3,64.22
1.5151515151515151,"channelID: 356",Edge_9,MEL_Edge_9.3,64.30799999999999
1.4492753623188406,"channelID: 356",Edge_9,MEL_Edge_9.3,64.402
1.4285714285714286,"channelID: 356",Edge_9,MEL_Edge_9.3,64.48400000000001
1.408450704225352,"channelID: 356",Edge_9,MEL_Edge_9.3,64.53
1.36986301369863,"channelID: 356",Edge_9,MEL_Edge_9.3,64.58800000000001
1.3157894736842106,"channelID: 356",Edge_9,MEL_Edge_9.3,64.604
1.2987012987012987,"channelID: 356",Edge_9,MEL_Edge_9.3,64.61800000000001
1.2820512820512822,"channelID: 356",Edge_9,MEL_Edge_9.3,64.64200000000001
1.25,"channelID: 356",Edge_9,MEL_Edge_9.3,64.66000000000001
1.2345679012345678,"channelID: 356",Edge_9,MEL_Edge_9.3,64.69200000000001
1.2195121951219512,"channelID: 356",Edge_9,MEL_Edge_9.3,64.74800000000002
1.1904761904761905,"channelID: 356",Edge_9,MEL_Edge_9.3,64.802
1.1764705882352942,"channelID: 356",Edge_9,MEL_Edge_9.3,64.836
1.1627906976744187,"channelID: 356",Edge_9,MEL_Edge_9.3,64.86000000000003
1.1363636363636365,"channelID: 356",Edge_9,MEL_Edge_9.3,64.878
1.1904761904761905,"channelID: 356",Edge_9,MEL_Edge_9.3,68.00725999999999
1.25,"channelID: 356",Edge_9,MEL_Edge_9.3,79.67422
1.3157894736842106,"channelID: 356",Edge_9,MEL_Edge_9.3,85.47502000000003
1.36986301369863,"channelID: 356",Edge_9,MEL_Edge_9.3,101.51125000000002
1.4285714285714286,"channelID: 356",Edge_9,MEL_Edge_9.3,106.57258000000002
1.5151515151515151,"channelID: 356",Edge_9,MEL_Edge_9.3,108.75040000000001
1.5873015873015872,"channelID: 356",Edge_9,MEL_Edge_9.3,109.69843000000002
1.639344262295082,"channelID: 356",Edge_9,MEL_Edge_9.3,112.57122000000001
1.7241379310344827,"channelID: 356",Edge_9,MEL_Edge_9.3,112.70678000000001
1.8181818181818181,"channelID: 356",Edge_9,MEL_Edge_9.3,113.16307
1.9230769230769231,"channelID: 356",Edge_9,MEL_Edge_9.3,114.10309000000001
1.9607843137254901,"channelID: 356",Edge_9,MEL_Edge_9.3,114.61732
2.0408163265306123,"channelID: 356",Edge_9,MEL_Edge_9.3,114.77722
2.127659574468085,"channelID: 356",Edge_9,MEL_Edge_9.3,114.8325
2.2222222222222223,"channelID: 356",Edge_9,MEL_Edge_9.3,114.85083999999999
2.272727272727273,"channelID: 356",Edge_9,MEL_Edge_9.3,115.08108999999999
2.127659574468085,"channelID: 357",Edge_9,MEL_Edge_9.3,62.931999999999995
2.0833333333333335,"channelID: 357",Edge_9,MEL_Edge_9.3,62.98399999999999
2.0408163265306123,"channelID: 357",Edge_9,MEL_Edge_9.3,63.03199999999999
1.9607843137254901,"channelID: 357",Edge_9,MEL_Edge_9.3,63.07199999999999
1.9230769230769231,"channelID: 357",Edge_9,MEL_Edge_9.3,63.087999999999994
1.8867924528301887,"channelID: 357",Edge_9,MEL_Edge_9.3,63.098
1.8181818181818181,"channelID: 357",Edge_9,MEL_Edge_9.3,63.438
1.7543859649122806,"channelID: 357",Edge_9,MEL_Edge_9.3,63.5
1.7241379310344827,"channelID: 357",Edge_9,MEL_Edge_9.3,63.86
1.694915254237288,"channelID: 357",Edge_9,MEL_Edge_9.3,63.988
1.6129032258064515,"channelID: 357",Edge_9,MEL_Edge_9.3,64.048
1.5384615384615385,"channelID: 357",Edge_9,MEL_Edge_9.3,64.22
1.5151515151515151,"channelID: 357",Edge_9,MEL_Edge_9.3,64.30799999999999
1.4492753623188406,"channelID: 357",Edge_9,MEL_Edge_9.3,64.402
1.4285714285714286,"channelID: 357",Edge_9,MEL_Edge_9.3,64.48400000000001
1.408450704225352,"channelID: 357",Edge_9,MEL_Edge_9.3,64.53
1.36986301369863,"channelID: 357",Edge_9,MEL_Edge_9.3,64.58800000000001
1.3157894736842106,"channelID: 357",Edge_9,MEL_Edge_9.3,64.604
1.2987012987012987,"channelID: 357",Edge_9,MEL_Edge_9.3,64.61800000000001
1.2820512820512822,"channelID: 357",Edge_9,MEL_Edge_9.3,64.64200000000001
1.25,"channelID: 357",Edge_9,MEL_Edge_9.3,64.66000000000001
1.2345679012345678,"channelID: 357",Edge_9,MEL_Edge_9.3,64.69200000000001
1.2195121951219512,"channelID: 357",Edge_9,MEL_Edge_9.3,64.74800000000002
1.1904761904761905,"channelID: 357",Edge_9,MEL_Edge_9.3,64.802
1.1764705882352942,"channelID: 357",Edge_9,MEL_Edge_9.3,64.836
1.1627906976744187,"channelID: 357",Edge_9,MEL_Edge_9.3,64.86000000000003
1.1363636363636365,"channelID: 357",Edge_9,MEL_Edge_9.3,64.878
1.1904761904761905,"channelID: 357",Edge_9,MEL_Edge_9.3,68.00725999999999
1.25,"channelID: 357",Edge_9,MEL_Edge_9.3,79.67422
1.3157894736842106,"channelID: 357",Edge_9,MEL_Edge_9.3,85.47502000000003
1.36986301369863,"channelID: 357",Edge_9,MEL_Edge_9.3,101.51125000000002
1.4285714285714286,"channelID: 357",Edge_9,MEL_Edge_9.3,106.57258000000002
1.5151515151515151,"channelID: 357",Edge_9,MEL_Edge_9.3,108.75040000000001
1.5873015873015872,"channelID: 357",Edge_9,MEL_Edge_9.3,109.69843000000002
1.639344262295082,"channelID: 357",Edge_9,MEL_Edge_9.3,112.57122000000001
1.7241379310344827,"channelID: 357",Edge_9,MEL_Edge_9.3,112.70678000000001
1.8181818181818181,"channelID: 357",Edge_9,MEL_Edge_9.3,113.16307
1.9230769230769231,"channelID: 357",Edge_9,MEL_Edge_9.3,114.10309000000001
1.9607843137254901,"channelID: 357",Edge_9,MEL_Edge_9.3,114.61732
2.0408163265306123,"channelID: 357",Edge_9,MEL_Edge_9.3,114.77722
2.127659574468085,"channelID: 357",Edge_9,MEL_Edge_9.3,114.8325
2.2222222222222223,"channelID: 357",Edge_9,MEL_Edge_9.3,114.85083999999999
2.272727272727273,"channelID: 357",Edge_9,MEL_Edge_9.3,115.08108999999999
2.3255813953488373,"channelID: 357",Edge_9,MEL_Edge_9.3,115.18909999999998
2.127659574468085,"channelID: 355",Edge_9,MEL_Edge_9.3,62.931999999999995
2.0833333333333335,"channelID: 355",Edge_9,MEL_Edge_9.3,62.98399999999999
2.0408163265306123,"channelID: 355",Edge_9,MEL_Edge_9.3,63.03199999999999
1.9607843137254901,"channelID: 355",Edge_9,MEL_Edge_9.3,63.07199999999999
1.9230769230769231,"channelID: 355",Edge_9,MEL_Edge_9.3,63.087999999999994
1.8867924528301887,"channelID: 355",Edge_9,MEL_Edge_9.3,63.098
1.8181818181818181,"channelID: 355",Edge_9,MEL_Edge_9.3,63.438
1.7543859649122806,"channelID: 355",Edge_9,MEL_Edge_9.3,63.5
1.7241379310344827,"channelID: 355",Edge_9,MEL_Edge_9.3,63.86
1.694915254237288,"channelID: 355",Edge_9,MEL_Edge_9.3,63.988
1.6129032258064515,"channelID: 355",Edge_9,MEL_Edge_9.3,64.048
1.5384615384615385,"channelID: 355",Edge_9,MEL_Edge_9.3,64.22
1.5151515151515151,"channelID: 355",Edge_9,MEL_Edge_9.3,64.30799999999999
1.4492753623188406,"channelID: 355",Edge_9,MEL_Edge_9.3,64.402
1.4285714285714286,"channelID: 355",Edge_9,MEL_Edge_9.3,64.48400000000001
1.408450704225352,"channelID: 355",Edge_9,MEL_Edge_9.3,64.53
1.36986301369863,"channelID: 355",Edge_9,MEL_Edge_9.3,64.58800000000001
1.3157894736842106,"channelID: 355",Edge_9,MEL_Edge_9.3,64.604
1.2987012987012987,"channelID: 355",Edge_9,MEL_Edge_9.3,64.61800000000001
1.2820512820512822,"channelID: 355",Edge_9,MEL_Edge_9.3,64.64200000000001
1.25,"channelID: 355",Edge_9,MEL_Edge_9.3,64.66000000000001
1.2345679012345678,"channelID: 355",Edge_9,MEL_Edge_9.3,64.69200000000001
1.2195121951219512,"channelID: 355",Edge_9,MEL_Edge_9.3,64.74800000000002
1.1904761904761905,"channelID: 355",Edge_9,MEL_Edge_9.3,64.802
1.1764705882352942,"channelID: 355",Edge_9,MEL_Edge_9.3,64.836
1.1627906976744187,"channelID: 355",Edge_9,MEL_Edge_9.3,64.86000000000003
1.1363636363636365,"channelID: 355",Edge_9,MEL_Edge_9.3,64.878
1.1904761904761905,"channelID: 355",Edge_9,MEL_Edge_9.3,68.00725999999999
1.25,"channelID: 355",Edge_9,MEL_Edge_9.3,79.67422
1.3157894736842106,"channelID: 355",Edge_9,MEL_Edge_9.3,85.47502000000003
1.36986301369863,"channelID: 355",Edge_9,MEL_Edge_9.3,101.51125000000002
1.4285714285714286,"channelID: 355",Edge_9,MEL_Edge_9.3,106.57258000000002
1.5151515151515151,"channelID: 355",Edge_9,MEL_Edge_9.3,108.75040000000001
1.5873015873015872,"channelID: 355",Edge_9,MEL_Edge_9.3,109.69843000000002
1.639344262295082,"channelID: 355",Edge_9,MEL_Edge_9.3,112.57122000000001
1.7241379310344827,"channelID: 355",Edge_9,MEL_Edge_9.3,112.70678000000001
1.8181818181818181,"channelID: 355",Edge_9,MEL_Edge_9.3,113.16307
1.9230769230769231,"channelID: 355",Edge_9,MEL_Edge_9.3,114.10309000000001
1.9607843137254901,"channelID: 355",Edge_9,MEL_Edge_9.3,114.61732
2.0408163265306123,"channelID: 355",Edge_9,MEL_Edge_9.3,114.77722
2.127659574468085,"channelID: 355",Edge_9,MEL_Edge_9.3,114.8325
2.2222222222222223,"channelID: 355",Edge_9,MEL_Edge_9.3,114.85083999999999
2.272727272727273,"channelID: 355",Edge_9,MEL_Edge_9.3,115.08108999999999
2.380952380952381,"channelID: 355",Edge_9,MEL_Edge_9.3,115.18909999999998
2.0833333333333335,"channelID: 358",Edge_9,MEL_Edge_9.3,62.98399999999999
2.0408163265306123,"channelID: 358",Edge_9,MEL_Edge_9.3,63.03199999999999
1.9607843137254901,"channelID: 358",Edge_9,MEL_Edge_9.3,63.07199999999999
1.9230769230769231,"channelID: 358",Edge_9,MEL_Edge_9.3,63.087999999999994
1.8867924528301887,"channelID: 358",Edge_9,MEL_Edge_9.3,63.098
1.8181818181818181,"channelID: 358",Edge_9,MEL_Edge_9.3,63.438
1.7543859649122806,"channelID: 358",Edge_9,MEL_Edge_9.3,63.5
1.7241379310344827,"channelID: 358",Edge_9,MEL_Edge_9.3,63.86
1.694915254237288,"channelID: 358",Edge_9,MEL_Edge_9.3,63.988
1.6129032258064515,"channelID: 358",Edge_9,MEL_Edge_9.3,64.048
1.5384615384615385,"channelID: 358",Edge_9,MEL_Edge_9.3,64.22
1.5151515151515151,"channelID: 358",Edge_9,MEL_Edge_9.3,64.30799999999999
1.4492753623188406,"channelID: 358",Edge_9,MEL_Edge_9.3,64.402
1.4285714285714286,"channelID: 358",Edge_9,MEL_Edge_9.3,64.48400000000001
1.408450704225352,"channelID: 358",Edge_9,MEL_Edge_9.3,64.53
1.36986301369863,"channelID: 358",Edge_9,MEL_Edge_9.3,64.58800000000001
1.3157894736842106,"channelID: 358",Edge_9,MEL_Edge_9.3,64.604
1.2987012987012987,"channelID: 358",Edge_9,MEL_Edge_9.3,64.61800000000001
1.2820512820512822,"channelID: 358",Edge_9,MEL_Edge_9.3,64.64200000000001
1.25,"channelID: 358",Edge_9,MEL_Edge_9.3,64.66000000000001
1.2345679012345678,"channelID: 358",Edge_9,MEL_Edge_9.3,64.69200000000001
1.2195121951219512,"channelID: 358",Edge_9,MEL_Edge_9.3,64.74800000000002
1.1904761904761905,"channelID: 358",Edge_9,MEL_Edge_9.3,64.802
1.1764705882352942,"channelID: 358",Edge_9,MEL_Edge_9.3,64.836
1.1627906976744187,"channelID: 358",Edge_9,MEL_Edge_9.3,64.86000000000003
1.1363636363636365,"channelID: 358",Edge_9,MEL_Edge_9.3,64.878
1.1904761904761905,"channelID: 358",Edge_9,MEL_Edge_9.3,68.00725999999999
1.25,"channelID: 358",Edge_9,MEL_Edge_9.3,79.67422
1.3157894736842106,"channelID: 358",Edge_9,MEL_Edge_9.3,85.47502000000003
1.36986301369863,"channelID: 358",Edge_9,MEL_Edge_9.3,101.51125000000002
1.4285714285714286,"channelID: 358",Edge_9,MEL_Edge_9.3,106.57258000000002
1.5151515151515151,"channelID: 358",Edge_9,MEL_Edge_9.3,108.75040000000001
1.5873015873015872,"channelID: 358",Edge_9,MEL_Edge_9.3,109.69843000000002
1.639344262295082,"channelID: 358",Edge_9,MEL_Edge_9.3,112.57122000000001
1.7241379310344827,"channelID: 358",Edge_9,MEL_Edge_9.3,112.70678000000001
1.8181818181818181,"channelID: 358",Edge_9,MEL_Edge_9.3,113.16307
1.9230769230769231,"channelID: 358",Edge_9,MEL_Edge_9.3,114.10309000000001
1.9607843137254901,"channelID: 358",Edge_9,MEL_Edge_9.3,114.61732
2.0408163265306123,"channelID: 358",Edge_9,MEL_Edge_9.3,114.77722
2.127659574468085,"channelID: 358",Edge_9,MEL_Edge_9.3,114.8325
2.2222222222222223,"channelID: 358",Edge_9,MEL_Edge_9.3,114.85083999999999
2.272727272727273,"channelID: 358",Edge_9,MEL_Edge_9.3,115.08108999999999
2.4390243902439024,"channelID: 358",Edge_9,MEL_Edge_9.3,115.18909999999998
2.0408163265306123,"channelID: 359",Edge_9,MEL_Edge_9.3,63.03199999999999
1.9607843137254901,"channelID: 359",Edge_9,MEL_Edge_9.3,63.07199999999999
1.9230769230769231,"channelID: 359",Edge_9,MEL_Edge_9.3,63.087999999999994
1.8867924528301887,"channelID: 359",Edge_9,MEL_Edge_9.3,63.098
1.8181818181818181,"channelID: 359",Edge_9,MEL_Edge_9.3,63.438
1.7543859649122806,"channelID: 359",Edge_9,MEL_Edge_9.3,63.5
1.7241379310344827,"channelID: 359",Edge_9,MEL_Edge_9.3,63.86
1.694915254237288,"channelID: 359",Edge_9,MEL_Edge_9.3,63.988
1.6129032258064515,"channelID: 359",Edge_9,MEL_Edge_9.3,64.048
1.5384615384615385,"channelID: 359",Edge_9,MEL_Edge_9.3,64.22
1.5151515151515151,"channelID: 359",Edge_9,MEL_Edge_9.3,64.30799999999999
1.4492753623188406,"channelID: 359",Edge_9,MEL_Edge_9.3,64.402
1.4285714285714286,"channelID: 359",Edge_9,MEL_Edge_9.3,64.48400000000001
1.408450704225352,"channelID: 359",Edge_9,MEL_Edge_9.3,64.53
1.36986301369863,"channelID: 359",Edge_9,MEL_Edge_9.3,64.58800000000001
1.3157894736842106,"channelID: 359",Edge_9,MEL_Edge_9.3,64.604
1.2987012987012987,"channelID: 359",Edge_9,MEL_Edge_9.3,64.61800000000001
1.2820512820512822,"channelID: 359",Edge_9,MEL_Edge_9.3,64.64200000000001
1.25,"channelID: 359",Edge_9,MEL_Edge_9.3,64.66000000000001
1.2345679012345678,"channelID: 359",Edge_9,MEL_Edge_9.3,64.69200000000001
1.2195121951219512,"channelID: 359",Edge_9,MEL_Edge_9.3,64.74800000000002
1.1904761904761905,"channelID: 359",Edge_9,MEL_Edge_9.3,64.802
1.1764705882352942,"channelID: 359",Edge_9,MEL_Edge_9.3,64.836
1.1627906976744187,"channelID: 359",Edge_9,MEL_Edge_9.3,64.86000000000003
1.1363636363636365,"channelID: 359",Edge_9,MEL_Edge_9.3,64.878
1.1904761904761905,"channelID: 359",Edge_9,MEL_Edge_9.3,68.00725999999999
1.25,"channelID: 359",Edge_9,MEL_Edge_9.3,79.67422
1.3157894736842106,"channelID: 359",Edge_9,MEL_Edge_9.3,85.47502000000003
1.36986301369863,"channelID: 359",Edge_9,MEL_Edge_9.3,101.51125000000002
1.4285714285714286,"channelID: 359",Edge_9,MEL_Edge_9.3,106.57258000000002
1.5151515151515151,"channelID: 359",Edge_9,MEL_Edge_9.3,108.75040000000001
1.5873015873015872,"channelID: 359",Edge_9,MEL_Edge_9.3,109.69843000000002
1.639344262295082,"channelID: 359",Edge_9,MEL_Edge_9.3,112.57122000000001
1.7241379310344827,"channelID: 359",Edge_9,MEL_Edge_9.3,112.70678000000001
1.8181818181818181,"channelID: 359",Edge_9,MEL_Edge_9.3,113.16307
1.9230769230769231,"channelID: 359",Edge_9,MEL_Edge_9.3,114.10309000000001
1.9607843137254901,"channelID: 359",Edge_9,MEL_Edge_9.3,114.61732
2.0408163265306123,"channelID: 359",Edge_9,MEL_Edge_9.3,114.77722
2.127659574468085,"channelID: 359",Edge_9,MEL_Edge_9.3,114.8325
2.2222222222222223,"channelID: 359",Edge_9,MEL_Edge_9.3,114.85083999999999
2.272727272727273,"channelID: 359",Edge_9,MEL_Edge_9.3,115.08108999999999
2.4390243902439024,"channelID: 359",Edge_9,MEL_Edge_9.3,115.18909999999998
2.5,"channelID: 359",Edge_9,MEL_Edge_9.3,115.23445999999998
1.9607843137254901,"channelID: 361",Edge_9,MEL_Edge_9.3,63.07199999999999
1.9230769230769231,"channelID: 361",Edge_9,MEL_Edge_9.3,63.087999999999994
1.8867924528301887,"channelID: 361",Edge_9,MEL_Edge_9.3,63.098
1.8181818181818181,"channelID: 361",Edge_9,MEL_Edge_9.3,63.438
1.7543859649122806,"channelID: 361",Edge_9,MEL_Edge_9.3,63.5
1.7241379310344827,"channelID: 361",Edge_9,MEL_Edge_9.3,63.86
1.694915254237288,"channelID: 361",Edge_9,MEL_Edge_9.3,63.988
1.6129032258064515,"channelID: 361",Edge_9,MEL_Edge_9.3,64.048
1.5384615384615385,"channelID: 361",Edge_9,MEL_Edge_9.3,64.22
1.5151515151515151,"channelID: 361",Edge_9,MEL_Edge_9.3,64.30799999999999
1.4492753623188406,"channelID: 361",Edge_9,MEL_Edge_9.3,64.402
1.4285714285714286,"channelID: 361",Edge_9,MEL_Edge_9.3,64.48400000000001
1.408450704225352,"channelID: 361",Edge_9,MEL_Edge_9.3,64.53
1.36986301369863,"channelID: 361",Edge_9,MEL_Edge_9.3,64.58800000000001
1.3157894736842106,"channelID: 361",Edge_9,MEL_Edge_9.3,64.604
1.2987012987012987,"channelID: 361",Edge_9,MEL_Edge_9.3,64.61800000000001
1.2820512820512822,"channelID: 361",Edge_9,MEL_Edge_9.3,64.64200000000001
1.25,"channelID: 361",Edge_9,MEL_Edge_9.3,64.66000000000001
1.2345679012345678,"channelID: 361",Edge_9,MEL_Edge_9.3,64.69200000000001
1.2195121951219512,"channelID: 361",Edge_9,MEL_Edge_9.3,64.74800000000002
1.1904761904761905,"channelID: 361",Edge_9,MEL_Edge_9.3,64.802
1.1764705882352942,"channelID: 361",Edge_9,MEL_Edge_9.3,64.836
1.1627906976744187,"channelID: 361",Edge_9,MEL_Edge_9.3,64.86000000000003
1.1363636363636365,"channelID: 361",Edge_9,MEL_Edge_9.3,64.878
1.1904761904761905,"channelID: 361",Edge_9,MEL_Edge_9.3,68.00725999999999
1.25,"channelID: 361",Edge_9,MEL_Edge_9.3,79.67422
1.3157894736842106,"channelID: 361",Edge_9,MEL_Edge_9.3,85.47502000000003
1.36986301369863,"channelID: 361",Edge_9,MEL_Edge_9.3,101.51125000000002
1.4285714285714286,"channelID: 361",Edge_9,MEL_Edge_9.3,106.57258000000002
1.5151515151515151,"channelID: 361",Edge_9,MEL_Edge_9.3,108.75040000000001
1.5873015873015872,"channelID: 361",Edge_9,MEL_Edge_9.3,109.69843000000002
1.639344262295082,"channelID: 361",Edge_9,MEL_Edge_9.3,112.57122000000001
1.7241379310344827,"channelID: 361",Edge_9,MEL_Edge_9.3,112.70678000000001
1.8181818181818181,"channelID: 361",Edge_9,MEL_Edge_9.3,113.16307
1.9230769230769231,"channelID: 361",Edge_9,MEL_Edge_9.3,114.10309000000001
1.9607843137254901,"channelID: 361",Edge_9,MEL_Edge_9.3,114.61732
2.0408163265306123,"channelID: 361",Edge_9,MEL_Edge_9.3,114.77722
2.127659574468085,"channelID: 361",Edge_9,MEL_Edge_9.3,114.8325
2.2222222222222223,"channelID: 361",Edge_9,MEL_Edge_9.3,114.85083999999999
2.272727272727273,"channelID: 361",Edge_9,MEL_Edge_9.3,115.08108999999999
2.4390243902439024,"channelID: 361",Edge_9,MEL_Edge_9.3,115.18909999999998
2.5,"channelID: 361",Edge_9,MEL_Edge_9.3,115.23445999999998
2.5641025641025643,"channelID: 361",Edge_9,MEL_Edge_9.3,115.27446999999998
1.9607843137254901,"channelID: 360",Edge_9,MEL_Edge_9.3,63.07199999999999
1.9230769230769231,"channelID: 360",Edge_9,MEL_Edge_9.3,63.087999999999994
1.8867924528301887,"channelID: 360",Edge_9,MEL_Edge_9.3,63.098
1.8181818181818181,"channelID: 360",Edge_9,MEL_Edge_9.3,63.438
1.7543859649122806,"channelID: 360",Edge_9,MEL_Edge_9.3,63.5
1.7241379310344827,"channelID: 360",Edge_9,MEL_Edge_9.3,63.86
1.694915254237288,"channelID: 360",Edge_9,MEL_Edge_9.3,63.988
1.6129032258064515,"channelID: 360",Edge_9,MEL_Edge_9.3,64.048
1.5384615384615385,"channelID: 360",Edge_9,MEL_Edge_9.3,64.22
1.5151515151515151,"channelID: 360",Edge_9,MEL_Edge_9.3,64.30799999999999
1.4492753623188406,"channelID: 360",Edge_9,MEL_Edge_9.3,64.402
1.4285714285714286,"channelID: 360",Edge_9,MEL_Edge_9.3,64.48400000000001
1.408450704225352,"channelID: 360",Edge_9,MEL_Edge_9.3,64.53
1.36986301369863,"channelID: 360",Edge_9,MEL_Edge_9.3,64.58800000000001
1.3157894736842106,"channelID: 360",Edge_9,MEL_Edge_9.3,64.604
1.2987012987012987,"channelID: 360",Edge_9,MEL_Edge_9.3,64.61800000000001
1.2820512820512822,"channelID: 360",Edge_9,MEL_Edge_9.3,64.64200000000001
1.25,"channelID: 360",Edge_9,MEL_Edge_9.3,64.66000000000001
1.2345679012345678,"channelID: 360",Edge_9,MEL_Edge_9.3,64.69200000000001
1.2195121951219512,"channelID: 360",Edge_9,MEL_Edge_9.3,64.74800000000002
1.1904761904761905,"channelID: 360",Edge_9,MEL_Edge_9.3,64.802
1.1764705882352942,"channelID: 360",Edge_9,MEL_Edge_9.3,64.836
1.1627906976744187,"channelID: 360",Edge_9,MEL_Edge_9.3,64.86000000000003
1.1363636363636365,"channelID: 360",Edge_9,MEL_Edge_9.3,64.878
1.1904761904761905,"channelID: 360",Edge_9,MEL_Edge_9.3,68.00725999999999
1.25,"channelID: 360",Edge_9,MEL_Edge_9.3,79.67422
1.3157894736842106,"channelID: 360",Edge_9,MEL_Edge_9.3,85.47502000000003
1.36986301369863,"channelID: 360",Edge_9,MEL_Edge_9.3,101.51125000000002
1.4285714285714286,"channelID: 360",Edge_9,MEL_Edge_9.3,106.57258000000002
1.5151515151515151,"channelID: 360",Edge_9,MEL_Edge_9.3,108.75040000000001
1.5873015873015872,"channelID: 360",Edge_9,MEL_Edge_9.3,109.69843000000002
1.639344262295082,"channelID: 360",Edge_9,MEL_Edge_9.3,112.57122000000001
1.7241379310344827,"channelID: 360",Edge_9,MEL_Edge_9.3,112.70678000000001
1.8181818181818181,"channelID: 360",Edge_9,MEL_Edge_9.3,113.16307
1.9230769230769231,"channelID: 360",Edge_9,MEL_Edge_9.3,114.10309000000001
1.9607843137254901,"channelID: 360",Edge_9,MEL_Edge_9.3,114.61732
2.0408163265306123,"channelID: 360",Edge_9,MEL_Edge_9.3,114.77722
2.127659574468085,"channelID: 360",Edge_9,MEL_Edge_9.3,114.8325
2.2222222222222223,"channelID: 360",Edge_9,MEL_Edge_9.3,114.85083999999999
2.272727272727273,"channelID: 360",Edge_9,MEL_Edge_9.3,115.08108999999999
2.4390243902439024,"channelID: 360",Edge_9,MEL_Edge_9.3,115.18909999999998
2.5,"channelID: 360",Edge_9,MEL_Edge_9.3,115.23445999999998
2.5641025641025643,"channelID: 360",Edge_9,MEL_Edge_9.3,115.27446999999998
2.6315789473684212,"channelID: 360",Edge_9,MEL_Edge_9.3,115.30629999999998
1.9230769230769231,"channelID: 362",Edge_9,MEL_Edge_9.3,63.087999999999994
1.8867924528301887,"channelID: 362",Edge_9,MEL_Edge_9.3,63.098
1.8181818181818181,"channelID: 362",Edge_9,MEL_Edge_9.3,63.438
1.7543859649122806,"channelID: 362",Edge_9,MEL_Edge_9.3,63.5
1.7241379310344827,"channelID: 362",Edge_9,MEL_Edge_9.3,63.86
1.694915254237288,"channelID: 362",Edge_9,MEL_Edge_9.3,63.988
1.6129032258064515,"channelID: 362",Edge_9,MEL_Edge_9.3,64.048
1.5384615384615385,"channelID: 362",Edge_9,MEL_Edge_9.3,64.22
1.5151515151515151,"channelID: 362",Edge_9,MEL_Edge_9.3,64.30799999999999
1.4492753623188406,"channelID: 362",Edge_9,MEL_Edge_9.3,64.402
1.4285714285714286,"channelID: 362",Edge_9,MEL_Edge_9.3,64.48400000000001
1.408450704225352,"channelID: 362",Edge_9,MEL_Edge_9.3,64.53
1.36986301369863,"channelID: 362",Edge_9,MEL_Edge_9.3,64.58800000000001
1.3157894736842106,"channelID: 362",Edge_9,MEL_Edge_9.3,64.604
1.2987012987012987,"channelID: 362",Edge_9,MEL_Edge_9.3,64.61800000000001
1.2820512820512822,"channelID: 362",Edge_9,MEL_Edge_9.3,64.64200000000001
1.25,"channelID: 362",Edge_9,MEL_Edge_9.3,64.66000000000001
1.2345679012345678,"channelID: 362",Edge_9,MEL_Edge_9.3,64.69200000000001
1.2195121951219512,"channelID: 362",Edge_9,MEL_Edge_9.3,64.74800000000002
1.1904761904761905,"channelID: 362",Edge_9,MEL_Edge_9.3,64.802
1.1764705882352942,"channelID: 362",Edge_9,MEL_Edge_9.3,64.836
1.1627906976744187,"channelID: 362",Edge_9,MEL_Edge_9.3,64.86000000000003
1.1363636363636365,"channelID: 362",Edge_9,MEL_Edge_9.3,64.878
1.1904761904761905,"channelID: 362",Edge_9,MEL_Edge_9.3,68.00725999999999
1.25,"channelID: 362",Edge_9,MEL_Edge_9.3,79.67422
1.3157894736842106,"channelID: 362",Edge_9,MEL_Edge_9.3,85.47502000000003
1.36986301369863,"channelID: 362",Edge_9,MEL_Edge_9.3,101.51125000000002
1.4285714285714286,"channelID: 362",Edge_9,MEL_Edge_9.3,106.57258000000002
1.5151515151515151,"channelID: 362",Edge_9,MEL_Edge_9.3,108.75040000000001
1.5873015873015872,"channelID: 362",Edge_9,MEL_Edge_9.3,109.69843000000002
1.639344262295082,"channelID: 362",Edge_9,MEL_Edge_9.3,112.57122000000001
1.7241379310344827,"channelID: 362",Edge_9,MEL_Edge_9.3,112.70678000000001
1.8181818181818181,"channelID: 362",Edge_9,MEL_Edge_9.3,113.16307
1.9230769230769231,"channelID: 362",Edge_9,MEL_Edge_9.3,114.10309000000001
1.9607843137254901,"channelID: 362",Edge_9,MEL_Edge_9.3,114.61732
2.0408163265306123,"channelID: 362",Edge_9,MEL_Edge_9.3,114.77722
2.127659574468085,"channelID: 362",Edge_9,MEL_Edge_9.3,114.8325
2.2222222222222223,"channelID: 362",Edge_9,MEL_Edge_9.3,114.85083999999999
2.272727272727273,"channelID: 362",Edge_9,MEL_Edge_9.3,115.08108999999999
2.4390243902439024,"channelID: 362",Edge_9,MEL_Edge_9.3,115.18909999999998
2.5,"channelID: 362",Edge_9,MEL_Edge_9.3,115.23445999999998
2.5641025641025643,"channelID: 362",Edge_9,MEL_Edge_9.3,115.27446999999998
2.7027027027027026,"channelID: 362",Edge_9,MEL_Edge_9.3,115.30629999999998
1.8867924528301887,"channelID: 363",Edge_9,MEL_Edge_9.3,63.098
1.8181818181818181,"channelID: 363",Edge_9,MEL_Edge_9.3,63.438
1.7543859649122806,"channelID: 363",Edge_9,MEL_Edge_9.3,63.5
1.7241379310344827,"channelID: 363",Edge_9,MEL_Edge_9.3,63.86
1.694915254237288,"channelID: 363",Edge_9,MEL_Edge_9.3,63.988
1.6129032258064515,"channelID: 363",Edge_9,MEL_Edge_9.3,64.048
1.5384615384615385,"channelID: 363",Edge_9,MEL_Edge_9.3,64.22
1.5151515151515151,"channelID: 363",Edge_9,MEL_Edge_9.3,64.30799999999999
1.4492753623188406,"channelID: 363",Edge_9,MEL_Edge_9.3,64.402
1.4285714285714286,"channelID: 363",Edge_9,MEL_Edge_9.3,64.48400000000001
1.408450704225352,"channelID: 363",Edge_9,MEL_Edge_9.3,64.53
1.36986301369863,"channelID: 363",Edge_9,MEL_Edge_9.3,64.58800000000001
1.3157894736842106,"channelID: 363",Edge_9,MEL_Edge_9.3,64.604
1.2987012987012987,"channelID: 363",Edge_9,MEL_Edge_9.3,64.61800000000001
1.2820512820512822,"channelID: 363",Edge_9,MEL_Edge_9.3,64.64200000000001
1.25,"channelID: 363",Edge_9,MEL_Edge_9.3,64.66000000000001
1.2345679012345678,"channelID: 363",Edge_9,MEL_Edge_9.3,64.69200000000001
1.2195121951219512,"channelID: 363",Edge_9,MEL_Edge_9.3,64.74800000000002
1.1904761904761905,"channelID: 363",Edge_9,MEL_Edge_9.3,64.802
1.1764705882352942,"channelID: 363",Edge_9,MEL_Edge_9.3,64.836
1.1627906976744187,"channelID: 363",Edge_9,MEL_Edge_9.3,64.86000000000003
1.1363636363636365,"channelID: 363",Edge_9,MEL_Edge_9.3,64.878
1.1904761904761905,"channelID: 363",Edge_9,MEL_Edge_9.3,68.00725999999999
1.25,"channelID: 363",Edge_9,MEL_Edge_9.3,79.67422
1.3157894736842106,"channelID: 363",Edge_9,MEL_Edge_9.3,85.47502000000003
1.36986301369863,"channelID: 363",Edge_9,MEL_Edge_9.3,101.51125000000002
1.4285714285714286,"channelID: 363",Edge_9,MEL_Edge_9.3,106.57258000000002
1.5151515151515151,"channelID: 363",Edge_9,MEL_Edge_9.3,108.75040000000001
1.5873015873015872,"channelID: 363",Edge_9,MEL_Edge_9.3,109.69843000000002
1.639344262295082,"channelID: 363",Edge_9,MEL_Edge_9.3,112.57122000000001
1.7241379310344827,"channelID: 363",Edge_9,MEL_Edge_9.3,112.70678000000001
1.8181818181818181,"channelID: 363",Edge_9,MEL_Edge_9.3,113.16307
1.9230769230769231,"channelID: 363",Edge_9,MEL_Edge_9.3,114.10309000000001
1.9607843137254901,"channelID: 363",Edge_9,MEL_Edge_9.3,114.61732
2.0408163265306123,"channelID: 363",Edge_9,MEL_Edge_9.3,114.77722
2.127659574468085,"channelID: 363",Edge_9,MEL_Edge_9.3,114.8325
2.2222222222222223,"channelID: 363",Edge_9,MEL_Edge_9.3,114.85083999999999
2.272727272727273,"channelID: 363",Edge_9,MEL_Edge_9.3,115.08108999999999
2.4390243902439024,"channelID: 363",Edge_9,MEL_Edge_9.3,115.18909999999998
2.5,"channelID: 363",Edge_9,MEL_Edge_9.3,115.23445999999998
2.5641025641025643,"channelID: 363",Edge_9,MEL_Edge_9.3,115.27446999999998
2.7027027027027026,"channelID: 363",Edge_9,MEL_Edge_9.3,115.30629999999998
2.7777777777777777,"channelID: 363",Edge_9,MEL_Edge_9.3,115.31791999999997
1.8181818181818181,"channelID: 364",Edge_9,MEL_Edge_9.1,63.438
1.7543859649122806,"channelID: 364",Edge_9,MEL_Edge_9.1,63.5
1.7241379310344827,"channelID: 364",Edge_9,MEL_Edge_9.1,63.86
1.694915254237288,"channelID: 364",Edge_9,MEL_Edge_9.1,63.988
1.6129032258064515,"channelID: 364",Edge_9,MEL_Edge_9.1,64.048
1.5384615384615385,"channelID: 364",Edge_9,MEL_Edge_9.1,64.22
1.5151515151515151,"channelID: 364",Edge_9,MEL_Edge_9.1,64.30799999999999
1.4492753623188406,"channelID: 364",Edge_9,MEL_Edge_9.1,64.402
1.4285714285714286,"channelID: 364",Edge_9,MEL_Edge_9.1,64.48400000000001
1.408450704225352,"channelID: 364",Edge_9,MEL_Edge_9.1,64.53
1.36986301369863,"channelID: 364",Edge_9,MEL_Edge_9.1,64.58800000000001
1.3157894736842106,"channelID: 364",Edge_9,MEL_Edge_9.1,64.604
1.2987012987012987,"channelID: 364",Edge_9,MEL_Edge_9.1,64.61800000000001
1.2820512820512822,"channelID: 364",Edge_9,MEL_Edge_9.1,64.64200000000001
1.25,"channelID: 364",Edge_9,MEL_Edge_9.1,64.66000000000001
1.2345679012345678,"channelID: 364",Edge_9,MEL_Edge_9.1,64.69200000000001
1.2195121951219512,"channelID: 364",Edge_9,MEL_Edge_9.1,64.74800000000002
1.1904761904761905,"channelID: 364",Edge_9,MEL_Edge_9.1,64.802
1.1764705882352942,"channelID: 364",Edge_9,MEL_Edge_9.1,64.836
1.1627906976744187,"channelID: 364",Edge_9,MEL_Edge_9.1,64.86000000000003
1.1363636363636365,"channelID: 364",Edge_9,MEL_Edge_9.1,64.878
1.1904761904761905,"channelID: 364",Edge_9,MEL_Edge_9.1,68.00725999999999
1.25,"channelID: 364",Edge_9,MEL_Edge_9.1,79.67422
1.3157894736842106,"channelID: 364",Edge_9,MEL_Edge_9.1,85.47502000000003
1.36986301369863,"channelID: 364",Edge_9,MEL_Edge_9.1,101.51125000000002
1.4285714285714286,"channelID: 364",Edge_9,MEL_Edge_9.1,106.57258000000002
1.5151515151515151,"channelID: 364",Edge_9,MEL_Edge_9.1,108.75040000000001
1.5873015873015872,"channelID: 364",Edge_9,MEL_Edge_9.1,109.69843000000002
1.639344262295082,"channelID: 364",Edge_9,MEL_Edge_9.1,112.57122000000001
1.7241379310344827,"channelID: 364",Edge_9,MEL_Edge_9.1,112.70678000000001
1.8181818181818181,"channelID: 364",Edge_9,MEL_Edge_9.1,113.16307
1.9230769230769231,"channelID: 364",Edge_9,MEL_Edge_9.1,114.10309000000001
1.9607843137254901,"channelID: 364",Edge_9,MEL_Edge_9.1,114.61732
2.0408163265306123,"channelID: 364",Edge_9,MEL_Edge_9.1,114.77722
2.127659574468085,"channelID: 364",Edge_9,MEL_Edge_9.1,114.8325
2.2222222222222223,"channelID: 364",Edge_9,MEL_Edge_9.1,114.85083999999999
2.272727272727273,"channelID: 364",Edge_9,MEL_Edge_9.1,115.08108999999999
2.4390243902439024,"channelID: 364",Edge_9,MEL_Edge_9.1,115.18909999999998
2.5,"channelID: 364",Edge_9,MEL_Edge_9.1,115.23445999999998
2.5641025641025643,"channelID: 364",Edge_9,MEL_Edge_9.1,115.27446999999998
2.7027027027027026,"channelID: 364",Edge_9,MEL_Edge_9.1,115.30629999999998
2.7777777777777777,"channelID: 364",Edge_9,MEL_Edge_9.1,115.31791999999997
2.857142857142857,"channelID: 364",Edge_9,MEL_Edge_9.1,115.32484999999997
1.8181818181818181,"channelID: 365",Edge_9,MEL_Edge_9.1,63.438
1.7543859649122806,"channelID: 365",Edge_9,MEL_Edge_9.1,63.5
1.7241379310344827,"channelID: 365",Edge_9,MEL_Edge_9.1,63.86
1.694915254237288,"channelID: 365",Edge_9,MEL_Edge_9.1,63.988
1.6129032258064515,"channelID: 365",Edge_9,MEL_Edge_9.1,64.048
1.5384615384615385,"channelID: 365",Edge_9,MEL_Edge_9.1,64.22
1.5151515151515151,"channelID: 365",Edge_9,MEL_Edge_9.1,64.30799999999999
1.4492753623188406,"channelID: 365",Edge_9,MEL_Edge_9.1,64.402
1.4285714285714286,"channelID: 365",Edge_9,MEL_Edge_9.1,64.48400000000001
1.408450704225352,"channelID: 365",Edge_9,MEL_Edge_9.1,64.53
1.36986301369863,"channelID: 365",Edge_9,MEL_Edge_9.1,64.58800000000001
1.3157894736842106,"channelID: 365",Edge_9,MEL_Edge_9.1,64.604
1.2987012987012987,"channelID: 365",Edge_9,MEL_Edge_9.1,64.61800000000001
1.2820512820512822,"channelID: 365",Edge_9,MEL_Edge_9.1,64.64200000000001
1.25,"channelID: 365",Edge_9,MEL_Edge_9.1,64.66000000000001
1.2345679012345678,"channelID: 365",Edge_9,MEL_Edge_9.1,64.69200000000001
1.2195121951219512,"channelID: 365",Edge_9,MEL_Edge_9.1,64.74800000000002
1.1904761904761905,"channelID: 365",Edge_9,MEL_Edge_9.1,64.802
1.1764705882352942,"channelID: 365",Edge_9,MEL_Edge_9.1,64.836
1.1627906976744187,"channelID: 365",Edge_9,MEL_Edge_9.1,64.86000000000003
1.1363636363636365,"channelID: 365",Edge_9,MEL_Edge_9.1,64.878
1.1904761904761905,"channelID: 365",Edge_9,MEL_Edge_9.1,68.00725999999999
1.25,"channelID: 365",Edge_9,MEL_Edge_9.1,79.67422
1.3157894736842106,"channelID: 365",Edge_9,MEL_Edge_9.1,85.47502000000003
1.36986301369863,"channelID: 365",Edge_9,MEL_Edge_9.1,101.51125000000002
1.4285714285714286,"channelID: 365",Edge_9,MEL_Edge_9.1,106.57258000000002
1.5151515151515151,"channelID: 365",Edge_9,MEL_Edge_9.1,108.75040000000001
1.5873015873015872,"channelID: 365",Edge_9,MEL_Edge_9.1,109.69843000000002
1.639344262295082,"channelID: 365",Edge_9,MEL_Edge_9.1,112.57122000000001
1.7241379310344827,"channelID: 365",Edge_9,MEL_Edge_9.1,112.70678000000001
1.8181818181818181,"channelID: 365",Edge_9,MEL_Edge_9.1,113.16307
1.9230769230769231,"channelID: 365",Edge_9,MEL_Edge_9.1,114.10309000000001
1.9607843137254901,"channelID: 365",Edge_9,MEL_Edge_9.1,114.61732
2.0408163265306123,"channelID: 365",Edge_9,MEL_Edge_9.1,114.77722
2.127659574468085,"channelID: 365",Edge_9,MEL_Edge_9.1,114.8325
2.2222222222222223,"channelID: 365",Edge_9,MEL_Edge_9.1,114.85083999999999
2.272727272727273,"channelID: 365",Edge_9,MEL_Edge_9.1,115.08108999999999
2.4390243902439024,"channelID: 365",Edge_9,MEL_Edge_9.1,115.18909999999998
2.5,"channelID: 365",Edge_9,MEL_Edge_9.1,115.23445999999998
2.5641025641025643,"channelID: 365",Edge_9,MEL_Edge_9.1,115.27446999999998
2.7027027027027026,"channelID: 365",Edge_9,MEL_Edge_9.1,115.30629999999998
2.7777777777777777,"channelID: 365",Edge_9,MEL_Edge_9.1,115.31791999999997
2.857142857142857,"channelID: 365",Edge_9,MEL_Edge_9.1,115.32484999999997
2.9411764705882355,"channelID: 365",Edge_9,MEL_Edge_9.1,115.54944999999996
1.7543859649122806,"channelID: 367",Edge_9,MEL_Edge_9.2,63.5
1.7241379310344827,"channelID: 367",Edge_9,MEL_Edge_9.2,63.86
1.694915254237288,"channelID: 367",Edge_9,MEL_Edge_9.2,63.988
1.6129032258064515,"channelID: 367",Edge_9,MEL_Edge_9.2,64.048
1.5384615384615385,"channelID: 367",Edge_9,MEL_Edge_9.2,64.22
1.5151515151515151,"channelID: 367",Edge_9,MEL_Edge_9.2,64.30799999999999
1.4492753623188406,"channelID: 367",Edge_9,MEL_Edge_9.2,64.402
1.4285714285714286,"channelID: 367",Edge_9,MEL_Edge_9.2,64.48400000000001
1.408450704225352,"channelID: 367",Edge_9,MEL_Edge_9.2,64.53
1.36986301369863,"channelID: 367",Edge_9,MEL_Edge_9.2,64.58800000000001
1.3157894736842106,"channelID: 367",Edge_9,MEL_Edge_9.2,64.604
1.2987012987012987,"channelID: 367",Edge_9,MEL_Edge_9.2,64.61800000000001
1.2820512820512822,"channelID: 367",Edge_9,MEL_Edge_9.2,64.64200000000001
1.25,"channelID: 367",Edge_9,MEL_Edge_9.2,64.66000000000001
1.2345679012345678,"channelID: 367",Edge_9,MEL_Edge_9.2,64.69200000000001
1.2195121951219512,"channelID: 367",Edge_9,MEL_Edge_9.2,64.74800000000002
1.1904761904761905,"channelID: 367",Edge_9,MEL_Edge_9.2,64.802
1.1764705882352942,"channelID: 367",Edge_9,MEL_Edge_9.2,64.836
1.1627906976744187,"channelID: 367",Edge_9,MEL_Edge_9.2,64.86000000000003
1.1363636363636365,"channelID: 367",Edge_9,MEL_Edge_9.2,64.878
1.1904761904761905,"channelID: 367",Edge_9,MEL_Edge_9.2,68.00725999999999
1.25,"channelID: 367",Edge_9,MEL_Edge_9.2,79.67422
1.3157894736842106,"channelID: 367",Edge_9,MEL_Edge_9.2,85.47502000000003
1.36986301369863,"channelID: 367",Edge_9,MEL_Edge_9.2,101.51125000000002
1.4285714285714286,"channelID: 367",Edge_9,MEL_Edge_9.2,106.57258000000002
1.5151515151515151,"channelID: 367",Edge_9,MEL_Edge_9.2,108.75040000000001
1.5873015873015872,"channelID: 367",Edge_9,MEL_Edge_9.2,109.69843000000002
1.639344262295082,"channelID: 367",Edge_9,MEL_Edge_9.2,112.57122000000001
1.7241379310344827,"channelID: 367",Edge_9,MEL_Edge_9.2,112.70678000000001
1.8181818181818181,"channelID: 367",Edge_9,MEL_Edge_9.2,113.16307
1.9230769230769231,"channelID: 367",Edge_9,MEL_Edge_9.2,114.10309000000001
1.9607843137254901,"channelID: 367",Edge_9,MEL_Edge_9.2,114.61732
2.0408163265306123,"channelID: 367",Edge_9,MEL_Edge_9.2,114.77722
2.127659574468085,"channelID: 367",Edge_9,MEL_Edge_9.2,114.8325
2.2222222222222223,"channelID: 367",Edge_9,MEL_Edge_9.2,114.85083999999999
2.272727272727273,"channelID: 367",Edge_9,MEL_Edge_9.2,115.08108999999999
2.4390243902439024,"channelID: 367",Edge_9,MEL_Edge_9.2,115.18909999999998
2.5,"channelID: 367",Edge_9,MEL_Edge_9.2,115.23445999999998
2.5641025641025643,"channelID: 367",Edge_9,MEL_Edge_9.2,115.27446999999998
2.7027027027027026,"channelID: 367",Edge_9,MEL_Edge_9.2,115.30629999999998
2.7777777777777777,"channelID: 367",Edge_9,MEL_Edge_9.2,115.31791999999997
2.857142857142857,"channelID: 367",Edge_9,MEL_Edge_9.2,115.32484999999997
3.0303030303030303,"channelID: 367",Edge_9,MEL_Edge_9.2,115.54944999999996
1.7543859649122806,"channelID: 366",Edge_9,MEL_Edge_9.2,63.5
1.7241379310344827,"channelID: 366",Edge_9,MEL_Edge_9.2,63.86
1.694915254237288,"channelID: 366",Edge_9,MEL_Edge_9.2,63.988
1.6129032258064515,"channelID: 366",Edge_9,MEL_Edge_9.2,64.048
1.5384615384615385,"channelID: 366",Edge_9,MEL_Edge_9.2,64.22
1.5151515151515151,"channelID: 366",Edge_9,MEL_Edge_9.2,64.30799999999999
1.4492753623188406,"channelID: 366",Edge_9,MEL_Edge_9.2,64.402
1.4285714285714286,"channelID: 366",Edge_9,MEL_Edge_9.2,64.48400000000001
1.408450704225352,"channelID: 366",Edge_9,MEL_Edge_9.2,64.53
1.36986301369863,"channelID: 366",Edge_9,MEL_Edge_9.2,64.58800000000001
1.3157894736842106,"channelID: 366",Edge_9,MEL_Edge_9.2,64.604
1.2987012987012987,"channelID: 366",Edge_9,MEL_Edge_9.2,64.61800000000001
1.2820512820512822,"channelID: 366",Edge_9,MEL_Edge_9.2,64.64200000000001
1.25,"channelID: 366",Edge_9,MEL_Edge_9.2,64.66000000000001
1.2345679012345678,"channelID: 366",Edge_9,MEL_Edge_9.2,64.69200000000001
1.2195121951219512,"channelID: 366",Edge_9,MEL_Edge_9.2,64.74800000000002
1.1904761904761905,"channelID: 366",Edge_9,MEL_Edge_9.2,64.802
1.1764705882352942,"channelID: 366",Edge_9,MEL_Edge_9.2,64.836
1.1627906976744187,"channelID: 366",Edge_9,MEL_Edge_9.2,64.86000000000003
1.1363636363636365,"channelID: 366",Edge_9,MEL_Edge_9.2,64.878
1.1904761904761905,"channelID: 366",Edge_9,MEL_Edge_9.2,68.00725999999999
1.25,"channelID: 366",Edge_9,MEL_Edge_9.2,79.67422
1.3157894736842106,"channelID: 366",Edge_9,MEL_Edge_9.2,85.47502000000003
1.36986301369863,"channelID: 366",Edge_9,MEL_Edge_9.2,101.51125000000002
1.4285714285714286,"channelID: 366",Edge_9,MEL_Edge_9.2,106.57258000000002
1.5151515151515151,"channelID: 366",Edge_9,MEL_Edge_9.2,108.75040000000001
1.5873015873015872,"channelID: 366",Edge_9,MEL_Edge_9.2,109.69843000000002
1.639344262295082,"channelID: 366",Edge_9,MEL_Edge_9.2,112.57122000000001
1.7241379310344827,"channelID: 366",Edge_9,MEL_Edge_9.2,112.70678000000001
1.8181818181818181,"channelID: 366",Edge_9,MEL_Edge_9.2,113.16307
1.9230769230769231,"channelID: 366",Edge_9,MEL_Edge_9.2,114.10309000000001
1.9607843137254901,"channelID: 366",Edge_9,MEL_Edge_9.2,114.61732
2.0408163265306123,"channelID: 366",Edge_9,MEL_Edge_9.2,114.77722
2.127659574468085,"channelID: 366",Edge_9,MEL_Edge_9.2,114.8325
2.2222222222222223,"channelID: 366",Edge_9,MEL_Edge_9.2,114.85083999999999
2.272727272727273,"channelID: 366",Edge_9,MEL_Edge_9.2,115.08108999999999
2.4390243902439024,"channelID: 366",Edge_9,MEL_Edge_9.2,115.18909999999998
2.5,"channelID: 366",Edge_9,MEL_Edge_9.2,115.23445999999998
2.5641025641025643,"channelID: 366",Edge_9,MEL_Edge_9.2,115.27446999999998
2.7027027027027026,"channelID: 366",Edge_9,MEL_Edge_9.2,115.30629999999998
2.7777777777777777,"channelID: 366",Edge_9,MEL_Edge_9.2,115.31791999999997
2.857142857142857,"channelID: 366",Edge_9,MEL_Edge_9.2,115.32484999999997
3.0303030303030303,"channelID: 366",Edge_9,MEL_Edge_9.2,115.54944999999996
3.125,"channelID: 366",Edge_9,MEL_Edge_9.2,115.58665999999997
1.7241379310344827,"channelID: 368",Edge_9,MEL_Edge_9.1,63.86
1.694915254237288,"channelID: 368",Edge_9,MEL_Edge_9.1,63.988
1.6129032258064515,"channelID: 368",Edge_9,MEL_Edge_9.1,64.048
1.5384615384615385,"channelID: 368",Edge_9,MEL_Edge_9.1,64.22
1.5151515151515151,"channelID: 368",Edge_9,MEL_Edge_9.1,64.30799999999999
1.4492753623188406,"channelID: 368",Edge_9,MEL_Edge_9.1,64.402
1.4285714285714286,"channelID: 368",Edge_9,MEL_Edge_9.1,64.48400000000001
1.408450704225352,"channelID: 368",Edge_9,MEL_Edge_9.1,64.53
1.36986301369863,"channelID: 368",Edge_9,MEL_Edge_9.1,64.58800000000001
1.3157894736842106,"channelID: 368",Edge_9,MEL_Edge_9.1,64.604
1.2987012987012987,"channelID: 368",Edge_9,MEL_Edge_9.1,64.61800000000001
1.2820512820512822,"channelID: 368",Edge_9,MEL_Edge_9.1,64.64200000000001
1.25,"channelID: 368",Edge_9,MEL_Edge_9.1,64.66000000000001
1.2345679012345678,"channelID: 368",Edge_9,MEL_Edge_9.1,64.69200000000001
1.2195121951219512,"channelID: 368",Edge_9,MEL_Edge_9.1,64.74800000000002
1.1904761904761905,"channelID: 368",Edge_9,MEL_Edge_9.1,64.802
1.1764705882352942,"channelID: 368",Edge_9,MEL_Edge_9.1,64.836
1.1627906976744187,"channelID: 368",Edge_9,MEL_Edge_9.1,64.86000000000003
1.1363636363636365,"channelID: 368",Edge_9,MEL_Edge_9.1,64.878
1.1904761904761905,"channelID: 368",Edge_9,MEL_Edge_9.1,68.00725999999999
1.25,"channelID: 368",Edge_9,MEL_Edge_9.1,79.67422
1.3157894736842106,"channelID: 368",Edge_9,MEL_Edge_9.1,85.47502000000003
1.36986301369863,"channelID: 368",Edge_9,MEL_Edge_9.1,101.51125000000002
1.4285714285714286,"channelID: 368",Edge_9,MEL_Edge_9.1,106.57258000000002
1.5151515151515151,"channelID: 368",Edge_9,MEL_Edge_9.1,108.75040000000001
1.5873015873015872,"channelID: 368",Edge_9,MEL_Edge_9.1,109.69843000000002
1.639344262295082,"channelID: 368",Edge_9,MEL_Edge_9.1,112.57122000000001
1.7241379310344827,"channelID: 368",Edge_9,MEL_Edge_9.1,112.70678000000001
1.8181818181818181,"channelID: 368",Edge_9,MEL_Edge_9.1,113.16307
1.9230769230769231,"channelID: 368",Edge_9,MEL_Edge_9.1,114.10309000000001
1.9607843137254901,"channelID: 368",Edge_9,MEL_Edge_9.1,114.61732
2.0408163265306123,"channelID: 368",Edge_9,MEL_Edge_9.1,114.77722
2.127659574468085,"channelID: 368",Edge_9,MEL_Edge_9.1,114.8325
2.2222222222222223,"channelID: 368",Edge_9,MEL_Edge_9.1,114.85083999999999
2.272727272727273,"channelID: 368",Edge_9,MEL_Edge_9.1,115.08108999999999
2.4390243902439024,"channelID: 368",Edge_9,MEL_Edge_9.1,115.18909999999998
2.5,"channelID: 368",Edge_9,MEL_Edge_9.1,115.23445999999998
2.5641025641025643,"channelID: 368",Edge_9,MEL_Edge_9.1,115.27446999999998
2.7027027027027026,"channelID: 368",Edge_9,MEL_Edge_9.1,115.30629999999998
2.7777777777777777,"channelID: 368",Edge_9,MEL_Edge_9.1,115.31791999999997
2.857142857142857,"channelID: 368",Edge_9,MEL_Edge_9.1,115.32484999999997
3.0303030303030303,"channelID: 368",Edge_9,MEL_Edge_9.1,115.54944999999996
3.225806451612903,"channelID: 368",Edge_9,MEL_Edge_9.1,115.58665999999997
1.694915254237288,"channelID: 369",Edge_9,MEL_Edge_9.2,63.988
1.6129032258064515,"channelID: 369",Edge_9,MEL_Edge_9.2,64.048
1.5384615384615385,"channelID: 369",Edge_9,MEL_Edge_9.2,64.22
1.5151515151515151,"channelID: 369",Edge_9,MEL_Edge_9.2,64.30799999999999
1.4492753623188406,"channelID: 369",Edge_9,MEL_Edge_9.2,64.402
1.4285714285714286,"channelID: 369",Edge_9,MEL_Edge_9.2,64.48400000000001
1.408450704225352,"channelID: 369",Edge_9,MEL_Edge_9.2,64.53
1.36986301369863,"channelID: 369",Edge_9,MEL_Edge_9.2,64.58800000000001
1.3157894736842106,"channelID: 369",Edge_9,MEL_Edge_9.2,64.604
1.2987012987012987,"channelID: 369",Edge_9,MEL_Edge_9.2,64.61800000000001
1.2820512820512822,"channelID: 369",Edge_9,MEL_Edge_9.2,64.64200000000001
1.25,"channelID: 369",Edge_9,MEL_Edge_9.2,64.66000000000001
1.2345679012345678,"channelID: 369",Edge_9,MEL_Edge_9.2,64.69200000000001
1.2195121951219512,"channelID: 369",Edge_9,MEL_Edge_9.2,64.74800000000002
1.1904761904761905,"channelID: 369",Edge_9,MEL_Edge_9.2,64.802
1.1764705882352942,"channelID: 369",Edge_9,MEL_Edge_9.2,64.836
1.1627906976744187,"channelID: 369",Edge_9,MEL_Edge_9.2,64.86000000000003
1.1363636363636365,"channelID: 369",Edge_9,MEL_Edge_9.2,64.878
1.1904761904761905,"channelID: 369",Edge_9,MEL_Edge_9.2,68.00725999999999
1.25,"channelID: 369",Edge_9,MEL_Edge_9.2,79.67422
1.3157894736842106,"channelID: 369",Edge_9,MEL_Edge_9.2,85.47502000000003
1.36986301369863,"channelID: 369",Edge_9,MEL_Edge_9.2,101.51125000000002
1.4285714285714286,"channelID: 369",Edge_9,MEL_Edge_9.2,106.57258000000002
1.5151515151515151,"channelID: 369",Edge_9,MEL_Edge_9.2,108.75040000000001
1.5873015873015872,"channelID: 369",Edge_9,MEL_Edge_9.2,109.69843000000002
1.639344262295082,"channelID: 369",Edge_9,MEL_Edge_9.2,112.57122000000001
1.7241379310344827,"channelID: 369",Edge_9,MEL_Edge_9.2,112.70678000000001
1.8181818181818181,"channelID: 369",Edge_9,MEL_Edge_9.2,113.16307
1.9230769230769231,"channelID: 369",Edge_9,MEL_Edge_9.2,114.10309000000001
1.9607843137254901,"channelID: 369",Edge_9,MEL_Edge_9.2,114.61732
2.0408163265306123,"channelID: 369",Edge_9,MEL_Edge_9.2,114.77722
2.127659574468085,"channelID: 369",Edge_9,MEL_Edge_9.2,114.8325
2.2222222222222223,"channelID: 369",Edge_9,MEL_Edge_9.2,114.85083999999999
2.272727272727273,"channelID: 369",Edge_9,MEL_Edge_9.2,115.08108999999999
2.4390243902439024,"channelID: 369",Edge_9,MEL_Edge_9.2,115.18909999999998
2.5,"channelID: 369",Edge_9,MEL_Edge_9.2,115.23445999999998
2.5641025641025643,"channelID: 369",Edge_9,MEL_Edge_9.2,115.27446999999998
2.7027027027027026,"channelID: 369",Edge_9,MEL_Edge_9.2,115.30629999999998
2.7777777777777777,"channelID: 369",Edge_9,MEL_Edge_9.2,115.31791999999997
2.857142857142857,"channelID: 369",Edge_9,MEL_Edge_9.2,115.32484999999997
3.0303030303030303,"channelID: 369",Edge_9,MEL_Edge_9.2,115.54944999999996
3.225806451612903,"channelID: 369",Edge_9,MEL_Edge_9.2,115.58665999999997
3.3333333333333335,"channelID: 369",Edge_9,MEL_Edge_9.2,115.78245999999997
1.6129032258064515,"channelID: 371",Edge_9,MEL_Edge_9.1,64.048
1.5384615384615385,"channelID: 371",Edge_9,MEL_Edge_9.1,64.22
1.5151515151515151,"channelID: 371",Edge_9,MEL_Edge_9.1,64.30799999999999
1.4492753623188406,"channelID: 371",Edge_9,MEL_Edge_9.1,64.402
1.4285714285714286,"channelID: 371",Edge_9,MEL_Edge_9.1,64.48400000000001
1.408450704225352,"channelID: 371",Edge_9,MEL_Edge_9.1,64.53
1.36986301369863,"channelID: 371",Edge_9,MEL_Edge_9.1,64.58800000000001
1.3157894736842106,"channelID: 371",Edge_9,MEL_Edge_9.1,64.604
1.2987012987012987,"channelID: 371",Edge_9,MEL_Edge_9.1,64.61800000000001
1.2820512820512822,"channelID: 371",Edge_9,MEL_Edge_9.1,64.64200000000001
1.25,"channelID: 371",Edge_9,MEL_Edge_9.1,64.66000000000001
1.2345679012345678,"channelID: 371",Edge_9,MEL_Edge_9.1,64.69200000000001
1.2195121951219512,"channelID: 371",Edge_9,MEL_Edge_9.1,64.74800000000002
1.1904761904761905,"channelID: 371",Edge_9,MEL_Edge_9.1,64.802
1.1764705882352942,"channelID: 371",Edge_9,MEL_Edge_9.1,64.836
1.1627906976744187,"channelID: 371",Edge_9,MEL_Edge_9.1,64.86000000000003
1.1363636363636365,"channelID: 371",Edge_9,MEL_Edge_9.1,64.878
1.1904761904761905,"channelID: 371",Edge_9,MEL_Edge_9.1,68.00725999999999
1.25,"channelID: 371",Edge_9,MEL_Edge_9.1,79.67422
1.3157894736842106,"channelID: 371",Edge_9,MEL_Edge_9.1,85.47502000000003
1.36986301369863,"channelID: 371",Edge_9,MEL_Edge_9.1,101.51125000000002
1.4285714285714286,"channelID: 371",Edge_9,MEL_Edge_9.1,106.57258000000002
1.5151515151515151,"channelID: 371",Edge_9,MEL_Edge_9.1,108.75040000000001
1.5873015873015872,"channelID: 371",Edge_9,MEL_Edge_9.1,109.69843000000002
1.639344262295082,"channelID: 371",Edge_9,MEL_Edge_9.1,112.57122000000001
1.7241379310344827,"channelID: 371",Edge_9,MEL_Edge_9.1,112.70678000000001
1.8181818181818181,"channelID: 371",Edge_9,MEL_Edge_9.1,113.16307
1.9230769230769231,"channelID: 371",Edge_9,MEL_Edge_9.1,114.10309000000001
1.9607843137254901,"channelID: 371",Edge_9,MEL_Edge_9.1,114.61732
2.0408163265306123,"channelID: 371",Edge_9,MEL_Edge_9.1,114.77722
2.127659574468085,"channelID: 371",Edge_9,MEL_Edge_9.1,114.8325
2.2222222222222223,"channelID: 371",Edge_9,MEL_Edge_9.1,114.85083999999999
2.272727272727273,"channelID: 371",Edge_9,MEL_Edge_9.1,115.08108999999999
2.4390243902439024,"channelID: 371",Edge_9,MEL_Edge_9.1,115.18909999999998
2.5,"channelID: 371",Edge_9,MEL_Edge_9.1,115.23445999999998
2.5641025641025643,"channelID: 371",Edge_9,MEL_Edge_9.1,115.27446999999998
2.7027027027027026,"channelID: 371",Edge_9,MEL_Edge_9.1,115.30629999999998
2.7777777777777777,"channelID: 371",Edge_9,MEL_Edge_9.1,115.31791999999997
2.857142857142857,"channelID: 371",Edge_9,MEL_Edge_9.1,115.32484999999997
3.0303030303030303,"channelID: 371",Edge_9,MEL_Edge_9.1,115.54944999999996
3.225806451612903,"channelID: 371",Edge_9,MEL_Edge_9.1,115.58665999999997
3.3333333333333335,"channelID: 371",Edge_9,MEL_Edge_9.1,115.78245999999997
3.4482758620689653,"channelID: 371",Edge_9,MEL_Edge_9.1,115.84865999999997
1.6129032258064515,"channelID: 372",Edge_9,MEL_Edge_9.1,64.048
1.5384615384615385,"channelID: 372",Edge_9,MEL_Edge_9.1,64.22
1.5151515151515151,"channelID: 372",Edge_9,MEL_Edge_9.1,64.30799999999999
1.4492753623188406,"channelID: 372",Edge_9,MEL_Edge_9.1,64.402
1.4285714285714286,"channelID: 372",Edge_9,MEL_Edge_9.1,64.48400000000001
1.408450704225352,"channelID: 372",Edge_9,MEL_Edge_9.1,64.53
1.36986301369863,"channelID: 372",Edge_9,MEL_Edge_9.1,64.58800000000001
1.3157894736842106,"channelID: 372",Edge_9,MEL_Edge_9.1,64.604
1.2987012987012987,"channelID: 372",Edge_9,MEL_Edge_9.1,64.61800000000001
1.2820512820512822,"channelID: 372",Edge_9,MEL_Edge_9.1,64.64200000000001
1.25,"channelID: 372",Edge_9,MEL_Edge_9.1,64.66000000000001
1.2345679012345678,"channelID: 372",Edge_9,MEL_Edge_9.1,64.69200000000001
1.2195121951219512,"channelID: 372",Edge_9,MEL_Edge_9.1,64.74800000000002
1.1904761904761905,"channelID: 372",Edge_9,MEL_Edge_9.1,64.802
1.1764705882352942,"channelID: 372",Edge_9,MEL_Edge_9.1,64.836
1.1627906976744187,"channelID: 372",Edge_9,MEL_Edge_9.1,64.86000000000003
1.1363636363636365,"channelID: 372",Edge_9,MEL_Edge_9.1,64.878
1.1904761904761905,"channelID: 372",Edge_9,MEL_Edge_9.1,68.00725999999999
1.25,"channelID: 372",Edge_9,MEL_Edge_9.1,79.67422
1.3157894736842106,"channelID: 372",Edge_9,MEL_Edge_9.1,85.47502000000003
1.36986301369863,"channelID: 372",Edge_9,MEL_Edge_9.1,101.51125000000002
1.4285714285714286,"channelID: 372",Edge_9,MEL_Edge_9.1,106.57258000000002
1.5151515151515151,"channelID: 372",Edge_9,MEL_Edge_9.1,108.75040000000001
1.5873015873015872,"channelID: 372",Edge_9,MEL_Edge_9.1,109.69843000000002
1.639344262295082,"channelID: 372",Edge_9,MEL_Edge_9.1,112.57122000000001
1.7241379310344827,"channelID: 372",Edge_9,MEL_Edge_9.1,112.70678000000001
1.8181818181818181,"channelID: 372",Edge_9,MEL_Edge_9.1,113.16307
1.9230769230769231,"channelID: 372",Edge_9,MEL_Edge_9.1,114.10309000000001
1.9607843137254901,"channelID: 372",Edge_9,MEL_Edge_9.1,114.61732
2.0408163265306123,"channelID: 372",Edge_9,MEL_Edge_9.1,114.77722
2.127659574468085,"channelID: 372",Edge_9,MEL_Edge_9.1,114.8325
2.2222222222222223,"channelID: 372",Edge_9,MEL_Edge_9.1,114.85083999999999
2.272727272727273,"channelID: 372",Edge_9,MEL_Edge_9.1,115.08108999999999
2.4390243902439024,"channelID: 372",Edge_9,MEL_Edge_9.1,115.18909999999998
2.5,"channelID: 372",Edge_9,MEL_Edge_9.1,115.23445999999998
2.5641025641025643,"channelID: 372",Edge_9,MEL_Edge_9.1,115.27446999999998
2.7027027027027026,"channelID: 372",Edge_9,MEL_Edge_9.1,115.30629999999998
2.7777777777777777,"channelID: 372",Edge_9,MEL_Edge_9.1,115.31791999999997
2.857142857142857,"channelID: 372",Edge_9,MEL_Edge_9.1,115.32484999999997
3.0303030303030303,"channelID: 372",Edge_9,MEL_Edge_9.1,115.54944999999996
3.225806451612903,"channelID: 372",Edge_9,MEL_Edge_9.1,115.58665999999997
3.3333333333333335,"channelID: 372",Edge_9,MEL_Edge_9.1,115.78245999999997
3.4482758620689653,"channelID: 372",Edge_9,MEL_Edge_9.1,115.84865999999997
3.5714285714285716,"channelID: 372",Edge_9,MEL_Edge_9.1,115.87815999999997
1.6129032258064515,"channelID: 370",Edge_9,MEL_Edge_9.1,64.048
1.5384615384615385,"channelID: 370",Edge_9,MEL_Edge_9.1,64.22
1.5151515151515151,"channelID: 370",Edge_9,MEL_Edge_9.1,64.30799999999999
1.4492753623188406,"channelID: 370",Edge_9,MEL_Edge_9.1,64.402
1.4285714285714286,"channelID: 370",Edge_9,MEL_Edge_9.1,64.48400000000001
1.408450704225352,"channelID: 370",Edge_9,MEL_Edge_9.1,64.53
1.36986301369863,"channelID: 370",Edge_9,MEL_Edge_9.1,64.58800000000001
1.3157894736842106,"channelID: 370",Edge_9,MEL_Edge_9.1,64.604
1.2987012987012987,"channelID: 370",Edge_9,MEL_Edge_9.1,64.61800000000001
1.2820512820512822,"channelID: 370",Edge_9,MEL_Edge_9.1,64.64200000000001
1.25,"channelID: 370",Edge_9,MEL_Edge_9.1,64.66000000000001
1.2345679012345678,"channelID: 370",Edge_9,MEL_Edge_9.1,64.69200000000001
1.2195121951219512,"channelID: 370",Edge_9,MEL_Edge_9.1,64.74800000000002
1.1904761904761905,"channelID: 370",Edge_9,MEL_Edge_9.1,64.802
1.1764705882352942,"channelID: 370",Edge_9,MEL_Edge_9.1,64.836
1.1627906976744187,"channelID: 370",Edge_9,MEL_Edge_9.1,64.86000000000003
1.1363636363636365,"channelID: 370",Edge_9,MEL_Edge_9.1,64.878
1.1904761904761905,"channelID: 370",Edge_9,MEL_Edge_9.1,68.00725999999999
1.25,"channelID: 370",Edge_9,MEL_Edge_9.1,79.67422
1.3157894736842106,"channelID: 370",Edge_9,MEL_Edge_9.1,85.47502000000003
1.36986301369863,"channelID: 370",Edge_9,MEL_Edge_9.1,101.51125000000002
1.4285714285714286,"channelID: 370",Edge_9,MEL_Edge_9.1,106.57258000000002
1.5151515151515151,"channelID: 370",Edge_9,MEL_Edge_9.1,108.75040000000001
1.5873015873015872,"channelID: 370",Edge_9,MEL_Edge_9.1,109.69843000000002
1.639344262295082,"channelID: 370",Edge_9,MEL_Edge_9.1,112.57122000000001
1.7241379310344827,"channelID: 370",Edge_9,MEL_Edge_9.1,112.70678000000001
1.8181818181818181,"channelID: 370",Edge_9,MEL_Edge_9.1,113.16307
1.9230769230769231,"channelID: 370",Edge_9,MEL_Edge_9.1,114.10309000000001
1.9607843137254901,"channelID: 370",Edge_9,MEL_Edge_9.1,114.61732
2.0408163265306123,"channelID: 370",Edge_9,MEL_Edge_9.1,114.77722
2.127659574468085,"channelID: 370",Edge_9,MEL_Edge_9.1,114.8325
2.2222222222222223,"channelID: 370",Edge_9,MEL_Edge_9.1,114.85083999999999
2.272727272727273,"channelID: 370",Edge_9,MEL_Edge_9.1,115.08108999999999
2.4390243902439024,"channelID: 370",Edge_9,MEL_Edge_9.1,115.18909999999998
2.5,"channelID: 370",Edge_9,MEL_Edge_9.1,115.23445999999998
2.5641025641025643,"channelID: 370",Edge_9,MEL_Edge_9.1,115.27446999999998
2.7027027027027026,"channelID: 370",Edge_9,MEL_Edge_9.1,115.30629999999998
2.7777777777777777,"channelID: 370",Edge_9,MEL_Edge_9.1,115.31791999999997
2.857142857142857,"channelID: 370",Edge_9,MEL_Edge_9.1,115.32484999999997
3.0303030303030303,"channelID: 370",Edge_9,MEL_Edge_9.1,115.54944999999996
3.225806451612903,"channelID: 370",Edge_9,MEL_Edge_9.1,115.58665999999997
3.3333333333333335,"channelID: 370",Edge_9,MEL_Edge_9.1,115.78245999999997
3.4482758620689653,"channelID: 370",Edge_9,MEL_Edge_9.1,115.84865999999997
3.7037037037037037,"channelID: 370",Edge_9,MEL_Edge_9.1,115.87815999999997
1.5384615384615385,"channelID: 373",Edge_9,MEL_Edge_9.2,64.22
1.5151515151515151,"channelID: 373",Edge_9,MEL_Edge_9.2,64.30799999999999
1.4492753623188406,"channelID: 373",Edge_9,MEL_Edge_9.2,64.402
1.4285714285714286,"channelID: 373",Edge_9,MEL_Edge_9.2,64.48400000000001
1.408450704225352,"channelID: 373",Edge_9,MEL_Edge_9.2,64.53
1.36986301369863,"channelID: 373",Edge_9,MEL_Edge_9.2,64.58800000000001
1.3157894736842106,"channelID: 373",Edge_9,MEL_Edge_9.2,64.604
1.2987012987012987,"channelID: 373",Edge_9,MEL_Edge_9.2,64.61800000000001
1.2820512820512822,"channelID: 373",Edge_9,MEL_Edge_9.2,64.64200000000001
1.25,"channelID: 373",Edge_9,MEL_Edge_9.2,64.66000000000001
1.2345679012345678,"channelID: 373",Edge_9,MEL_Edge_9.2,64.69200000000001
1.2195121951219512,"channelID: 373",Edge_9,MEL_Edge_9.2,64.74800000000002
1.1904761904761905,"channelID: 373",Edge_9,MEL_Edge_9.2,64.802
1.1764705882352942,"channelID: 373",Edge_9,MEL_Edge_9.2,64.836
1.1627906976744187,"channelID: 373",Edge_9,MEL_Edge_9.2,64.86000000000003
1.1363636363636365,"channelID: 373",Edge_9,MEL_Edge_9.2,64.878
1.1904761904761905,"channelID: 373",Edge_9,MEL_Edge_9.2,68.00725999999999
1.25,"channelID: 373",Edge_9,MEL_Edge_9.2,79.67422
1.3157894736842106,"channelID: 373",Edge_9,MEL_Edge_9.2,85.47502000000003
1.36986301369863,"channelID: 373",Edge_9,MEL_Edge_9.2,101.51125000000002
1.4285714285714286,"channelID: 373",Edge_9,MEL_Edge_9.2,106.57258000000002
1.5151515151515151,"channelID: 373",Edge_9,MEL_Edge_9.2,108.75040000000001
1.5873015873015872,"channelID: 373",Edge_9,MEL_Edge_9.2,109.69843000000002
1.639344262295082,"channelID: 373",Edge_9,MEL_Edge_9.2,112.57122000000001
1.7241379310344827,"channelID: 373",Edge_9,MEL_Edge_9.2,112.70678000000001
1.8181818181818181,"channelID: 373",Edge_9,MEL_Edge_9.2,113.16307
1.9230769230769231,"channelID: 373",Edge_9,MEL_Edge_9.2,114.10309000000001
1.9607843137254901,"channelID: 373",Edge_9,MEL_Edge_9.2,114.61732
2.0408163265306123,"channelID: 373",Edge_9,MEL_Edge_9.2,114.77722
2.127659574468085,"channelID: 373",Edge_9,MEL_Edge_9.2,114.8325
2.2222222222222223,"channelID: 373",Edge_9,MEL_Edge_9.2,114.85083999999999
2.272727272727273,"channelID: 373",Edge_9,MEL_Edge_9.2,115.08108999999999
2.4390243902439024,"channelID: 373",Edge_9,MEL_Edge_9.2,115.18909999999998
2.5,"channelID: 373",Edge_9,MEL_Edge_9.2,115.23445999999998
2.5641025641025643,"channelID: 373",Edge_9,MEL_Edge_9.2,115.27446999999998
2.7027027027027026,"channelID: 373",Edge_9,MEL_Edge_9.2,115.30629999999998
2.7777777777777777,"channelID: 373",Edge_9,MEL_Edge_9.2,115.31791999999997
2.857142857142857,"channelID: 373",Edge_9,MEL_Edge_9.2,115.32484999999997
3.0303030303030303,"channelID: 373",Edge_9,MEL_Edge_9.2,115.54944999999996
3.225806451612903,"channelID: 373",Edge_9,MEL_Edge_9.2,115.58665999999997
3.3333333333333335,"channelID: 373",Edge_9,MEL_Edge_9.2,115.78245999999997
3.4482758620689653,"channelID: 373",Edge_9,MEL_Edge_9.2,115.84865999999997
3.8461538461538463,"channelID: 373",Edge_9,MEL_Edge_9.2,115.87815999999997
1.5384615384615385,"channelID: 375",Edge_9,MEL_Edge_9.2,64.22
1.5151515151515151,"channelID: 375",Edge_9,MEL_Edge_9.2,64.30799999999999
1.4492753623188406,"channelID: 375",Edge_9,MEL_Edge_9.2,64.402
1.4285714285714286,"channelID: 375",Edge_9,MEL_Edge_9.2,64.48400000000001
1.408450704225352,"channelID: 375",Edge_9,MEL_Edge_9.2,64.53
1.36986301369863,"channelID: 375",Edge_9,MEL_Edge_9.2,64.58800000000001
1.3157894736842106,"channelID: 375",Edge_9,MEL_Edge_9.2,64.604
1.2987012987012987,"channelID: 375",Edge_9,MEL_Edge_9.2,64.61800000000001
1.2820512820512822,"channelID: 375",Edge_9,MEL_Edge_9.2,64.64200000000001
1.25,"channelID: 375",Edge_9,MEL_Edge_9.2,64.66000000000001
1.2345679012345678,"channelID: 375",Edge_9,MEL_Edge_9.2,64.69200000000001
1.2195121951219512,"channelID: 375",Edge_9,MEL_Edge_9.2,64.74800000000002
1.1904761904761905,"channelID: 375",Edge_9,MEL_Edge_9.2,64.802
1.1764705882352942,"channelID: 375",Edge_9,MEL_Edge_9.2,64.836
1.1627906976744187,"channelID: 375",Edge_9,MEL_Edge_9.2,64.86000000000003
1.1363636363636365,"channelID: 375",Edge_9,MEL_Edge_9.2,64.878
1.1904761904761905,"channelID: 375",Edge_9,MEL_Edge_9.2,68.00725999999999
1.25,"channelID: 375",Edge_9,MEL_Edge_9.2,79.67422
1.3157894736842106,"channelID: 375",Edge_9,MEL_Edge_9.2,85.47502000000003
1.36986301369863,"channelID: 375",Edge_9,MEL_Edge_9.2,101.51125000000002
1.4285714285714286,"channelID: 375",Edge_9,MEL_Edge_9.2,106.57258000000002
1.5151515151515151,"channelID: 375",Edge_9,MEL_Edge_9.2,108.75040000000001
1.5873015873015872,"channelID: 375",Edge_9,MEL_Edge_9.2,109.69843000000002
1.639344262295082,"channelID: 375",Edge_9,MEL_Edge_9.2,112.57122000000001
1.7241379310344827,"channelID: 375",Edge_9,MEL_Edge_9.2,112.70678000000001
1.8181818181818181,"channelID: 375",Edge_9,MEL_Edge_9.2,113.16307
1.9230769230769231,"channelID: 375",Edge_9,MEL_Edge_9.2,114.10309000000001
1.9607843137254901,"channelID: 375",Edge_9,MEL_Edge_9.2,114.61732
2.0408163265306123,"channelID: 375",Edge_9,MEL_Edge_9.2,114.77722
2.127659574468085,"channelID: 375",Edge_9,MEL_Edge_9.2,114.8325
2.2222222222222223,"channelID: 375",Edge_9,MEL_Edge_9.2,114.85083999999999
2.272727272727273,"channelID: 375",Edge_9,MEL_Edge_9.2,115.08108999999999
2.4390243902439024,"channelID: 375",Edge_9,MEL_Edge_9.2,115.18909999999998
2.5,"channelID: 375",Edge_9,MEL_Edge_9.2,115.23445999999998
2.5641025641025643,"channelID: 375",Edge_9,MEL_Edge_9.2,115.27446999999998
2.7027027027027026,"channelID: 375",Edge_9,MEL_Edge_9.2,115.30629999999998
2.7777777777777777,"channelID: 375",Edge_9,MEL_Edge_9.2,115.31791999999997
2.857142857142857,"channelID: 375",Edge_9,MEL_Edge_9.2,115.32484999999997
3.0303030303030303,"channelID: 375",Edge_9,MEL_Edge_9.2,115.54944999999996
3.225806451612903,"channelID: 375",Edge_9,MEL_Edge_9.2,115.58665999999997
3.3333333333333335,"channelID: 375",Edge_9,MEL_Edge_9.2,115.78245999999997
3.4482758620689653,"channelID: 375",Edge_9,MEL_Edge_9.2,115.84865999999997
3.8461538461538463,"channelID: 375",Edge_9,MEL_Edge_9.2,115.87815999999997
4.0,"channelID: 375",Edge_9,MEL_Edge_9.2,115.95028999999997
1.5384615384615385,"channelID: 374",Edge_9,MEL_Edge_9.2,64.22
1.5151515151515151,"channelID: 374",Edge_9,MEL_Edge_9.2,64.30799999999999
1.4492753623188406,"channelID: 374",Edge_9,MEL_Edge_9.2,64.402
1.4285714285714286,"channelID: 374",Edge_9,MEL_Edge_9.2,64.48400000000001
1.408450704225352,"channelID: 374",Edge_9,MEL_Edge_9.2,64.53
1.36986301369863,"channelID: 374",Edge_9,MEL_Edge_9.2,64.58800000000001
1.3157894736842106,"channelID: 374",Edge_9,MEL_Edge_9.2,64.604
1.2987012987012987,"channelID: 374",Edge_9,MEL_Edge_9.2,64.61800000000001
1.2820512820512822,"channelID: 374",Edge_9,MEL_Edge_9.2,64.64200000000001
1.25,"channelID: 374",Edge_9,MEL_Edge_9.2,64.66000000000001
1.2345679012345678,"channelID: 374",Edge_9,MEL_Edge_9.2,64.69200000000001
1.2195121951219512,"channelID: 374",Edge_9,MEL_Edge_9.2,64.74800000000002
1.1904761904761905,"channelID: 374",Edge_9,MEL_Edge_9.2,64.802
1.1764705882352942,"channelID: 374",Edge_9,MEL_Edge_9.2,64.836
1.1627906976744187,"channelID: 374",Edge_9,MEL_Edge_9.2,64.86000000000003
1.1363636363636365,"channelID: 374",Edge_9,MEL_Edge_9.2,64.878
1.1904761904761905,"channelID: 374",Edge_9,MEL_Edge_9.2,68.00725999999999
1.25,"channelID: 374",Edge_9,MEL_Edge_9.2,79.67422
1.3157894736842106,"channelID: 374",Edge_9,MEL_Edge_9.2,85.47502000000003
1.36986301369863,"channelID: 374",Edge_9,MEL_Edge_9.2,101.51125000000002
1.4285714285714286,"channelID: 374",Edge_9,MEL_Edge_9.2,106.57258000000002
1.5151515151515151,"channelID: 374",Edge_9,MEL_Edge_9.2,108.75040000000001
1.5873015873015872,"channelID: 374",Edge_9,MEL_Edge_9.2,109.69843000000002
1.639344262295082,"channelID: 374",Edge_9,MEL_Edge_9.2,112.57122000000001
1.7241379310344827,"channelID: 374",Edge_9,MEL_Edge_9.2,112.70678000000001
1.8181818181818181,"channelID: 374",Edge_9,MEL_Edge_9.2,113.16307
1.9230769230769231,"channelID: 374",Edge_9,MEL_Edge_9.2,114.10309000000001
1.9607843137254901,"channelID: 374",Edge_9,MEL_Edge_9.2,114.61732
2.0408163265306123,"channelID: 374",Edge_9,MEL_Edge_9.2,114.77722
2.127659574468085,"channelID: 374",Edge_9,MEL_Edge_9.2,114.8325
2.2222222222222223,"channelID: 374",Edge_9,MEL_Edge_9.2,114.85083999999999
2.272727272727273,"channelID: 374",Edge_9,MEL_Edge_9.2,115.08108999999999
2.4390243902439024,"channelID: 374",Edge_9,MEL_Edge_9.2,115.18909999999998
2.5,"channelID: 374",Edge_9,MEL_Edge_9.2,115.23445999999998
2.5641025641025643,"channelID: 374",Edge_9,MEL_Edge_9.2,115.27446999999998
2.7027027027027026,"channelID: 374",Edge_9,MEL_Edge_9.2,115.30629999999998
2.7777777777777777,"channelID: 374",Edge_9,MEL_Edge_9.2,115.31791999999997
2.857142857142857,"channelID: 374",Edge_9,MEL_Edge_9.2,115.32484999999997
3.0303030303030303,"channelID: 374",Edge_9,MEL_Edge_9.2,115.54944999999996
3.225806451612903,"channelID: 374",Edge_9,MEL_Edge_9.2,115.58665999999997
3.3333333333333335,"channelID: 374",Edge_9,MEL_Edge_9.2,115.78245999999997
3.4482758620689653,"channelID: 374",Edge_9,MEL_Edge_9.2,115.84865999999997
3.8461538461538463,"channelID: 374",Edge_9,MEL_Edge_9.2,115.87815999999997
4.166666666666667,"channelID: 374",Edge_9,MEL_Edge_9.2,115.95028999999997
1.5151515151515151,"channelID: 376",Edge_9,MEL_Edge_9.1,64.30799999999999
1.4492753623188406,"channelID: 376",Edge_9,MEL_Edge_9.1,64.402
1.4285714285714286,"channelID: 376",Edge_9,MEL_Edge_9.1,64.48400000000001
1.408450704225352,"channelID: 376",Edge_9,MEL_Edge_9.1,64.53
1.36986301369863,"channelID: 376",Edge_9,MEL_Edge_9.1,64.58800000000001
1.3157894736842106,"channelID: 376",Edge_9,MEL_Edge_9.1,64.604
1.2987012987012987,"channelID: 376",Edge_9,MEL_Edge_9.1,64.61800000000001
1.2820512820512822,"channelID: 376",Edge_9,MEL_Edge_9.1,64.64200000000001
1.25,"channelID: 376",Edge_9,MEL_Edge_9.1,64.66000000000001
1.2345679012345678,"channelID: 376",Edge_9,MEL_Edge_9.1,64.69200000000001
1.2195121951219512,"channelID: 376",Edge_9,MEL_Edge_9.1,64.74800000000002
1.1904761904761905,"channelID: 376",Edge_9,MEL_Edge_9.1,64.802
1.1764705882352942,"channelID: 376",Edge_9,MEL_Edge_9.1,64.836
1.1627906976744187,"channelID: 376",Edge_9,MEL_Edge_9.1,64.86000000000003
1.1363636363636365,"channelID: 376",Edge_9,MEL_Edge_9.1,64.878
1.1904761904761905,"channelID: 376",Edge_9,MEL_Edge_9.1,68.00725999999999
1.25,"channelID: 376",Edge_9,MEL_Edge_9.1,79.67422
1.3157894736842106,"channelID: 376",Edge_9,MEL_Edge_9.1,85.47502000000003
1.36986301369863,"channelID: 376",Edge_9,MEL_Edge_9.1,101.51125000000002
1.4285714285714286,"channelID: 376",Edge_9,MEL_Edge_9.1,106.57258000000002
1.5151515151515151,"channelID: 376",Edge_9,MEL_Edge_9.1,108.75040000000001
1.5873015873015872,"channelID: 376",Edge_9,MEL_Edge_9.1,109.69843000000002
1.639344262295082,"channelID: 376",Edge_9,MEL_Edge_9.1,112.57122000000001
1.7241379310344827,"channelID: 376",Edge_9,MEL_Edge_9.1,112.70678000000001
1.8181818181818181,"channelID: 376",Edge_9,MEL_Edge_9.1,113.16307
1.9230769230769231,"channelID: 376",Edge_9,MEL_Edge_9.1,114.10309000000001
1.9607843137254901,"channelID: 376",Edge_9,MEL_Edge_9.1,114.61732
2.0408163265306123,"channelID: 376",Edge_9,MEL_Edge_9.1,114.77722
2.127659574468085,"channelID: 376",Edge_9,MEL_Edge_9.1,114.8325
2.2222222222222223,"channelID: 376",Edge_9,MEL_Edge_9.1,114.85083999999999
2.272727272727273,"channelID: 376",Edge_9,MEL_Edge_9.1,115.08108999999999
2.4390243902439024,"channelID: 376",Edge_9,MEL_Edge_9.1,115.18909999999998
2.5,"channelID: 376",Edge_9,MEL_Edge_9.1,115.23445999999998
2.5641025641025643,"channelID: 376",Edge_9,MEL_Edge_9.1,115.27446999999998
2.7027027027027026,"channelID: 376",Edge_9,MEL_Edge_9.1,115.30629999999998
2.7777777777777777,"channelID: 376",Edge_9,MEL_Edge_9.1,115.31791999999997
2.857142857142857,"channelID: 376",Edge_9,MEL_Edge_9.1,115.32484999999997
3.0303030303030303,"channelID: 376",Edge_9,MEL_Edge_9.1,115.54944999999996
3.225806451612903,"channelID: 376",Edge_9,MEL_Edge_9.1,115.58665999999997
3.3333333333333335,"channelID: 376",Edge_9,MEL_Edge_9.1,115.78245999999997
3.4482758620689653,"channelID: 376",Edge_9,MEL_Edge_9.1,115.84865999999997
3.8461538461538463,"channelID: 376",Edge_9,MEL_Edge_9.1,115.87815999999997
4.3478260869565215,"channelID: 376",Edge_9,MEL_Edge_9.1,115.95028999999997
1.4492753623188406,"channelID: 378",Edge_9,MEL_Edge_9.1,64.402
1.4285714285714286,"channelID: 378",Edge_9,MEL_Edge_9.1,64.48400000000001
1.408450704225352,"channelID: 378",Edge_9,MEL_Edge_9.1,64.53
1.36986301369863,"channelID: 378",Edge_9,MEL_Edge_9.1,64.58800000000001
1.3157894736842106,"channelID: 378",Edge_9,MEL_Edge_9.1,64.604
1.2987012987012987,"channelID: 378",Edge_9,MEL_Edge_9.1,64.61800000000001
1.2820512820512822,"channelID: 378",Edge_9,MEL_Edge_9.1,64.64200000000001
1.25,"channelID: 378",Edge_9,MEL_Edge_9.1,64.66000000000001
1.2345679012345678,"channelID: 378",Edge_9,MEL_Edge_9.1,64.69200000000001
1.2195121951219512,"channelID: 378",Edge_9,MEL_Edge_9.1,64.74800000000002
1.1904761904761905,"channelID: 378",Edge_9,MEL_Edge_9.1,64.802
1.1764705882352942,"channelID: 378",Edge_9,MEL_Edge_9.1,64.836
1.1627906976744187,"channelID: 378",Edge_9,MEL_Edge_9.1,64.86000000000003
1.1363636363636365,"channelID: 378",Edge_9,MEL_Edge_9.1,64.878
1.1904761904761905,"channelID: 378",Edge_9,MEL_Edge_9.1,68.00725999999999
1.25,"channelID: 378",Edge_9,MEL_Edge_9.1,79.67422
1.3157894736842106,"channelID: 378",Edge_9,MEL_Edge_9.1,85.47502000000003
1.36986301369863,"channelID: 378",Edge_9,MEL_Edge_9.1,101.51125000000002
1.4285714285714286,"channelID: 378",Edge_9,MEL_Edge_9.1,106.57258000000002
1.5151515151515151,"channelID: 378",Edge_9,MEL_Edge_9.1,108.75040000000001
1.5873015873015872,"channelID: 378",Edge_9,MEL_Edge_9.1,109.69843000000002
1.639344262295082,"channelID: 378",Edge_9,MEL_Edge_9.1,112.57122000000001
1.7241379310344827,"channelID: 378",Edge_9,MEL_Edge_9.1,112.70678000000001
1.8181818181818181,"channelID: 378",Edge_9,MEL_Edge_9.1,113.16307
1.9230769230769231,"channelID: 378",Edge_9,MEL_Edge_9.1,114.10309000000001
1.9607843137254901,"channelID: 378",Edge_9,MEL_Edge_9.1,114.61732
2.0408163265306123,"channelID: 378",Edge_9,MEL_Edge_9.1,114.77722
2.127659574468085,"channelID: 378",Edge_9,MEL_Edge_9.1,114.8325
2.2222222222222223,"channelID: 378",Edge_9,MEL_Edge_9.1,114.85083999999999
2.272727272727273,"channelID: 378",Edge_9,MEL_Edge_9.1,115.08108999999999
2.4390243902439024,"channelID: 378",Edge_9,MEL_Edge_9.1,115.18909999999998
2.5,"channelID: 378",Edge_9,MEL_Edge_9.1,115.23445999999998
2.5641025641025643,"channelID: 378",Edge_9,MEL_Edge_9.1,115.27446999999998
2.7027027027027026,"channelID: 378",Edge_9,MEL_Edge_9.1,115.30629999999998
2.7777777777777777,"channelID: 378",Edge_9,MEL_Edge_9.1,115.31791999999997
2.857142857142857,"channelID: 378",Edge_9,MEL_Edge_9.1,115.32484999999997
3.0303030303030303,"channelID: 378",Edge_9,MEL_Edge_9.1,115.54944999999996
3.225806451612903,"channelID: 378",Edge_9,MEL_Edge_9.1,115.58665999999997
3.3333333333333335,"channelID: 378",Edge_9,MEL_Edge_9.1,115.78245999999997
3.4482758620689653,"channelID: 378",Edge_9,MEL_Edge_9.1,115.84865999999997
3.8461538461538463,"channelID: 378",Edge_9,MEL_Edge_9.1,115.87815999999997
4.3478260869565215,"channelID: 378",Edge_9,MEL_Edge_9.1,115.95028999999997
4.545454545454546,"channelID: 378",Edge_9,MEL_Edge_9.1,115.98141999999997
1.4492753623188406,"channelID: 379",Edge_9,MEL_Edge_9.1,64.402
1.4285714285714286,"channelID: 379",Edge_9,MEL_Edge_9.1,64.48400000000001
1.408450704225352,"channelID: 379",Edge_9,MEL_Edge_9.1,64.53
1.36986301369863,"channelID: 379",Edge_9,MEL_Edge_9.1,64.58800000000001
1.3157894736842106,"channelID: 379",Edge_9,MEL_Edge_9.1,64.604
1.2987012987012987,"channelID: 379",Edge_9,MEL_Edge_9.1,64.61800000000001
1.2820512820512822,"channelID: 379",Edge_9,MEL_Edge_9.1,64.64200000000001
1.25,"channelID: 379",Edge_9,MEL_Edge_9.1,64.66000000000001
1.2345679012345678,"channelID: 379",Edge_9,MEL_Edge_9.1,64.69200000000001
1.2195121951219512,"channelID: 379",Edge_9,MEL_Edge_9.1,64.74800000000002
1.1904761904761905,"channelID: 379",Edge_9,MEL_Edge_9.1,64.802
1.1764705882352942,"channelID: 379",Edge_9,MEL_Edge_9.1,64.836
1.1627906976744187,"channelID: 379",Edge_9,MEL_Edge_9.1,64.86000000000003
1.1363636363636365,"channelID: 379",Edge_9,MEL_Edge_9.1,64.878
1.1904761904761905,"channelID: 379",Edge_9,MEL_Edge_9.1,68.00725999999999
1.25,"channelID: 379",Edge_9,MEL_Edge_9.1,79.67422
1.3157894736842106,"channelID: 379",Edge_9,MEL_Edge_9.1,85.47502000000003
1.36986301369863,"channelID: 379",Edge_9,MEL_Edge_9.1,101.51125000000002
1.4285714285714286,"channelID: 379",Edge_9,MEL_Edge_9.1,106.57258000000002
1.5151515151515151,"channelID: 379",Edge_9,MEL_Edge_9.1,108.75040000000001
1.5873015873015872,"channelID: 379",Edge_9,MEL_Edge_9.1,109.69843000000002
1.639344262295082,"channelID: 379",Edge_9,MEL_Edge_9.1,112.57122000000001
1.7241379310344827,"channelID: 379",Edge_9,MEL_Edge_9.1,112.70678000000001
1.8181818181818181,"channelID: 379",Edge_9,MEL_Edge_9.1,113.16307
1.9230769230769231,"channelID: 379",Edge_9,MEL_Edge_9.1,114.10309000000001
1.9607843137254901,"channelID: 379",Edge_9,MEL_Edge_9.1,114.61732
2.0408163265306123,"channelID: 379",Edge_9,MEL_Edge_9.1,114.77722
2.127659574468085,"channelID: 379",Edge_9,MEL_Edge_9.1,114.8325
2.2222222222222223,"channelID: 379",Edge_9,MEL_Edge_9.1,114.85083999999999
2.272727272727273,"channelID: 379",Edge_9,MEL_Edge_9.1,115.08108999999999
2.4390243902439024,"channelID: 379",Edge_9,MEL_Edge_9.1,115.18909999999998
2.5,"channelID: 379",Edge_9,MEL_Edge_9.1,115.23445999999998
2.5641025641025643,"channelID: 379",Edge_9,MEL_Edge_9.1,115.27446999999998
2.7027027027027026,"channelID: 379",Edge_9,MEL_Edge_9.1,115.30629999999998
2.7777777777777777,"channelID: 379",Edge_9,MEL_Edge_9.1,115.31791999999997
2.857142857142857,"channelID: 379",Edge_9,MEL_Edge_9.1,115.32484999999997
3.0303030303030303,"channelID: 379",Edge_9,MEL_Edge_9.1,115.54944999999996
3.225806451612903,"channelID: 379",Edge_9,MEL_Edge_9.1,115.58665999999997
3.3333333333333335,"channelID: 379",Edge_9,MEL_Edge_9.1,115.78245999999997
3.4482758620689653,"channelID: 379",Edge_9,MEL_Edge_9.1,115.84865999999997
3.8461538461538463,"channelID: 379",Edge_9,MEL_Edge_9.1,115.87815999999997
4.3478260869565215,"channelID: 379",Edge_9,MEL_Edge_9.1,115.95028999999997
4.545454545454546,"channelID: 379",Edge_9,MEL_Edge_9.1,115.98141999999997
4.761904761904762,"channelID: 379",Edge_9,MEL_Edge_9.1,116.01273999999997
1.4492753623188406,"channelID: 377",Edge_9,MEL_Edge_9.1,64.402
1.4285714285714286,"channelID: 377",Edge_9,MEL_Edge_9.1,64.48400000000001
1.408450704225352,"channelID: 377",Edge_9,MEL_Edge_9.1,64.53
1.36986301369863,"channelID: 377",Edge_9,MEL_Edge_9.1,64.58800000000001
1.3157894736842106,"channelID: 377",Edge_9,MEL_Edge_9.1,64.604
1.2987012987012987,"channelID: 377",Edge_9,MEL_Edge_9.1,64.61800000000001
1.2820512820512822,"channelID: 377",Edge_9,MEL_Edge_9.1,64.64200000000001
1.25,"channelID: 377",Edge_9,MEL_Edge_9.1,64.66000000000001
1.2345679012345678,"channelID: 377",Edge_9,MEL_Edge_9.1,64.69200000000001
1.2195121951219512,"channelID: 377",Edge_9,MEL_Edge_9.1,64.74800000000002
1.1904761904761905,"channelID: 377",Edge_9,MEL_Edge_9.1,64.802
1.1764705882352942,"channelID: 377",Edge_9,MEL_Edge_9.1,64.836
1.1627906976744187,"channelID: 377",Edge_9,MEL_Edge_9.1,64.86000000000003
1.1363636363636365,"channelID: 377",Edge_9,MEL_Edge_9.1,64.878
1.1904761904761905,"channelID: 377",Edge_9,MEL_Edge_9.1,68.00725999999999
1.25,"channelID: 377",Edge_9,MEL_Edge_9.1,79.67422
1.3157894736842106,"channelID: 377",Edge_9,MEL_Edge_9.1,85.47502000000003
1.36986301369863,"channelID: 377",Edge_9,MEL_Edge_9.1,101.51125000000002
1.4285714285714286,"channelID: 377",Edge_9,MEL_Edge_9.1,106.57258000000002
1.5151515151515151,"channelID: 377",Edge_9,MEL_Edge_9.1,108.75040000000001
1.5873015873015872,"channelID: 377",Edge_9,MEL_Edge_9.1,109.69843000000002
1.639344262295082,"channelID: 377",Edge_9,MEL_Edge_9.1,112.57122000000001
1.7241379310344827,"channelID: 377",Edge_9,MEL_Edge_9.1,112.70678000000001
1.8181818181818181,"channelID: 377",Edge_9,MEL_Edge_9.1,113.16307
1.9230769230769231,"channelID: 377",Edge_9,MEL_Edge_9.1,114.10309000000001
1.9607843137254901,"channelID: 377",Edge_9,MEL_Edge_9.1,114.61732
2.0408163265306123,"channelID: 377",Edge_9,MEL_Edge_9.1,114.77722
2.127659574468085,"channelID: 377",Edge_9,MEL_Edge_9.1,114.8325
2.2222222222222223,"channelID: 377",Edge_9,MEL_Edge_9.1,114.85083999999999
2.272727272727273,"channelID: 377",Edge_9,MEL_Edge_9.1,115.08108999999999
2.4390243902439024,"channelID: 377",Edge_9,MEL_Edge_9.1,115.18909999999998
2.5,"channelID: 377",Edge_9,MEL_Edge_9.1,115.23445999999998
2.5641025641025643,"channelID: 377",Edge_9,MEL_Edge_9.1,115.27446999999998
2.7027027027027026,"channelID: 377",Edge_9,MEL_Edge_9.1,115.30629999999998
2.7777777777777777,"channelID: 377",Edge_9,MEL_Edge_9.1,115.31791999999997
2.857142857142857,"channelID: 377",Edge_9,MEL_Edge_9.1,115.32484999999997
3.0303030303030303,"channelID: 377",Edge_9,MEL_Edge_9.1,115.54944999999996
3.225806451612903,"channelID: 377",Edge_9,MEL_Edge_9.1,115.58665999999997
3.3333333333333335,"channelID: 377",Edge_9,MEL_Edge_9.1,115.78245999999997
3.4482758620689653,"channelID: 377",Edge_9,MEL_Edge_9.1,115.84865999999997
3.8461538461538463,"channelID: 377",Edge_9,MEL_Edge_9.1,115.87815999999997
4.3478260869565215,"channelID: 377",Edge_9,MEL_Edge_9.1,115.95028999999997
4.545454545454546,"channelID: 377",Edge_9,MEL_Edge_9.1,115.98141999999997
5.0,"channelID: 377",Edge_9,MEL_Edge_9.1,116.01273999999997
1.4285714285714286,"channelID: 380",Edge_9,MEL_Edge_9.2,64.48400000000001
1.408450704225352,"channelID: 380",Edge_9,MEL_Edge_9.2,64.53
1.36986301369863,"channelID: 380",Edge_9,MEL_Edge_9.2,64.58800000000001
1.3157894736842106,"channelID: 380",Edge_9,MEL_Edge_9.2,64.604
1.2987012987012987,"channelID: 380",Edge_9,MEL_Edge_9.2,64.61800000000001
1.2820512820512822,"channelID: 380",Edge_9,MEL_Edge_9.2,64.64200000000001
1.25,"channelID: 380",Edge_9,MEL_Edge_9.2,64.66000000000001
1.2345679012345678,"channelID: 380",Edge_9,MEL_Edge_9.2,64.69200000000001
1.2195121951219512,"channelID: 380",Edge_9,MEL_Edge_9.2,64.74800000000002
1.1904761904761905,"channelID: 380",Edge_9,MEL_Edge_9.2,64.802
1.1764705882352942,"channelID: 380",Edge_9,MEL_Edge_9.2,64.836
1.1627906976744187,"channelID: 380",Edge_9,MEL_Edge_9.2,64.86000000000003
1.1363636363636365,"channelID: 380",Edge_9,MEL_Edge_9.2,64.878
1.1904761904761905,"channelID: 380",Edge_9,MEL_Edge_9.2,68.00725999999999
1.25,"channelID: 380",Edge_9,MEL_Edge_9.2,79.67422
1.3157894736842106,"channelID: 380",Edge_9,MEL_Edge_9.2,85.47502000000003
1.36986301369863,"channelID: 380",Edge_9,MEL_Edge_9.2,101.51125000000002
1.4285714285714286,"channelID: 380",Edge_9,MEL_Edge_9.2,106.57258000000002
1.5151515151515151,"channelID: 380",Edge_9,MEL_Edge_9.2,108.75040000000001
1.5873015873015872,"channelID: 380",Edge_9,MEL_Edge_9.2,109.69843000000002
1.639344262295082,"channelID: 380",Edge_9,MEL_Edge_9.2,112.57122000000001
1.7241379310344827,"channelID: 380",Edge_9,MEL_Edge_9.2,112.70678000000001
1.8181818181818181,"channelID: 380",Edge_9,MEL_Edge_9.2,113.16307
1.9230769230769231,"channelID: 380",Edge_9,MEL_Edge_9.2,114.10309000000001
1.9607843137254901,"channelID: 380",Edge_9,MEL_Edge_9.2,114.61732
2.0408163265306123,"channelID: 380",Edge_9,MEL_Edge_9.2,114.77722
2.127659574468085,"channelID: 380",Edge_9,MEL_Edge_9.2,114.8325
2.2222222222222223,"channelID: 380",Edge_9,MEL_Edge_9.2,114.85083999999999
2.272727272727273,"channelID: 380",Edge_9,MEL_Edge_9.2,115.08108999999999
2.4390243902439024,"channelID: 380",Edge_9,MEL_Edge_9.2,115.18909999999998
2.5,"channelID: 380",Edge_9,MEL_Edge_9.2,115.23445999999998
2.5641025641025643,"channelID: 380",Edge_9,MEL_Edge_9.2,115.27446999999998
2.7027027027027026,"channelID: 380",Edge_9,MEL_Edge_9.2,115.30629999999998
2.7777777777777777,"channelID: 380",Edge_9,MEL_Edge_9.2,115.31791999999997
2.857142857142857,"channelID: 380",Edge_9,MEL_Edge_9.2,115.32484999999997
3.0303030303030303,"channelID: 380",Edge_9,MEL_Edge_9.2,115.54944999999996
3.225806451612903,"channelID: 380",Edge_9,MEL_Edge_9.2,115.58665999999997
3.3333333333333335,"channelID: 380",Edge_9,MEL_Edge_9.2,115.78245999999997
3.4482758620689653,"channelID: 380",Edge_9,MEL_Edge_9.2,115.84865999999997
3.8461538461538463,"channelID: 380",Edge_9,MEL_Edge_9.2,115.87815999999997
4.3478260869565215,"channelID: 380",Edge_9,MEL_Edge_9.2,115.95028999999997
4.545454545454546,"channelID: 380",Edge_9,MEL_Edge_9.2,115.98141999999997
5.2631578947368425,"channelID: 380",Edge_9,MEL_Edge_9.2,116.01273999999997
1.408450704225352,"channelID: 381",Edge_9,MEL_Edge_9.1,64.53
1.36986301369863,"channelID: 381",Edge_9,MEL_Edge_9.1,64.58800000000001
1.3157894736842106,"channelID: 381",Edge_9,MEL_Edge_9.1,64.604
1.2987012987012987,"channelID: 381",Edge_9,MEL_Edge_9.1,64.61800000000001
1.2820512820512822,"channelID: 381",Edge_9,MEL_Edge_9.1,64.64200000000001
1.25,"channelID: 381",Edge_9,MEL_Edge_9.1,64.66000000000001
1.2345679012345678,"channelID: 381",Edge_9,MEL_Edge_9.1,64.69200000000001
1.2195121951219512,"channelID: 381",Edge_9,MEL_Edge_9.1,64.74800000000002
1.1904761904761905,"channelID: 381",Edge_9,MEL_Edge_9.1,64.802
1.1764705882352942,"channelID: 381",Edge_9,MEL_Edge_9.1,64.836
1.1627906976744187,"channelID: 381",Edge_9,MEL_Edge_9.1,64.86000000000003
1.1363636363636365,"channelID: 381",Edge_9,MEL_Edge_9.1,64.878
1.1904761904761905,"channelID: 381",Edge_9,MEL_Edge_9.1,68.00725999999999
1.25,"channelID: 381",Edge_9,MEL_Edge_9.1,79.67422
1.3157894736842106,"channelID: 381",Edge_9,MEL_Edge_9.1,85.47502000000003
1.36986301369863,"channelID: 381",Edge_9,MEL_Edge_9.1,101.51125000000002
1.4285714285714286,"channelID: 381",Edge_9,MEL_Edge_9.1,106.57258000000002
1.5151515151515151,"channelID: 381",Edge_9,MEL_Edge_9.1,108.75040000000001
1.5873015873015872,"channelID: 381",Edge_9,MEL_Edge_9.1,109.69843000000002
1.639344262295082,"channelID: 381",Edge_9,MEL_Edge_9.1,112.57122000000001
1.7241379310344827,"channelID: 381",Edge_9,MEL_Edge_9.1,112.70678000000001
1.8181818181818181,"channelID: 381",Edge_9,MEL_Edge_9.1,113.16307
1.9230769230769231,"channelID: 381",Edge_9,MEL_Edge_9.1,114.10309000000001
1.9607843137254901,"channelID: 381",Edge_9,MEL_Edge_9.1,114.61732
2.0408163265306123,"channelID: 381",Edge_9,MEL_Edge_9.1,114.77722
2.127659574468085,"channelID: 381",Edge_9,MEL_Edge_9.1,114.8325
2.2222222222222223,"channelID: 381",Edge_9,MEL_Edge_9.1,114.85083999999999
2.272727272727273,"channelID: 381",Edge_9,MEL_Edge_9.1,115.08108999999999
2.4390243902439024,"channelID: 381",Edge_9,MEL_Edge_9.1,115.18909999999998
2.5,"channelID: 381",Edge_9,MEL_Edge_9.1,115.23445999999998
2.5641025641025643,"channelID: 381",Edge_9,MEL_Edge_9.1,115.27446999999998
2.7027027027027026,"channelID: 381",Edge_9,MEL_Edge_9.1,115.30629999999998
2.7777777777777777,"channelID: 381",Edge_9,MEL_Edge_9.1,115.31791999999997
2.857142857142857,"channelID: 381",Edge_9,MEL_Edge_9.1,115.32484999999997
3.0303030303030303,"channelID: 381",Edge_9,MEL_Edge_9.1,115.54944999999996
3.225806451612903,"channelID: 381",Edge_9,MEL_Edge_9.1,115.58665999999997
3.3333333333333335,"channelID: 381",Edge_9,MEL_Edge_9.1,115.78245999999997
3.4482758620689653,"channelID: 381",Edge_9,MEL_Edge_9.1,115.84865999999997
3.8461538461538463,"channelID: 381",Edge_9,MEL_Edge_9.1,115.87815999999997
4.3478260869565215,"channelID: 381",Edge_9,MEL_Edge_9.1,115.95028999999997
4.545454545454546,"channelID: 381",Edge_9,MEL_Edge_9.1,115.98141999999997
5.2631578947368425,"channelID: 381",Edge_9,MEL_Edge_9.1,116.01273999999997
5.555555555555555,"channelID: 381",Edge_9,MEL_Edge_9.1,116.03532999999996
1.36986301369863,"channelID: 383",Edge_9,MEL_Edge_9.1,64.58800000000001
1.3157894736842106,"channelID: 383",Edge_9,MEL_Edge_9.1,64.604
1.2987012987012987,"channelID: 383",Edge_9,MEL_Edge_9.1,64.61800000000001
1.2820512820512822,"channelID: 383",Edge_9,MEL_Edge_9.1,64.64200000000001
1.25,"channelID: 383",Edge_9,MEL_Edge_9.1,64.66000000000001
1.2345679012345678,"channelID: 383",Edge_9,MEL_Edge_9.1,64.69200000000001
1.2195121951219512,"channelID: 383",Edge_9,MEL_Edge_9.1,64.74800000000002
1.1904761904761905,"channelID: 383",Edge_9,MEL_Edge_9.1,64.802
1.1764705882352942,"channelID: 383",Edge_9,MEL_Edge_9.1,64.836
1.1627906976744187,"channelID: 383",Edge_9,MEL_Edge_9.1,64.86000000000003
1.1363636363636365,"channelID: 383",Edge_9,MEL_Edge_9.1,64.878
1.1904761904761905,"channelID: 383",Edge_9,MEL_Edge_9.1,68.00725999999999
1.25,"channelID: 383",Edge_9,MEL_Edge_9.1,79.67422
1.3157894736842106,"channelID: 383",Edge_9,MEL_Edge_9.1,85.47502000000003
1.36986301369863,"channelID: 383",Edge_9,MEL_Edge_9.1,101.51125000000002
1.4285714285714286,"channelID: 383",Edge_9,MEL_Edge_9.1,106.57258000000002
1.5151515151515151,"channelID: 383",Edge_9,MEL_Edge_9.1,108.75040000000001
1.5873015873015872,"channelID: 383",Edge_9,MEL_Edge_9.1,109.69843000000002
1.639344262295082,"channelID: 383",Edge_9,MEL_Edge_9.1,112.57122000000001
1.7241379310344827,"channelID: 383",Edge_9,MEL_Edge_9.1,112.70678000000001
1.8181818181818181,"channelID: 383",Edge_9,MEL_Edge_9.1,113.16307
1.9230769230769231,"channelID: 383",Edge_9,MEL_Edge_9.1,114.10309000000001
1.9607843137254901,"channelID: 383",Edge_9,MEL_Edge_9.1,114.61732
2.0408163265306123,"channelID: 383",Edge_9,MEL_Edge_9.1,114.77722
2.127659574468085,"channelID: 383",Edge_9,MEL_Edge_9.1,114.8325
2.2222222222222223,"channelID: 383",Edge_9,MEL_Edge_9.1,114.85083999999999
2.272727272727273,"channelID: 383",Edge_9,MEL_Edge_9.1,115.08108999999999
2.4390243902439024,"channelID: 383",Edge_9,MEL_Edge_9.1,115.18909999999998
2.5,"channelID: 383",Edge_9,MEL_Edge_9.1,115.23445999999998
2.5641025641025643,"channelID: 383",Edge_9,MEL_Edge_9.1,115.27446999999998
2.7027027027027026,"channelID: 383",Edge_9,MEL_Edge_9.1,115.30629999999998
2.7777777777777777,"channelID: 383",Edge_9,MEL_Edge_9.1,115.31791999999997
2.857142857142857,"channelID: 383",Edge_9,MEL_Edge_9.1,115.32484999999997
3.0303030303030303,"channelID: 383",Edge_9,MEL_Edge_9.1,115.54944999999996
3.225806451612903,"channelID: 383",Edge_9,MEL_Edge_9.1,115.58665999999997
3.3333333333333335,"channelID: 383",Edge_9,MEL_Edge_9.1,115.78245999999997
3.4482758620689653,"channelID: 383",Edge_9,MEL_Edge_9.1,115.84865999999997
3.8461538461538463,"channelID: 383",Edge_9,MEL_Edge_9.1,115.87815999999997
4.3478260869565215,"channelID: 383",Edge_9,MEL_Edge_9.1,115.95028999999997
4.545454545454546,"channelID: 383",Edge_9,MEL_Edge_9.1,115.98141999999997
5.2631578947368425,"channelID: 383",Edge_9,MEL_Edge_9.1,116.01273999999997
5.555555555555555,"channelID: 383",Edge_9,MEL_Edge_9.1,116.03532999999996
5.882352941176471,"channelID: 383",Edge_9,MEL_Edge_9.1,116.04715999999996
1.36986301369863,"channelID: 382",Edge_9,MEL_Edge_9.1,64.58800000000001
1.3157894736842106,"channelID: 382",Edge_9,MEL_Edge_9.1,64.604
1.2987012987012987,"channelID: 382",Edge_9,MEL_Edge_9.1,64.61800000000001
1.2820512820512822,"channelID: 382",Edge_9,MEL_Edge_9.1,64.64200000000001
1.25,"channelID: 382",Edge_9,MEL_Edge_9.1,64.66000000000001
1.2345679012345678,"channelID: 382",Edge_9,MEL_Edge_9.1,64.69200000000001
1.2195121951219512,"channelID: 382",Edge_9,MEL_Edge_9.1,64.74800000000002
1.1904761904761905,"channelID: 382",Edge_9,MEL_Edge_9.1,64.802
1.1764705882352942,"channelID: 382",Edge_9,MEL_Edge_9.1,64.836
1.1627906976744187,"channelID: 382",Edge_9,MEL_Edge_9.1,64.86000000000003
1.1363636363636365,"channelID: 382",Edge_9,MEL_Edge_9.1,64.878
1.1904761904761905,"channelID: 382",Edge_9,MEL_Edge_9.1,68.00725999999999
1.25,"channelID: 382",Edge_9,MEL_Edge_9.1,79.67422
1.3157894736842106,"channelID: 382",Edge_9,MEL_Edge_9.1,85.47502000000003
1.36986301369863,"channelID: 382",Edge_9,MEL_Edge_9.1,101.51125000000002
1.4285714285714286,"channelID: 382",Edge_9,MEL_Edge_9.1,106.57258000000002
1.5151515151515151,"channelID: 382",Edge_9,MEL_Edge_9.1,108.75040000000001
1.5873015873015872,"channelID: 382",Edge_9,MEL_Edge_9.1,109.69843000000002
1.639344262295082,"channelID: 382",Edge_9,MEL_Edge_9.1,112.57122000000001
1.7241379310344827,"channelID: 382",Edge_9,MEL_Edge_9.1,112.70678000000001
1.8181818181818181,"channelID: 382",Edge_9,MEL_Edge_9.1,113.16307
1.9230769230769231,"channelID: 382",Edge_9,MEL_Edge_9.1,114.10309000000001
1.9607843137254901,"channelID: 382",Edge_9,MEL_Edge_9.1,114.61732
2.0408163265306123,"channelID: 382",Edge_9,MEL_Edge_9.1,114.77722
2.127659574468085,"channelID: 382",Edge_9,MEL_Edge_9.1,114.8325
2.2222222222222223,"channelID: 382",Edge_9,MEL_Edge_9.1,114.85083999999999
2.272727272727273,"channelID: 382",Edge_9,MEL_Edge_9.1,115.08108999999999
2.4390243902439024,"channelID: 382",Edge_9,MEL_Edge_9.1,115.18909999999998
2.5,"channelID: 382",Edge_9,MEL_Edge_9.1,115.23445999999998
2.5641025641025643,"channelID: 382",Edge_9,MEL_Edge_9.1,115.27446999999998
2.7027027027027026,"channelID: 382",Edge_9,MEL_Edge_9.1,115.30629999999998
2.7777777777777777,"channelID: 382",Edge_9,MEL_Edge_9.1,115.31791999999997
2.857142857142857,"channelID: 382",Edge_9,MEL_Edge_9.1,115.32484999999997
3.0303030303030303,"channelID: 382",Edge_9,MEL_Edge_9.1,115.54944999999996
3.225806451612903,"channelID: 382",Edge_9,MEL_Edge_9.1,115.58665999999997
3.3333333333333335,"channelID: 382",Edge_9,MEL_Edge_9.1,115.78245999999997
3.4482758620689653,"channelID: 382",Edge_9,MEL_Edge_9.1,115.84865999999997
3.8461538461538463,"channelID: 382",Edge_9,MEL_Edge_9.1,115.87815999999997
4.3478260869565215,"channelID: 382",Edge_9,MEL_Edge_9.1,115.95028999999997
4.545454545454546,"channelID: 382",Edge_9,MEL_Edge_9.1,115.98141999999997
5.2631578947368425,"channelID: 382",Edge_9,MEL_Edge_9.1,116.01273999999997
5.555555555555555,"channelID: 382",Edge_9,MEL_Edge_9.1,116.03532999999996
5.882352941176471,"channelID: 382",Edge_9,MEL_Edge_9.1,116.04715999999996
6.25,"channelID: 382",Edge_9,MEL_Edge_9.1,116.06103999999996
1.3157894736842106,"channelID: 385",Edge_9,MEL_Edge_9.2,64.604
1.2987012987012987,"channelID: 385",Edge_9,MEL_Edge_9.2,64.61800000000001
1.2820512820512822,"channelID: 385",Edge_9,MEL_Edge_9.2,64.64200000000001
1.25,"channelID: 385",Edge_9,MEL_Edge_9.2,64.66000000000001
1.2345679012345678,"channelID: 385",Edge_9,MEL_Edge_9.2,64.69200000000001
1.2195121951219512,"channelID: 385",Edge_9,MEL_Edge_9.2,64.74800000000002
1.1904761904761905,"channelID: 385",Edge_9,MEL_Edge_9.2,64.802
1.1764705882352942,"channelID: 385",Edge_9,MEL_Edge_9.2,64.836
1.1627906976744187,"channelID: 385",Edge_9,MEL_Edge_9.2,64.86000000000003
1.1363636363636365,"channelID: 385",Edge_9,MEL_Edge_9.2,64.878
1.1904761904761905,"channelID: 385",Edge_9,MEL_Edge_9.2,68.00725999999999
1.25,"channelID: 385",Edge_9,MEL_Edge_9.2,79.67422
1.3157894736842106,"channelID: 385",Edge_9,MEL_Edge_9.2,85.47502000000003
1.36986301369863,"channelID: 385",Edge_9,MEL_Edge_9.2,101.51125000000002
1.4285714285714286,"channelID: 385",Edge_9,MEL_Edge_9.2,106.57258000000002
1.5151515151515151,"channelID: 385",Edge_9,MEL_Edge_9.2,108.75040000000001
1.5873015873015872,"channelID: 385",Edge_9,MEL_Edge_9.2,109.69843000000002
1.639344262295082,"channelID: 385",Edge_9,MEL_Edge_9.2,112.57122000000001
1.7241379310344827,"channelID: 385",Edge_9,MEL_Edge_9.2,112.70678000000001
1.8181818181818181,"channelID: 385",Edge_9,MEL_Edge_9.2,113.16307
1.9230769230769231,"channelID: 385",Edge_9,MEL_Edge_9.2,114.10309000000001
1.9607843137254901,"channelID: 385",Edge_9,MEL_Edge_9.2,114.61732
2.0408163265306123,"channelID: 385",Edge_9,MEL_Edge_9.2,114.77722
2.127659574468085,"channelID: 385",Edge_9,MEL_Edge_9.2,114.8325
2.2222222222222223,"channelID: 385",Edge_9,MEL_Edge_9.2,114.85083999999999
2.272727272727273,"channelID: 385",Edge_9,MEL_Edge_9.2,115.08108999999999
2.4390243902439024,"channelID: 385",Edge_9,MEL_Edge_9.2,115.18909999999998
2.5,"channelID: 385",Edge_9,MEL_Edge_9.2,115.23445999999998
2.5641025641025643,"channelID: 385",Edge_9,MEL_Edge_9.2,115.27446999999998
2.7027027027027026,"channelID: 385",Edge_9,MEL_Edge_9.2,115.30629999999998
2.7777777777777777,"channelID: 385",Edge_9,MEL_Edge_9.2,115.31791999999997
2.857142857142857,"channelID: 385",Edge_9,MEL_Edge_9.2,115.32484999999997
3.0303030303030303,"channelID: 385",Edge_9,MEL_Edge_9.2,115.54944999999996
3.225806451612903,"channelID: 385",Edge_9,MEL_Edge_9.2,115.58665999999997
3.3333333333333335,"channelID: 385",Edge_9,MEL_Edge_9.2,115.78245999999997
3.4482758620689653,"channelID: 385",Edge_9,MEL_Edge_9.2,115.84865999999997
3.8461538461538463,"channelID: 385",Edge_9,MEL_Edge_9.2,115.87815999999997
4.3478260869565215,"channelID: 385",Edge_9,MEL_Edge_9.2,115.95028999999997
4.545454545454546,"channelID: 385",Edge_9,MEL_Edge_9.2,115.98141999999997
5.2631578947368425,"channelID: 385",Edge_9,MEL_Edge_9.2,116.01273999999997
5.555555555555555,"channelID: 385",Edge_9,MEL_Edge_9.2,116.03532999999996
5.882352941176471,"channelID: 385",Edge_9,MEL_Edge_9.2,116.04715999999996
6.666666666666667,"channelID: 385",Edge_9,MEL_Edge_9.2,116.06103999999996
1.3157894736842106,"channelID: 386",Edge_9,MEL_Edge_9.2,64.604
1.2987012987012987,"channelID: 386",Edge_9,MEL_Edge_9.2,64.61800000000001
1.2820512820512822,"channelID: 386",Edge_9,MEL_Edge_9.2,64.64200000000001
1.25,"channelID: 386",Edge_9,MEL_Edge_9.2,64.66000000000001
1.2345679012345678,"channelID: 386",Edge_9,MEL_Edge_9.2,64.69200000000001
1.2195121951219512,"channelID: 386",Edge_9,MEL_Edge_9.2,64.74800000000002
1.1904761904761905,"channelID: 386",Edge_9,MEL_Edge_9.2,64.802
1.1764705882352942,"channelID: 386",Edge_9,MEL_Edge_9.2,64.836
1.1627906976744187,"channelID: 386",Edge_9,MEL_Edge_9.2,64.86000000000003
1.1363636363636365,"channelID: 386",Edge_9,MEL_Edge_9.2,64.878
1.1904761904761905,"channelID: 386",Edge_9,MEL_Edge_9.2,68.00725999999999
1.25,"channelID: 386",Edge_9,MEL_Edge_9.2,79.67422
1.3157894736842106,"channelID: 386",Edge_9,MEL_Edge_9.2,85.47502000000003
1.36986301369863,"channelID: 386",Edge_9,MEL_Edge_9.2,101.51125000000002
1.4285714285714286,"channelID: 386",Edge_9,MEL_Edge_9.2,106.57258000000002
1.5151515151515151,"channelID: 386",Edge_9,MEL_Edge_9.2,108.75040000000001
1.5873015873015872,"channelID: 386",Edge_9,MEL_Edge_9.2,109.69843000000002
1.639344262295082,"channelID: 386",Edge_9,MEL_Edge_9.2,112.57122000000001
1.7241379310344827,"channelID: 386",Edge_9,MEL_Edge_9.2,112.70678000000001
1.8181818181818181,"channelID: 386",Edge_9,MEL_Edge_9.2,113.16307
1.9230769230769231,"channelID: 386",Edge_9,MEL_Edge_9.2,114.10309000000001
1.9607843137254901,"channelID: 386",Edge_9,MEL_Edge_9.2,114.61732
2.0408163265306123,"channelID: 386",Edge_9,MEL_Edge_9.2,114.77722
2.127659574468085,"channelID: 386",Edge_9,MEL_Edge_9.2,114.8325
2.2222222222222223,"channelID: 386",Edge_9,MEL_Edge_9.2,114.85083999999999
2.272727272727273,"channelID: 386",Edge_9,MEL_Edge_9.2,115.08108999999999
2.4390243902439024,"channelID: 386",Edge_9,MEL_Edge_9.2,115.18909999999998
2.5,"channelID: 386",Edge_9,MEL_Edge_9.2,115.23445999999998
2.5641025641025643,"channelID: 386",Edge_9,MEL_Edge_9.2,115.27446999999998
2.7027027027027026,"channelID: 386",Edge_9,MEL_Edge_9.2,115.30629999999998
2.7777777777777777,"channelID: 386",Edge_9,MEL_Edge_9.2,115.31791999999997
2.857142857142857,"channelID: 386",Edge_9,MEL_Edge_9.2,115.32484999999997
3.0303030303030303,"channelID: 386",Edge_9,MEL_Edge_9.2,115.54944999999996
3.225806451612903,"channelID: 386",Edge_9,MEL_Edge_9.2,115.58665999999997
3.3333333333333335,"channelID: 386",Edge_9,MEL_Edge_9.2,115.78245999999997
3.4482758620689653,"channelID: 386",Edge_9,MEL_Edge_9.2,115.84865999999997
3.8461538461538463,"channelID: 386",Edge_9,MEL_Edge_9.2,115.87815999999997
4.3478260869565215,"channelID: 386",Edge_9,MEL_Edge_9.2,115.95028999999997
4.545454545454546,"channelID: 386",Edge_9,MEL_Edge_9.2,115.98141999999997
5.2631578947368425,"channelID: 386",Edge_9,MEL_Edge_9.2,116.01273999999997
5.555555555555555,"channelID: 386",Edge_9,MEL_Edge_9.2,116.03532999999996
5.882352941176471,"channelID: 386",Edge_9,MEL_Edge_9.2,116.04715999999996
6.666666666666667,"channelID: 386",Edge_9,MEL_Edge_9.2,116.06103999999996
7.142857142857143,"channelID: 386",Edge_9,MEL_Edge_9.2,116.06431999999997
1.3157894736842106,"channelID: 384",Edge_9,MEL_Edge_9.2,64.604
1.2987012987012987,"channelID: 384",Edge_9,MEL_Edge_9.2,64.61800000000001
1.2820512820512822,"channelID: 384",Edge_9,MEL_Edge_9.2,64.64200000000001
1.25,"channelID: 384",Edge_9,MEL_Edge_9.2,64.66000000000001
1.2345679012345678,"channelID: 384",Edge_9,MEL_Edge_9.2,64.69200000000001
1.2195121951219512,"channelID: 384",Edge_9,MEL_Edge_9.2,64.74800000000002
1.1904761904761905,"channelID: 384",Edge_9,MEL_Edge_9.2,64.802
1.1764705882352942,"channelID: 384",Edge_9,MEL_Edge_9.2,64.836
1.1627906976744187,"channelID: 384",Edge_9,MEL_Edge_9.2,64.86000000000003
1.1363636363636365,"channelID: 384",Edge_9,MEL_Edge_9.2,64.878
1.1904761904761905,"channelID: 384",Edge_9,MEL_Edge_9.2,68.00725999999999
1.25,"channelID: 384",Edge_9,MEL_Edge_9.2,79.67422
1.3157894736842106,"channelID: 384",Edge_9,MEL_Edge_9.2,85.47502000000003
1.36986301369863,"channelID: 384",Edge_9,MEL_Edge_9.2,101.51125000000002
1.4285714285714286,"channelID: 384",Edge_9,MEL_Edge_9.2,106.57258000000002
1.5151515151515151,"channelID: 384",Edge_9,MEL_Edge_9.2,108.75040000000001
1.5873015873015872,"channelID: 384",Edge_9,MEL_Edge_9.2,109.69843000000002
1.639344262295082,"channelID: 384",Edge_9,MEL_Edge_9.2,112.57122000000001
1.7241379310344827,"channelID: 384",Edge_9,MEL_Edge_9.2,112.70678000000001
1.8181818181818181,"channelID: 384",Edge_9,MEL_Edge_9.2,113.16307
1.9230769230769231,"channelID: 384",Edge_9,MEL_Edge_9.2,114.10309000000001
1.9607843137254901,"channelID: 384",Edge_9,MEL_Edge_9.2,114.61732
2.0408163265306123,"channelID: 384",Edge_9,MEL_Edge_9.2,114.77722
2.127659574468085,"channelID: 384",Edge_9,MEL_Edge_9.2,114.8325
2.2222222222222223,"channelID: 384",Edge_9,MEL_Edge_9.2,114.85083999999999
2.272727272727273,"channelID: 384",Edge_9,MEL_Edge_9.2,115.08108999999999
2.4390243902439024,"channelID: 384",Edge_9,MEL_Edge_9.2,115.18909999999998
2.5,"channelID: 384",Edge_9,MEL_Edge_9.2,115.23445999999998
2.5641025641025643,"channelID: 384",Edge_9,MEL_Edge_9.2,115.27446999999998
2.7027027027027026,"channelID: 384",Edge_9,MEL_Edge_9.2,115.30629999999998
2.7777777777777777,"channelID: 384",Edge_9,MEL_Edge_9.2,115.31791999999997
2.857142857142857,"channelID: 384",Edge_9,MEL_Edge_9.2,115.32484999999997
3.0303030303030303,"channelID: 384",Edge_9,MEL_Edge_9.2,115.54944999999996
3.225806451612903,"channelID: 384",Edge_9,MEL_Edge_9.2,115.58665999999997
3.3333333333333335,"channelID: 384",Edge_9,MEL_Edge_9.2,115.78245999999997
3.4482758620689653,"channelID: 384",Edge_9,MEL_Edge_9.2,115.84865999999997
3.8461538461538463,"channelID: 384",Edge_9,MEL_Edge_9.2,115.87815999999997
4.3478260869565215,"channelID: 384",Edge_9,MEL_Edge_9.2,115.95028999999997
4.545454545454546,"channelID: 384",Edge_9,MEL_Edge_9.2,115.98141999999997
5.2631578947368425,"channelID: 384",Edge_9,MEL_Edge_9.2,116.01273999999997
5.555555555555555,"channelID: 384",Edge_9,MEL_Edge_9.2,116.03532999999996
5.882352941176471,"channelID: 384",Edge_9,MEL_Edge_9.2,116.04715999999996
6.666666666666667,"channelID: 384",Edge_9,MEL_Edge_9.2,116.06103999999996
7.6923076923076925,"channelID: 384",Edge_9,MEL_Edge_9.2,116.06431999999997
1.2987012987012987,"channelID: 387",Edge_9,MEL_Edge_9.1,64.61800000000001
1.2820512820512822,"channelID: 387",Edge_9,MEL_Edge_9.1,64.64200000000001
1.25,"channelID: 387",Edge_9,MEL_Edge_9.1,64.66000000000001
1.2345679012345678,"channelID: 387",Edge_9,MEL_Edge_9.1,64.69200000000001
1.2195121951219512,"channelID: 387",Edge_9,MEL_Edge_9.1,64.74800000000002
1.1904761904761905,"channelID: 387",Edge_9,MEL_Edge_9.1,64.802
1.1764705882352942,"channelID: 387",Edge_9,MEL_Edge_9.1,64.836
1.1627906976744187,"channelID: 387",Edge_9,MEL_Edge_9.1,64.86000000000003
1.1363636363636365,"channelID: 387",Edge_9,MEL_Edge_9.1,64.878
1.1904761904761905,"channelID: 387",Edge_9,MEL_Edge_9.1,68.00725999999999
1.25,"channelID: 387",Edge_9,MEL_Edge_9.1,79.67422
1.3157894736842106,"channelID: 387",Edge_9,MEL_Edge_9.1,85.47502000000003
1.36986301369863,"channelID: 387",Edge_9,MEL_Edge_9.1,101.51125000000002
1.4285714285714286,"channelID: 387",Edge_9,MEL_Edge_9.1,106.57258000000002
1.5151515151515151,"channelID: 387",Edge_9,MEL_Edge_9.1,108.75040000000001
1.5873015873015872,"channelID: 387",Edge_9,MEL_Edge_9.1,109.69843000000002
1.639344262295082,"channelID: 387",Edge_9,MEL_Edge_9.1,112.57122000000001
1.7241379310344827,"channelID: 387",Edge_9,MEL_Edge_9.1,112.70678000000001
1.8181818181818181,"channelID: 387",Edge_9,MEL_Edge_9.1,113.16307
1.9230769230769231,"channelID: 387",Edge_9,MEL_Edge_9.1,114.10309000000001
1.9607843137254901,"channelID: 387",Edge_9,MEL_Edge_9.1,114.61732
2.0408163265306123,"channelID: 387",Edge_9,MEL_Edge_9.1,114.77722
2.127659574468085,"channelID: 387",Edge_9,MEL_Edge_9.1,114.8325
2.2222222222222223,"channelID: 387",Edge_9,MEL_Edge_9.1,114.85083999999999
2.272727272727273,"channelID: 387",Edge_9,MEL_Edge_9.1,115.08108999999999
2.4390243902439024,"channelID: 387",Edge_9,MEL_Edge_9.1,115.18909999999998
2.5,"channelID: 387",Edge_9,MEL_Edge_9.1,115.23445999999998
2.5641025641025643,"channelID: 387",Edge_9,MEL_Edge_9.1,115.27446999999998
2.7027027027027026,"channelID: 387",Edge_9,MEL_Edge_9.1,115.30629999999998
2.7777777777777777,"channelID: 387",Edge_9,MEL_Edge_9.1,115.31791999999997
2.857142857142857,"channelID: 387",Edge_9,MEL_Edge_9.1,115.32484999999997
3.0303030303030303,"channelID: 387",Edge_9,MEL_Edge_9.1,115.54944999999996
3.225806451612903,"channelID: 387",Edge_9,MEL_Edge_9.1,115.58665999999997
3.3333333333333335,"channelID: 387",Edge_9,MEL_Edge_9.1,115.78245999999997
3.4482758620689653,"channelID: 387",Edge_9,MEL_Edge_9.1,115.84865999999997
3.8461538461538463,"channelID: 387",Edge_9,MEL_Edge_9.1,115.87815999999997
4.3478260869565215,"channelID: 387",Edge_9,MEL_Edge_9.1,115.95028999999997
4.545454545454546,"channelID: 387",Edge_9,MEL_Edge_9.1,115.98141999999997
5.2631578947368425,"channelID: 387",Edge_9,MEL_Edge_9.1,116.01273999999997
5.555555555555555,"channelID: 387",Edge_9,MEL_Edge_9.1,116.03532999999996
5.882352941176471,"channelID: 387",Edge_9,MEL_Edge_9.1,116.04715999999996
6.666666666666667,"channelID: 387",Edge_9,MEL_Edge_9.1,116.06103999999996
8.333333333333334,"channelID: 387",Edge_9,MEL_Edge_9.1,116.06431999999997
1.2820512820512822,"channelID: 388",Edge_9,MEL_Edge_9.1,64.64200000000001
1.25,"channelID: 388",Edge_9,MEL_Edge_9.1,64.66000000000001
1.2345679012345678,"channelID: 388",Edge_9,MEL_Edge_9.1,64.69200000000001
1.2195121951219512,"channelID: 388",Edge_9,MEL_Edge_9.1,64.74800000000002
1.1904761904761905,"channelID: 388",Edge_9,MEL_Edge_9.1,64.802
1.1764705882352942,"channelID: 388",Edge_9,MEL_Edge_9.1,64.836
1.1627906976744187,"channelID: 388",Edge_9,MEL_Edge_9.1,64.86000000000003
1.1363636363636365,"channelID: 388",Edge_9,MEL_Edge_9.1,64.878
1.1904761904761905,"channelID: 388",Edge_9,MEL_Edge_9.1,68.00725999999999
1.25,"channelID: 388",Edge_9,MEL_Edge_9.1,79.67422
1.3157894736842106,"channelID: 388",Edge_9,MEL_Edge_9.1,85.47502000000003
1.36986301369863,"channelID: 388",Edge_9,MEL_Edge_9.1,101.51125000000002
1.4285714285714286,"channelID: 388",Edge_9,MEL_Edge_9.1,106.57258000000002
1.5151515151515151,"channelID: 388",Edge_9,MEL_Edge_9.1,108.75040000000001
1.5873015873015872,"channelID: 388",Edge_9,MEL_Edge_9.1,109.69843000000002
1.639344262295082,"channelID: 388",Edge_9,MEL_Edge_9.1,112.57122000000001
1.7241379310344827,"channelID: 388",Edge_9,MEL_Edge_9.1,112.70678000000001
1.8181818181818181,"channelID: 388",Edge_9,MEL_Edge_9.1,113.16307
1.9230769230769231,"channelID: 388",Edge_9,MEL_Edge_9.1,114.10309000000001
1.9607843137254901,"channelID: 388",Edge_9,MEL_Edge_9.1,114.61732
2.0408163265306123,"channelID: 388",Edge_9,MEL_Edge_9.1,114.77722
2.127659574468085,"channelID: 388",Edge_9,MEL_Edge_9.1,114.8325
2.2222222222222223,"channelID: 388",Edge_9,MEL_Edge_9.1,114.85083999999999
2.272727272727273,"channelID: 388",Edge_9,MEL_Edge_9.1,115.08108999999999
2.4390243902439024,"channelID: 388",Edge_9,MEL_Edge_9.1,115.18909999999998
2.5,"channelID: 388",Edge_9,MEL_Edge_9.1,115.23445999999998
2.5641025641025643,"channelID: 388",Edge_9,MEL_Edge_9.1,115.27446999999998
2.7027027027027026,"channelID: 388",Edge_9,MEL_Edge_9.1,115.30629999999998
2.7777777777777777,"channelID: 388",Edge_9,MEL_Edge_9.1,115.31791999999997
2.857142857142857,"channelID: 388",Edge_9,MEL_Edge_9.1,115.32484999999997
3.0303030303030303,"channelID: 388",Edge_9,MEL_Edge_9.1,115.54944999999996
3.225806451612903,"channelID: 388",Edge_9,MEL_Edge_9.1,115.58665999999997
3.3333333333333335,"channelID: 388",Edge_9,MEL_Edge_9.1,115.78245999999997
3.4482758620689653,"channelID: 388",Edge_9,MEL_Edge_9.1,115.84865999999997
3.8461538461538463,"channelID: 388",Edge_9,MEL_Edge_9.1,115.87815999999997
4.3478260869565215,"channelID: 388",Edge_9,MEL_Edge_9.1,115.95028999999997
4.545454545454546,"channelID: 388",Edge_9,MEL_Edge_9.1,115.98141999999997
5.2631578947368425,"channelID: 388",Edge_9,MEL_Edge_9.1,116.01273999999997
5.555555555555555,"channelID: 388",Edge_9,MEL_Edge_9.1,116.03532999999996
5.882352941176471,"channelID: 388",Edge_9,MEL_Edge_9.1,116.04715999999996
6.666666666666667,"channelID: 388",Edge_9,MEL_Edge_9.1,116.06103999999996
8.333333333333334,"channelID: 388",Edge_9,MEL_Edge_9.1,116.06431999999997
9.090909090909092,"channelID: 388",Edge_9,MEL_Edge_9.1,116.06651999999997
1.25,"channelID: 389",Edge_9,MEL_Edge_9.1,64.66000000000001
1.2345679012345678,"channelID: 389",Edge_9,MEL_Edge_9.1,64.69200000000001
1.2195121951219512,"channelID: 389",Edge_9,MEL_Edge_9.1,64.74800000000002
1.1904761904761905,"channelID: 389",Edge_9,MEL_Edge_9.1,64.802
1.1764705882352942,"channelID: 389",Edge_9,MEL_Edge_9.1,64.836
1.1627906976744187,"channelID: 389",Edge_9,MEL_Edge_9.1,64.86000000000003
1.1363636363636365,"channelID: 389",Edge_9,MEL_Edge_9.1,64.878
1.1904761904761905,"channelID: 389",Edge_9,MEL_Edge_9.1,68.00725999999999
1.25,"channelID: 389",Edge_9,MEL_Edge_9.1,79.67422
1.3157894736842106,"channelID: 389",Edge_9,MEL_Edge_9.1,85.47502000000003
1.36986301369863,"channelID: 389",Edge_9,MEL_Edge_9.1,101.51125000000002
1.4285714285714286,"channelID: 389",Edge_9,MEL_Edge_9.1,106.57258000000002
1.5151515151515151,"channelID: 389",Edge_9,MEL_Edge_9.1,108.75040000000001
1.5873015873015872,"channelID: 389",Edge_9,MEL_Edge_9.1,109.69843000000002
1.639344262295082,"channelID: 389",Edge_9,MEL_Edge_9.1,112.57122000000001
1.7241379310344827,"channelID: 389",Edge_9,MEL_Edge_9.1,112.70678000000001
1.8181818181818181,"channelID: 389",Edge_9,MEL_Edge_9.1,113.16307
1.9230769230769231,"channelID: 389",Edge_9,MEL_Edge_9.1,114.10309000000001
1.9607843137254901,"channelID: 389",Edge_9,MEL_Edge_9.1,114.61732
2.0408163265306123,"channelID: 389",Edge_9,MEL_Edge_9.1,114.77722
2.127659574468085,"channelID: 389",Edge_9,MEL_Edge_9.1,114.8325
2.2222222222222223,"channelID: 389",Edge_9,MEL_Edge_9.1,114.85083999999999
2.272727272727273,"channelID: 389",Edge_9,MEL_Edge_9.1,115.08108999999999
2.4390243902439024,"channelID: 389",Edge_9,MEL_Edge_9.1,115.18909999999998
2.5,"channelID: 389",Edge_9,MEL_Edge_9.1,115.23445999999998
2.5641025641025643,"channelID: 389",Edge_9,MEL_Edge_9.1,115.27446999999998
2.7027027027027026,"channelID: 389",Edge_9,MEL_Edge_9.1,115.30629999999998
2.7777777777777777,"channelID: 389",Edge_9,MEL_Edge_9.1,115.31791999999997
2.857142857142857,"channelID: 389",Edge_9,MEL_Edge_9.1,115.32484999999997
3.0303030303030303,"channelID: 389",Edge_9,MEL_Edge_9.1,115.54944999999996
3.225806451612903,"channelID: 389",Edge_9,MEL_Edge_9.1,115.58665999999997
3.3333333333333335,"channelID: 389",Edge_9,MEL_Edge_9.1,115.78245999999997
3.4482758620689653,"channelID: 389",Edge_9,MEL_Edge_9.1,115.84865999999997
3.8461538461538463,"channelID: 389",Edge_9,MEL_Edge_9.1,115.87815999999997
4.3478260869565215,"channelID: 389",Edge_9,MEL_Edge_9.1,115.95028999999997
4.545454545454546,"channelID: 389",Edge_9,MEL_Edge_9.1,115.98141999999997
5.2631578947368425,"channelID: 389",Edge_9,MEL_Edge_9.1,116.01273999999997
5.555555555555555,"channelID: 389",Edge_9,MEL_Edge_9.1,116.03532999999996
5.882352941176471,"channelID: 389",Edge_9,MEL_Edge_9.1,116.04715999999996
6.666666666666667,"channelID: 389",Edge_9,MEL_Edge_9.1,116.06103999999996
8.333333333333334,"channelID: 389",Edge_9,MEL_Edge_9.1,116.06431999999997
9.090909090909092,"channelID: 389",Edge_9,MEL_Edge_9.1,116.06651999999997
10.0,"channelID: 389",Edge_9,MEL_Edge_9.1,116.06993999999997
1.25,"channelID: 390",Edge_9,MEL_Edge_9.1,64.66000000000001
1.2345679012345678,"channelID: 390",Edge_9,MEL_Edge_9.1,64.69200000000001
1.2195121951219512,"channelID: 390",Edge_9,MEL_Edge_9.1,64.74800000000002
1.1904761904761905,"channelID: 390",Edge_9,MEL_Edge_9.1,64.802
1.1764705882352942,"channelID: 390",Edge_9,MEL_Edge_9.1,64.836
1.1627906976744187,"channelID: 390",Edge_9,MEL_Edge_9.1,64.86000000000003
1.1363636363636365,"channelID: 390",Edge_9,MEL_Edge_9.1,64.878
1.1904761904761905,"channelID: 390",Edge_9,MEL_Edge_9.1,68.00725999999999
1.25,"channelID: 390",Edge_9,MEL_Edge_9.1,79.67422
1.3157894736842106,"channelID: 390",Edge_9,MEL_Edge_9.1,85.47502000000003
1.36986301369863,"channelID: 390",Edge_9,MEL_Edge_9.1,101.51125000000002
1.4285714285714286,"channelID: 390",Edge_9,MEL_Edge_9.1,106.57258000000002
1.5151515151515151,"channelID: 390",Edge_9,MEL_Edge_9.1,108.75040000000001
1.5873015873015872,"channelID: 390",Edge_9,MEL_Edge_9.1,109.69843000000002
1.639344262295082,"channelID: 390",Edge_9,MEL_Edge_9.1,112.57122000000001
1.7241379310344827,"channelID: 390",Edge_9,MEL_Edge_9.1,112.70678000000001
1.8181818181818181,"channelID: 390",Edge_9,MEL_Edge_9.1,113.16307
1.9230769230769231,"channelID: 390",Edge_9,MEL_Edge_9.1,114.10309000000001
1.9607843137254901,"channelID: 390",Edge_9,MEL_Edge_9.1,114.61732
2.0408163265306123,"channelID: 390",Edge_9,MEL_Edge_9.1,114.77722
2.127659574468085,"channelID: 390",Edge_9,MEL_Edge_9.1,114.8325
2.2222222222222223,"channelID: 390",Edge_9,MEL_Edge_9.1,114.85083999999999
2.272727272727273,"channelID: 390",Edge_9,MEL_Edge_9.1,115.08108999999999
2.4390243902439024,"channelID: 390",Edge_9,MEL_Edge_9.1,115.18909999999998
2.5,"channelID: 390",Edge_9,MEL_Edge_9.1,115.23445999999998
2.5641025641025643,"channelID: 390",Edge_9,MEL_Edge_9.1,115.27446999999998
2.7027027027027026,"channelID: 390",Edge_9,MEL_Edge_9.1,115.30629999999998
2.7777777777777777,"channelID: 390",Edge_9,MEL_Edge_9.1,115.31791999999997
2.857142857142857,"channelID: 390",Edge_9,MEL_Edge_9.1,115.32484999999997
3.0303030303030303,"channelID: 390",Edge_9,MEL_Edge_9.1,115.54944999999996
3.225806451612903,"channelID: 390",Edge_9,MEL_Edge_9.1,115.58665999999997
3.3333333333333335,"channelID: 390",Edge_9,MEL_Edge_9.1,115.78245999999997
3.4482758620689653,"channelID: 390",Edge_9,MEL_Edge_9.1,115.84865999999997
3.8461538461538463,"channelID: 390",Edge_9,MEL_Edge_9.1,115.87815999999997
4.3478260869565215,"channelID: 390",Edge_9,MEL_Edge_9.1,115.95028999999997
4.545454545454546,"channelID: 390",Edge_9,MEL_Edge_9.1,115.98141999999997
5.2631578947368425,"channelID: 390",Edge_9,MEL_Edge_9.1,116.01273999999997
5.555555555555555,"channelID: 390",Edge_9,MEL_Edge_9.1,116.03532999999996
5.882352941176471,"channelID: 390",Edge_9,MEL_Edge_9.1,116.04715999999996
6.666666666666667,"channelID: 390",Edge_9,MEL_Edge_9.1,116.06103999999996
8.333333333333334,"channelID: 390",Edge_9,MEL_Edge_9.1,116.06431999999997
9.090909090909092,"channelID: 390",Edge_9,MEL_Edge_9.1,116.06651999999997
10.0,"channelID: 390",Edge_9,MEL_Edge_9.1,116.06993999999997
11.11111111111111,"channelID: 390",Edge_9,MEL_Edge_9.1,116.07223999999998
1.2345679012345678,"channelID: 391",Edge_9,MEL_Edge_9.2,64.69200000000001
1.2195121951219512,"channelID: 391",Edge_9,MEL_Edge_9.2,64.74800000000002
1.1904761904761905,"channelID: 391",Edge_9,MEL_Edge_9.2,64.802
1.1764705882352942,"channelID: 391",Edge_9,MEL_Edge_9.2,64.836
1.1627906976744187,"channelID: 391",Edge_9,MEL_Edge_9.2,64.86000000000003
1.1363636363636365,"channelID: 391",Edge_9,MEL_Edge_9.2,64.878
1.1904761904761905,"channelID: 391",Edge_9,MEL_Edge_9.2,68.00725999999999
1.25,"channelID: 391",Edge_9,MEL_Edge_9.2,79.67422
1.3157894736842106,"channelID: 391",Edge_9,MEL_Edge_9.2,85.47502000000003
1.36986301369863,"channelID: 391",Edge_9,MEL_Edge_9.2,101.51125000000002
1.4285714285714286,"channelID: 391",Edge_9,MEL_Edge_9.2,106.57258000000002
1.5151515151515151,"channelID: 391",Edge_9,MEL_Edge_9.2,108.75040000000001
1.5873015873015872,"channelID: 391",Edge_9,MEL_Edge_9.2,109.69843000000002
1.639344262295082,"channelID: 391",Edge_9,MEL_Edge_9.2,112.57122000000001
1.7241379310344827,"channelID: 391",Edge_9,MEL_Edge_9.2,112.70678000000001
1.8181818181818181,"channelID: 391",Edge_9,MEL_Edge_9.2,113.16307
1.9230769230769231,"channelID: 391",Edge_9,MEL_Edge_9.2,114.10309000000001
1.9607843137254901,"channelID: 391",Edge_9,MEL_Edge_9.2,114.61732
2.0408163265306123,"channelID: 391",Edge_9,MEL_Edge_9.2,114.77722
2.127659574468085,"channelID: 391",Edge_9,MEL_Edge_9.2,114.8325
2.2222222222222223,"channelID: 391",Edge_9,MEL_Edge_9.2,114.85083999999999
2.272727272727273,"channelID: 391",Edge_9,MEL_Edge_9.2,115.08108999999999
2.4390243902439024,"channelID: 391",Edge_9,MEL_Edge_9.2,115.18909999999998
2.5,"channelID: 391",Edge_9,MEL_Edge_9.2,115.23445999999998
2.5641025641025643,"channelID: 391",Edge_9,MEL_Edge_9.2,115.27446999999998
2.7027027027027026,"channelID: 391",Edge_9,MEL_Edge_9.2,115.30629999999998
2.7777777777777777,"channelID: 391",Edge_9,MEL_Edge_9.2,115.31791999999997
2.857142857142857,"channelID: 391",Edge_9,MEL_Edge_9.2,115.32484999999997
3.0303030303030303,"channelID: 391",Edge_9,MEL_Edge_9.2,115.54944999999996
3.225806451612903,"channelID: 391",Edge_9,MEL_Edge_9.2,115.58665999999997
3.3333333333333335,"channelID: 391",Edge_9,MEL_Edge_9.2,115.78245999999997
3.4482758620689653,"channelID: 391",Edge_9,MEL_Edge_9.2,115.84865999999997
3.8461538461538463,"channelID: 391",Edge_9,MEL_Edge_9.2,115.87815999999997
4.3478260869565215,"channelID: 391",Edge_9,MEL_Edge_9.2,115.95028999999997
4.545454545454546,"channelID: 391",Edge_9,MEL_Edge_9.2,115.98141999999997
5.2631578947368425,"channelID: 391",Edge_9,MEL_Edge_9.2,116.01273999999997
5.555555555555555,"channelID: 391",Edge_9,MEL_Edge_9.2,116.03532999999996
5.882352941176471,"channelID: 391",Edge_9,MEL_Edge_9.2,116.04715999999996
6.666666666666667,"channelID: 391",Edge_9,MEL_Edge_9.2,116.06103999999996
8.333333333333334,"channelID: 391",Edge_9,MEL_Edge_9.2,116.06431999999997
9.090909090909092,"channelID: 391",Edge_9,MEL_Edge_9.2,116.06651999999997
10.0,"channelID: 391",Edge_9,MEL_Edge_9.2,116.06993999999997
12.5,"channelID: 391",Edge_9,MEL_Edge_9.2,116.07223999999998
1.2195121951219512,"channelID: 392",Edge_9,MEL_Edge_9.2,64.74800000000002
1.1904761904761905,"channelID: 392",Edge_9,MEL_Edge_9.2,64.802
1.1764705882352942,"channelID: 392",Edge_9,MEL_Edge_9.2,64.836
1.1627906976744187,"channelID: 392",Edge_9,MEL_Edge_9.2,64.86000000000003
1.1363636363636365,"channelID: 392",Edge_9,MEL_Edge_9.2,64.878
1.1904761904761905,"channelID: 392",Edge_9,MEL_Edge_9.2,68.00725999999999
1.25,"channelID: 392",Edge_9,MEL_Edge_9.2,79.67422
1.3157894736842106,"channelID: 392",Edge_9,MEL_Edge_9.2,85.47502000000003
1.36986301369863,"channelID: 392",Edge_9,MEL_Edge_9.2,101.51125000000002
1.4285714285714286,"channelID: 392",Edge_9,MEL_Edge_9.2,106.57258000000002
1.5151515151515151,"channelID: 392",Edge_9,MEL_Edge_9.2,108.75040000000001
1.5873015873015872,"channelID: 392",Edge_9,MEL_Edge_9.2,109.69843000000002
1.639344262295082,"channelID: 392",Edge_9,MEL_Edge_9.2,112.57122000000001
1.7241379310344827,"channelID: 392",Edge_9,MEL_Edge_9.2,112.70678000000001
1.8181818181818181,"channelID: 392",Edge_9,MEL_Edge_9.2,113.16307
1.9230769230769231,"channelID: 392",Edge_9,MEL_Edge_9.2,114.10309000000001
1.9607843137254901,"channelID: 392",Edge_9,MEL_Edge_9.2,114.61732
2.0408163265306123,"channelID: 392",Edge_9,MEL_Edge_9.2,114.77722
2.127659574468085,"channelID: 392",Edge_9,MEL_Edge_9.2,114.8325
2.2222222222222223,"channelID: 392",Edge_9,MEL_Edge_9.2,114.85083999999999
2.272727272727273,"channelID: 392",Edge_9,MEL_Edge_9.2,115.08108999999999
2.4390243902439024,"channelID: 392",Edge_9,MEL_Edge_9.2,115.18909999999998
2.5,"channelID: 392",Edge_9,MEL_Edge_9.2,115.23445999999998
2.5641025641025643,"channelID: 392",Edge_9,MEL_Edge_9.2,115.27446999999998
2.7027027027027026,"channelID: 392",Edge_9,MEL_Edge_9.2,115.30629999999998
2.7777777777777777,"channelID: 392",Edge_9,MEL_Edge_9.2,115.31791999999997
2.857142857142857,"channelID: 392",Edge_9,MEL_Edge_9.2,115.32484999999997
3.0303030303030303,"channelID: 392",Edge_9,MEL_Edge_9.2,115.54944999999996
3.225806451612903,"channelID: 392",Edge_9,MEL_Edge_9.2,115.58665999999997
3.3333333333333335,"channelID: 392",Edge_9,MEL_Edge_9.2,115.78245999999997
3.4482758620689653,"channelID: 392",Edge_9,MEL_Edge_9.2,115.84865999999997
3.8461538461538463,"channelID: 392",Edge_9,MEL_Edge_9.2,115.87815999999997
4.3478260869565215,"channelID: 392",Edge_9,MEL_Edge_9.2,115.95028999999997
4.545454545454546,"channelID: 392",Edge_9,MEL_Edge_9.2,115.98141999999997
5.2631578947368425,"channelID: 392",Edge_9,MEL_Edge_9.2,116.01273999999997
5.555555555555555,"channelID: 392",Edge_9,MEL_Edge_9.2,116.03532999999996
5.882352941176471,"channelID: 392",Edge_9,MEL_Edge_9.2,116.04715999999996
6.666666666666667,"channelID: 392",Edge_9,MEL_Edge_9.2,116.06103999999996
8.333333333333334,"channelID: 392",Edge_9,MEL_Edge_9.2,116.06431999999997
9.090909090909092,"channelID: 392",Edge_9,MEL_Edge_9.2,116.06651999999997
10.0,"channelID: 392",Edge_9,MEL_Edge_9.2,116.06993999999997
12.5,"channelID: 392",Edge_9,MEL_Edge_9.2,116.07223999999998
14.285714285714286,"channelID: 392",Edge_9,MEL_Edge_9.2,116.07543999999999
1.1904761904761905,"channelID: 393",Edge_9,MEL_Edge_9.2,64.802
1.1764705882352942,"channelID: 393",Edge_9,MEL_Edge_9.2,64.836
1.1627906976744187,"channelID: 393",Edge_9,MEL_Edge_9.2,64.86000000000003
1.1363636363636365,"channelID: 393",Edge_9,MEL_Edge_9.2,64.878
1.1904761904761905,"channelID: 393",Edge_9,MEL_Edge_9.2,68.00725999999999
1.25,"channelID: 393",Edge_9,MEL_Edge_9.2,79.67422
1.3157894736842106,"channelID: 393",Edge_9,MEL_Edge_9.2,85.47502000000003
1.36986301369863,"channelID: 393",Edge_9,MEL_Edge_9.2,101.51125000000002
1.4285714285714286,"channelID: 393",Edge_9,MEL_Edge_9.2,106.57258000000002
1.5151515151515151,"channelID: 393",Edge_9,MEL_Edge_9.2,108.75040000000001
1.5873015873015872,"channelID: 393",Edge_9,MEL_Edge_9.2,109.69843000000002
1.639344262295082,"channelID: 393",Edge_9,MEL_Edge_9.2,112.57122000000001
1.7241379310344827,"channelID: 393",Edge_9,MEL_Edge_9.2,112.70678000000001
1.8181818181818181,"channelID: 393",Edge_9,MEL_Edge_9.2,113.16307
1.9230769230769231,"channelID: 393",Edge_9,MEL_Edge_9.2,114.10309000000001
1.9607843137254901,"channelID: 393",Edge_9,MEL_Edge_9.2,114.61732
2.0408163265306123,"channelID: 393",Edge_9,MEL_Edge_9.2,114.77722
2.127659574468085,"channelID: 393",Edge_9,MEL_Edge_9.2,114.8325
2.2222222222222223,"channelID: 393",Edge_9,MEL_Edge_9.2,114.85083999999999
2.272727272727273,"channelID: 393",Edge_9,MEL_Edge_9.2,115.08108999999999
2.4390243902439024,"channelID: 393",Edge_9,MEL_Edge_9.2,115.18909999999998
2.5,"channelID: 393",Edge_9,MEL_Edge_9.2,115.23445999999998
2.5641025641025643,"channelID: 393",Edge_9,MEL_Edge_9.2,115.27446999999998
2.7027027027027026,"channelID: 393",Edge_9,MEL_Edge_9.2,115.30629999999998
2.7777777777777777,"channelID: 393",Edge_9,MEL_Edge_9.2,115.31791999999997
2.857142857142857,"channelID: 393",Edge_9,MEL_Edge_9.2,115.32484999999997
3.0303030303030303,"channelID: 393",Edge_9,MEL_Edge_9.2,115.54944999999996
3.225806451612903,"channelID: 393",Edge_9,MEL_Edge_9.2,115.58665999999997
3.3333333333333335,"channelID: 393",Edge_9,MEL_Edge_9.2,115.78245999999997
3.4482758620689653,"channelID: 393",Edge_9,MEL_Edge_9.2,115.84865999999997
3.8461538461538463,"channelID: 393",Edge_9,MEL_Edge_9.2,115.87815999999997
4.3478260869565215,"channelID: 393",Edge_9,MEL_Edge_9.2,115.95028999999997
4.545454545454546,"channelID: 393",Edge_9,MEL_Edge_9.2,115.98141999999997
5.2631578947368425,"channelID: 393",Edge_9,MEL_Edge_9.2,116.01273999999997
5.555555555555555,"channelID: 393",Edge_9,MEL_Edge_9.2,116.03532999999996
5.882352941176471,"channelID: 393",Edge_9,MEL_Edge_9.2,116.04715999999996
6.666666666666667,"channelID: 393",Edge_9,MEL_Edge_9.2,116.06103999999996
8.333333333333334,"channelID: 393",Edge_9,MEL_Edge_9.2,116.06431999999997
9.090909090909092,"channelID: 393",Edge_9,MEL_Edge_9.2,116.06651999999997
10.0,"channelID: 393",Edge_9,MEL_Edge_9.2,116.06993999999997
12.5,"channelID: 393",Edge_9,MEL_Edge_9.2,116.07223999999998
14.285714285714286,"channelID: 393",Edge_9,MEL_Edge_9.2,116.07543999999999
16.666666666666668,"channelID: 393",Edge_9,MEL_Edge_9.2,116.08026999999998
1.1904761904761905,"channelID: 394",Edge_9,MEL_Edge_9.2,64.802
1.1764705882352942,"channelID: 394",Edge_9,MEL_Edge_9.2,64.836
1.1627906976744187,"channelID: 394",Edge_9,MEL_Edge_9.2,64.86000000000003
1.1363636363636365,"channelID: 394",Edge_9,MEL_Edge_9.2,64.878
1.1904761904761905,"channelID: 394",Edge_9,MEL_Edge_9.2,68.00725999999999
1.25,"channelID: 394",Edge_9,MEL_Edge_9.2,79.67422
1.3157894736842106,"channelID: 394",Edge_9,MEL_Edge_9.2,85.47502000000003
1.36986301369863,"channelID: 394",Edge_9,MEL_Edge_9.2,101.51125000000002
1.4285714285714286,"channelID: 394",Edge_9,MEL_Edge_9.2,106.57258000000002
1.5151515151515151,"channelID: 394",Edge_9,MEL_Edge_9.2,108.75040000000001
1.5873015873015872,"channelID: 394",Edge_9,MEL_Edge_9.2,109.69843000000002
1.639344262295082,"channelID: 394",Edge_9,MEL_Edge_9.2,112.57122000000001
1.7241379310344827,"channelID: 394",Edge_9,MEL_Edge_9.2,112.70678000000001
1.8181818181818181,"channelID: 394",Edge_9,MEL_Edge_9.2,113.16307
1.9230769230769231,"channelID: 394",Edge_9,MEL_Edge_9.2,114.10309000000001
1.9607843137254901,"channelID: 394",Edge_9,MEL_Edge_9.2,114.61732
2.0408163265306123,"channelID: 394",Edge_9,MEL_Edge_9.2,114.77722
2.127659574468085,"channelID: 394",Edge_9,MEL_Edge_9.2,114.8325
2.2222222222222223,"channelID: 394",Edge_9,MEL_Edge_9.2,114.85083999999999
2.272727272727273,"channelID: 394",Edge_9,MEL_Edge_9.2,115.08108999999999
2.4390243902439024,"channelID: 394",Edge_9,MEL_Edge_9.2,115.18909999999998
2.5,"channelID: 394",Edge_9,MEL_Edge_9.2,115.23445999999998
2.5641025641025643,"channelID: 394",Edge_9,MEL_Edge_9.2,115.27446999999998
2.7027027027027026,"channelID: 394",Edge_9,MEL_Edge_9.2,115.30629999999998
2.7777777777777777,"channelID: 394",Edge_9,MEL_Edge_9.2,115.31791999999997
2.857142857142857,"channelID: 394",Edge_9,MEL_Edge_9.2,115.32484999999997
3.0303030303030303,"channelID: 394",Edge_9,MEL_Edge_9.2,115.54944999999996
3.225806451612903,"channelID: 394",Edge_9,MEL_Edge_9.2,115.58665999999997
3.3333333333333335,"channelID: 394",Edge_9,MEL_Edge_9.2,115.78245999999997
3.4482758620689653,"channelID: 394",Edge_9,MEL_Edge_9.2,115.84865999999997
3.8461538461538463,"channelID: 394",Edge_9,MEL_Edge_9.2,115.87815999999997
4.3478260869565215,"channelID: 394",Edge_9,MEL_Edge_9.2,115.95028999999997
4.545454545454546,"channelID: 394",Edge_9,MEL_Edge_9.2,115.98141999999997
5.2631578947368425,"channelID: 394",Edge_9,MEL_Edge_9.2,116.01273999999997
5.555555555555555,"channelID: 394",Edge_9,MEL_Edge_9.2,116.03532999999996
5.882352941176471,"channelID: 394",Edge_9,MEL_Edge_9.2,116.04715999999996
6.666666666666667,"channelID: 394",Edge_9,MEL_Edge_9.2,116.06103999999996
8.333333333333334,"channelID: 394",Edge_9,MEL_Edge_9.2,116.06431999999997
9.090909090909092,"channelID: 394",Edge_9,MEL_Edge_9.2,116.06651999999997
10.0,"channelID: 394",Edge_9,MEL_Edge_9.2,116.06993999999997
12.5,"channelID: 394",Edge_9,MEL_Edge_9.2,116.07223999999998
14.285714285714286,"channelID: 394",Edge_9,MEL_Edge_9.2,116.07543999999999
16.666666666666668,"channelID: 394",Edge_9,MEL_Edge_9.2,116.08026999999998
20.0,"channelID: 394",Edge_9,MEL_Edge_9.2,116.08421999999999
1.1764705882352942,"channelID: 395",Edge_9,MEL_Edge_9.2,64.836
1.1627906976744187,"channelID: 395",Edge_9,MEL_Edge_9.2,64.86000000000003
1.1363636363636365,"channelID: 395",Edge_9,MEL_Edge_9.2,64.878
1.1904761904761905,"channelID: 395",Edge_9,MEL_Edge_9.2,68.00725999999999
1.25,"channelID: 395",Edge_9,MEL_Edge_9.2,79.67422
1.3157894736842106,"channelID: 395",Edge_9,MEL_Edge_9.2,85.47502000000003
1.36986301369863,"channelID: 395",Edge_9,MEL_Edge_9.2,101.51125000000002
1.4285714285714286,"channelID: 395",Edge_9,MEL_Edge_9.2,106.57258000000002
1.5151515151515151,"channelID: 395",Edge_9,MEL_Edge_9.2,108.75040000000001
1.5873015873015872,"channelID: 395",Edge_9,MEL_Edge_9.2,109.69843000000002
1.639344262295082,"channelID: 395",Edge_9,MEL_Edge_9.2,112.57122000000001
1.7241379310344827,"channelID: 395",Edge_9,MEL_Edge_9.2,112.70678000000001
1.8181818181818181,"channelID: 395",Edge_9,MEL_Edge_9.2,113.16307
1.9230769230769231,"channelID: 395",Edge_9,MEL_Edge_9.2,114.10309000000001
1.9607843137254901,"channelID: 395",Edge_9,MEL_Edge_9.2,114.61732
2.0408163265306123,"channelID: 395",Edge_9,MEL_Edge_9.2,114.77722
2.127659574468085,"channelID: 395",Edge_9,MEL_Edge_9.2,114.8325
2.2222222222222223,"channelID: 395",Edge_9,MEL_Edge_9.2,114.85083999999999
2.272727272727273,"channelID: 395",Edge_9,MEL_Edge_9.2,115.08108999999999
2.4390243902439024,"channelID: 395",Edge_9,MEL_Edge_9.2,115.18909999999998
2.5,"channelID: 395",Edge_9,MEL_Edge_9.2,115.23445999999998
2.5641025641025643,"channelID: 395",Edge_9,MEL_Edge_9.2,115.27446999999998
2.7027027027027026,"channelID: 395",Edge_9,MEL_Edge_9.2,115.30629999999998
2.7777777777777777,"channelID: 395",Edge_9,MEL_Edge_9.2,115.31791999999997
2.857142857142857,"channelID: 395",Edge_9,MEL_Edge_9.2,115.32484999999997
3.0303030303030303,"channelID: 395",Edge_9,MEL_Edge_9.2,115.54944999999996
3.225806451612903,"channelID: 395",Edge_9,MEL_Edge_9.2,115.58665999999997
3.3333333333333335,"channelID: 395",Edge_9,MEL_Edge_9.2,115.78245999999997
3.4482758620689653,"channelID: 395",Edge_9,MEL_Edge_9.2,115.84865999999997
3.8461538461538463,"channelID: 395",Edge_9,MEL_Edge_9.2,115.87815999999997
4.3478260869565215,"channelID: 395",Edge_9,MEL_Edge_9.2,115.95028999999997
4.545454545454546,"channelID: 395",Edge_9,MEL_Edge_9.2,115.98141999999997
5.2631578947368425,"channelID: 395",Edge_9,MEL_Edge_9.2,116.01273999999997
5.555555555555555,"channelID: 395",Edge_9,MEL_Edge_9.2,116.03532999999996
5.882352941176471,"channelID: 395",Edge_9,MEL_Edge_9.2,116.04715999999996
6.666666666666667,"channelID: 395",Edge_9,MEL_Edge_9.2,116.06103999999996
8.333333333333334,"channelID: 395",Edge_9,MEL_Edge_9.2,116.06431999999997
9.090909090909092,"channelID: 395",Edge_9,MEL_Edge_9.2,116.06651999999997
10.0,"channelID: 395",Edge_9,MEL_Edge_9.2,116.06993999999997
12.5,"channelID: 395",Edge_9,MEL_Edge_9.2,116.07223999999998
14.285714285714286,"channelID: 395",Edge_9,MEL_Edge_9.2,116.07543999999999
16.666666666666668,"channelID: 395",Edge_9,MEL_Edge_9.2,116.08026999999998
25.0,"channelID: 395",Edge_9,MEL_Edge_9.2,116.08421999999999
1.1627906976744187,"channelID: 396",Edge_9,MEL_Edge_9.2,64.86000000000003
1.1363636363636365,"channelID: 396",Edge_9,MEL_Edge_9.2,64.878
1.1904761904761905,"channelID: 396",Edge_9,MEL_Edge_9.2,68.00725999999999
1.25,"channelID: 396",Edge_9,MEL_Edge_9.2,79.67422
1.3157894736842106,"channelID: 396",Edge_9,MEL_Edge_9.2,85.47502000000003
1.36986301369863,"channelID: 396",Edge_9,MEL_Edge_9.2,101.51125000000002
1.4285714285714286,"channelID: 396",Edge_9,MEL_Edge_9.2,106.57258000000002
1.5151515151515151,"channelID: 396",Edge_9,MEL_Edge_9.2,108.75040000000001
1.5873015873015872,"channelID: 396",Edge_9,MEL_Edge_9.2,109.69843000000002
1.639344262295082,"channelID: 396",Edge_9,MEL_Edge_9.2,112.57122000000001
1.7241379310344827,"channelID: 396",Edge_9,MEL_Edge_9.2,112.70678000000001
1.8181818181818181,"channelID: 396",Edge_9,MEL_Edge_9.2,113.16307
1.9230769230769231,"channelID: 396",Edge_9,MEL_Edge_9.2,114.10309000000001
1.9607843137254901,"channelID: 396",Edge_9,MEL_Edge_9.2,114.61732
2.0408163265306123,"channelID: 396",Edge_9,MEL_Edge_9.2,114.77722
2.127659574468085,"channelID: 396",Edge_9,MEL_Edge_9.2,114.8325
2.2222222222222223,"channelID: 396",Edge_9,MEL_Edge_9.2,114.85083999999999
2.272727272727273,"channelID: 396",Edge_9,MEL_Edge_9.2,115.08108999999999
2.4390243902439024,"channelID: 396",Edge_9,MEL_Edge_9.2,115.18909999999998
2.5,"channelID: 396",Edge_9,MEL_Edge_9.2,115.23445999999998
2.5641025641025643,"channelID: 396",Edge_9,MEL_Edge_9.2,115.27446999999998
2.7027027027027026,"channelID: 396",Edge_9,MEL_Edge_9.2,115.30629999999998
2.7777777777777777,"channelID: 396",Edge_9,MEL_Edge_9.2,115.31791999999997
2.857142857142857,"channelID: 396",Edge_9,MEL_Edge_9.2,115.32484999999997
3.0303030303030303,"channelID: 396",Edge_9,MEL_Edge_9.2,115.54944999999996
3.225806451612903,"channelID: 396",Edge_9,MEL_Edge_9.2,115.58665999999997
3.3333333333333335,"channelID: 396",Edge_9,MEL_Edge_9.2,115.78245999999997
3.4482758620689653,"channelID: 396",Edge_9,MEL_Edge_9.2,115.84865999999997
3.8461538461538463,"channelID: 396",Edge_9,MEL_Edge_9.2,115.87815999999997
4.3478260869565215,"channelID: 396",Edge_9,MEL_Edge_9.2,115.95028999999997
4.545454545454546,"channelID: 396",Edge_9,MEL_Edge_9.2,115.98141999999997
5.2631578947368425,"channelID: 396",Edge_9,MEL_Edge_9.2,116.01273999999997
5.555555555555555,"channelID: 396",Edge_9,MEL_Edge_9.2,116.03532999999996
5.882352941176471,"channelID: 396",Edge_9,MEL_Edge_9.2,116.04715999999996
6.666666666666667,"channelID: 396",Edge_9,MEL_Edge_9.2,116.06103999999996
8.333333333333334,"channelID: 396",Edge_9,MEL_Edge_9.2,116.06431999999997
9.090909090909092,"channelID: 396",Edge_9,MEL_Edge_9.2,116.06651999999997
10.0,"channelID: 396",Edge_9,MEL_Edge_9.2,116.06993999999997
12.5,"channelID: 396",Edge_9,MEL_Edge_9.2,116.07223999999998
14.285714285714286,"channelID: 396",Edge_9,MEL_Edge_9.2,116.07543999999999
16.666666666666668,"channelID: 396",Edge_9,MEL_Edge_9.2,116.08026999999998
25.0,"channelID: 396",Edge_9,MEL_Edge_9.2,116.08421999999999
33.333333333333336,"channelID: 396",Edge_9,MEL_Edge_9.2,116.08582999999999
1.1363636363636365,"channelID: 397",Edge_9,MEL_Edge_9.2,64.878
1.1904761904761905,"channelID: 397",Edge_9,MEL_Edge_9.2,68.00725999999999
1.25,"channelID: 397",Edge_9,MEL_Edge_9.2,79.67422
1.3157894736842106,"channelID: 397",Edge_9,MEL_Edge_9.2,85.47502000000003
1.36986301369863,"channelID: 397",Edge_9,MEL_Edge_9.2,101.51125000000002
1.4285714285714286,"channelID: 397",Edge_9,MEL_Edge_9.2,106.57258000000002
1.5151515151515151,"channelID: 397",Edge_9,MEL_Edge_9.2,108.75040000000001
1.5873015873015872,"channelID: 397",Edge_9,MEL_Edge_9.2,109.69843000000002
1.639344262295082,"channelID: 397",Edge_9,MEL_Edge_9.2,112.57122000000001
1.7241379310344827,"channelID: 397",Edge_9,MEL_Edge_9.2,112.70678000000001
1.8181818181818181,"channelID: 397",Edge_9,MEL_Edge_9.2,113.16307
1.9230769230769231,"channelID: 397",Edge_9,MEL_Edge_9.2,114.10309000000001
1.9607843137254901,"channelID: 397",Edge_9,MEL_Edge_9.2,114.61732
2.0408163265306123,"channelID: 397",Edge_9,MEL_Edge_9.2,114.77722
2.127659574468085,"channelID: 397",Edge_9,MEL_Edge_9.2,114.8325
2.2222222222222223,"channelID: 397",Edge_9,MEL_Edge_9.2,114.85083999999999
2.272727272727273,"channelID: 397",Edge_9,MEL_Edge_9.2,115.08108999999999
2.4390243902439024,"channelID: 397",Edge_9,MEL_Edge_9.2,115.18909999999998
2.5,"channelID: 397",Edge_9,MEL_Edge_9.2,115.23445999999998
2.5641025641025643,"channelID: 397",Edge_9,MEL_Edge_9.2,115.27446999999998
2.7027027027027026,"channelID: 397",Edge_9,MEL_Edge_9.2,115.30629999999998
2.7777777777777777,"channelID: 397",Edge_9,MEL_Edge_9.2,115.31791999999997
2.857142857142857,"channelID: 397",Edge_9,MEL_Edge_9.2,115.32484999999997
3.0303030303030303,"channelID: 397",Edge_9,MEL_Edge_9.2,115.54944999999996
3.225806451612903,"channelID: 397",Edge_9,MEL_Edge_9.2,115.58665999999997
3.3333333333333335,"channelID: 397",Edge_9,MEL_Edge_9.2,115.78245999999997
3.4482758620689653,"channelID: 397",Edge_9,MEL_Edge_9.2,115.84865999999997
3.8461538461538463,"channelID: 397",Edge_9,MEL_Edge_9.2,115.87815999999997
4.3478260869565215,"channelID: 397",Edge_9,MEL_Edge_9.2,115.95028999999997
4.545454545454546,"channelID: 397",Edge_9,MEL_Edge_9.2,115.98141999999997
5.2631578947368425,"channelID: 397",Edge_9,MEL_Edge_9.2,116.01273999999997
5.555555555555555,"channelID: 397",Edge_9,MEL_Edge_9.2,116.03532999999996
5.882352941176471,"channelID: 397",Edge_9,MEL_Edge_9.2,116.04715999999996
6.666666666666667,"channelID: 397",Edge_9,MEL_Edge_9.2,116.06103999999996
8.333333333333334,"channelID: 397",Edge_9,MEL_Edge_9.2,116.06431999999997
9.090909090909092,"channelID: 397",Edge_9,MEL_Edge_9.2,116.06651999999997
10.0,"channelID: 397",Edge_9,MEL_Edge_9.2,116.06993999999997
12.5,"channelID: 397",Edge_9,MEL_Edge_9.2,116.07223999999998
14.285714285714286,"channelID: 397",Edge_9,MEL_Edge_9.2,116.07543999999999
16.666666666666668,"channelID: 397",Edge_9,MEL_Edge_9.2,116.08026999999998
25.0,"channelID: 397",Edge_9,MEL_Edge_9.2,116.08421999999999
33.333333333333336,"channelID: 397",Edge_9,MEL_Edge_9.2,116.08582999999999
50.0,"channelID: 397",Edge_9,MEL_Edge_9.2,116.08682999999999
1.1363636363636365,"channelID: 398",Edge_9,MEL_Edge_9.2,64.878
1.1904761904761905,"channelID: 398",Edge_9,MEL_Edge_9.2,68.00725999999999
1.25,"channelID: 398",Edge_9,MEL_Edge_9.2,79.67422
1.3157894736842106,"channelID: 398",Edge_9,MEL_Edge_9.2,85.47502000000003
1.36986301369863,"channelID: 398",Edge_9,MEL_Edge_9.2,101.51125000000002
1.4285714285714286,"channelID: 398",Edge_9,MEL_Edge_9.2,106.57258000000002
1.5151515151515151,"channelID: 398",Edge_9,MEL_Edge_9.2,108.75040000000001
1.5873015873015872,"channelID: 398",Edge_9,MEL_Edge_9.2,109.69843000000002
1.639344262295082,"channelID: 398",Edge_9,MEL_Edge_9.2,112.57122000000001
1.7241379310344827,"channelID: 398",Edge_9,MEL_Edge_9.2,112.70678000000001
1.8181818181818181,"channelID: 398",Edge_9,MEL_Edge_9.2,113.16307
1.9230769230769231,"channelID: 398",Edge_9,MEL_Edge_9.2,114.10309000000001
1.9607843137254901,"channelID: 398",Edge_9,MEL_Edge_9.2,114.61732
2.0408163265306123,"channelID: 398",Edge_9,MEL_Edge_9.2,114.77722
2.127659574468085,"channelID: 398",Edge_9,MEL_Edge_9.2,114.8325
2.2222222222222223,"channelID: 398",Edge_9,MEL_Edge_9.2,114.85083999999999
2.272727272727273,"channelID: 398",Edge_9,MEL_Edge_9.2,115.08108999999999
2.4390243902439024,"channelID: 398",Edge_9,MEL_Edge_9.2,115.18909999999998
2.5,"channelID: 398",Edge_9,MEL_Edge_9.2,115.23445999999998
2.5641025641025643,"channelID: 398",Edge_9,MEL_Edge_9.2,115.27446999999998
2.7027027027027026,"channelID: 398",Edge_9,MEL_Edge_9.2,115.30629999999998
2.7777777777777777,"channelID: 398",Edge_9,MEL_Edge_9.2,115.31791999999997
2.857142857142857,"channelID: 398",Edge_9,MEL_Edge_9.2,115.32484999999997
3.0303030303030303,"channelID: 398",Edge_9,MEL_Edge_9.2,115.54944999999996
3.225806451612903,"channelID: 398",Edge_9,MEL_Edge_9.2,115.58665999999997
3.3333333333333335,"channelID: 398",Edge_9,MEL_Edge_9.2,115.78245999999997
3.4482758620689653,"channelID: 398",Edge_9,MEL_Edge_9.2,115.84865999999997
3.8461538461538463,"channelID: 398",Edge_9,MEL_Edge_9.2,115.87815999999997
4.3478260869565215,"channelID: 398",Edge_9,MEL_Edge_9.2,115.95028999999997
4.545454545454546,"channelID: 398",Edge_9,MEL_Edge_9.2,115.98141999999997
5.2631578947368425,"channelID: 398",Edge_9,MEL_Edge_9.2,116.01273999999997
5.555555555555555,"channelID: 398",Edge_9,MEL_Edge_9.2,116.03532999999996
5.882352941176471,"channelID: 398",Edge_9,MEL_Edge_9.2,116.04715999999996
6.666666666666667,"channelID: 398",Edge_9,MEL_Edge_9.2,116.06103999999996
8.333333333333334,"channelID: 398",Edge_9,MEL_Edge_9.2,116.06431999999997
9.090909090909092,"channelID: 398",Edge_9,MEL_Edge_9.2,116.06651999999997
10.0,"channelID: 398",Edge_9,MEL_Edge_9.2,116.06993999999997
12.5,"channelID: 398",Edge_9,MEL_Edge_9.2,116.07223999999998
14.285714285714286,"channelID: 398",Edge_9,MEL_Edge_9.2,116.07543999999999
16.666666666666668,"channelID: 398",Edge_9,MEL_Edge_9.2,116.08026999999998
25.0,"channelID: 398",Edge_9,MEL_Edge_9.2,116.08421999999999
33.333333333333336,"channelID: 398",Edge_9,MEL_Edge_9.2,116.08582999999999
50.0,"channelID: 398",Edge_9,MEL_Edge_9.2,116.08682999999999
100.0,"channelID: 398",Edge_9,MEL_Edge_9.2,116.08783
