x,y,simtime,communication_radius,"max_vehicle_communication",id
583.69,854.5,0.0,100.0,15.0,9
323.63,227.57,0.0,100.0,15.0,12
977.75,829.69,0.0,100.0,15.0,52
1425.56,1082.94,0.0,100.0,15.0,78
768.63,816.34,0.0,100.0,15.0,53
1470.88,1073.94,0.0,100.0,15.0,44
778.0,613.44,0.0,100.0,15.0,82
1573.69,569.0,0.0,100.0,15.0,27
1504.51,825.41,0.0,100.0,15.0,1c
798.63,778.69,0.0,100.0,15.0,15
1489.07,825.69,0.0,100.0,15.0,3
1579.38,473.19,0.0,100.0,15.0,34
874.28,625.54,0.0,100.0,15.0,63
1485.04,841.29,0.0,100.0,15.0,1b
1498.87,847.16,0.0,100.0,15.0,1
1457.38,1043.5,0.0,100.0,15.0,204c
583.69,854.5,0.212,100.0,15.0,9
323.63,227.57,0.212,100.0,15.0,12
977.75,829.69,0.212,100.0,15.0,52
1425.56,1082.94,0.212,100.0,15.0,78
768.63,816.34,0.212,100.0,15.0,53
1470.88,1073.94,0.212,100.0,15.0,44
778.0,613.44,0.212,100.0,15.0,82
1573.69,569.0,0.212,100.0,15.0,27
1504.51,825.41,0.212,100.0,15.0,1c
798.63,778.69,0.212,100.0,15.0,15
1489.07,825.69,0.212,100.0,15.0,3
1579.38,473.19,0.212,100.0,15.0,34
874.28,625.54,0.212,100.0,15.0,63
1485.04,841.29,0.212,100.0,15.0,1b
1498.87,847.16,0.212,100.0,15.0,1
1457.38,1043.5,0.212,100.0,15.0,204c
583.69,854.5,0.424,100.0,15.0,9
323.63,227.57,0.424,100.0,15.0,12
977.75,829.69,0.424,100.0,15.0,52
1425.56,1082.94,0.424,100.0,15.0,78
768.63,816.34,0.424,100.0,15.0,53
1470.88,1073.94,0.424,100.0,15.0,44
778.0,613.44,0.424,100.0,15.0,82
1573.69,569.0,0.424,100.0,15.0,27
1504.51,825.41,0.424,100.0,15.0,1c
798.63,778.69,0.424,100.0,15.0,15
1489.07,825.69,0.424,100.0,15.0,3
1579.38,473.19,0.424,100.0,15.0,34
874.28,625.54,0.424,100.0,15.0,63
1485.04,841.29,0.424,100.0,15.0,1b
1498.87,847.16,0.424,100.0,15.0,1
1457.38,1043.5,0.424,100.0,15.0,204c
583.69,854.5,0.636,100.0,15.0,9
323.63,227.57,0.636,100.0,15.0,12
977.75,829.69,0.636,100.0,15.0,52
1425.56,1082.94,0.636,100.0,15.0,78
768.63,816.34,0.636,100.0,15.0,53
1470.88,1073.94,0.636,100.0,15.0,44
778.0,613.44,0.636,100.0,15.0,82
1573.69,569.0,0.636,100.0,15.0,27
1504.51,825.41,0.636,100.0,15.0,1c
798.63,778.69,0.636,100.0,15.0,15
1489.07,825.69,0.636,100.0,15.0,3
1579.38,473.19,0.636,100.0,15.0,34
874.28,625.54,0.636,100.0,15.0,63
1485.04,841.29,0.636,100.0,15.0,1b
1498.87,847.16,0.636,100.0,15.0,1
1457.38,1043.5,0.636,100.0,15.0,204c
583.69,854.5,0.848,100.0,15.0,9
323.63,227.57,0.848,100.0,15.0,12
977.75,829.69,0.848,100.0,15.0,52
1425.56,1082.94,0.848,100.0,15.0,78
768.63,816.34,0.848,100.0,15.0,53
1470.88,1073.94,0.848,100.0,15.0,44
778.0,613.44,0.848,100.0,15.0,82
1573.69,569.0,0.848,100.0,15.0,27
1504.51,825.41,0.848,100.0,15.0,1c
798.63,778.69,0.848,100.0,15.0,15
1489.07,825.69,0.848,100.0,15.0,3
1579.38,473.19,0.848,100.0,15.0,34
874.28,625.54,0.848,100.0,15.0,63
1485.04,841.29,0.848,100.0,15.0,1b
1498.87,847.16,0.848,100.0,15.0,1
1457.38,1043.5,0.848,100.0,15.0,204c
583.69,854.5,1.06,100.0,15.0,9
323.63,227.57,1.06,100.0,15.0,12
977.75,829.69,1.06,100.0,15.0,52
1425.56,1082.94,1.06,100.0,15.0,78
768.63,816.34,1.06,100.0,15.0,53
1470.88,1073.94,1.06,100.0,15.0,44
778.0,613.44,1.06,100.0,15.0,82
1573.69,569.0,1.06,100.0,15.0,27
1504.51,825.41,1.06,100.0,15.0,1c
798.63,778.69,1.06,100.0,15.0,15
1489.07,825.69,1.06,100.0,15.0,3
1579.38,473.19,1.06,100.0,15.0,34
874.28,625.54,1.06,100.0,15.0,63
1485.04,841.29,1.06,100.0,15.0,1b
1498.87,847.16,1.06,100.0,15.0,1
1457.38,1043.5,1.06,100.0,15.0,204c
583.69,854.5,1.272,100.0,15.0,9
323.63,227.57,1.272,100.0,15.0,12
977.75,829.69,1.272,100.0,15.0,52
1425.56,1082.94,1.272,100.0,15.0,78
768.63,816.34,1.272,100.0,15.0,53
1470.88,1073.94,1.272,100.0,15.0,44
778.0,613.44,1.272,100.0,15.0,82
1573.69,569.0,1.272,100.0,15.0,27
1504.51,825.41,1.272,100.0,15.0,1c
798.63,778.69,1.272,100.0,15.0,15
1489.07,825.69,1.272,100.0,15.0,3
1579.38,473.19,1.272,100.0,15.0,34
874.28,625.54,1.272,100.0,15.0,63
1485.04,841.29,1.272,100.0,15.0,1b
1498.87,847.16,1.272,100.0,15.0,1
1457.38,1043.5,1.272,100.0,15.0,204c
583.69,854.5,1.484,100.0,15.0,9
323.63,227.57,1.484,100.0,15.0,12
977.75,829.69,1.484,100.0,15.0,52
1425.56,1082.94,1.484,100.0,15.0,78
768.63,816.34,1.484,100.0,15.0,53
1470.88,1073.94,1.484,100.0,15.0,44
778.0,613.44,1.484,100.0,15.0,82
1573.69,569.0,1.484,100.0,15.0,27
1504.51,825.41,1.484,100.0,15.0,1c
798.63,778.69,1.484,100.0,15.0,15
1489.07,825.69,1.484,100.0,15.0,3
1579.38,473.19,1.484,100.0,15.0,34
874.28,625.54,1.484,100.0,15.0,63
1485.04,841.29,1.484,100.0,15.0,1b
1498.87,847.16,1.484,100.0,15.0,1
1457.38,1043.5,1.484,100.0,15.0,204c
583.69,854.5,1.696,100.0,15.0,9
323.63,227.57,1.696,100.0,15.0,12
977.75,829.69,1.696,100.0,15.0,52
1425.56,1082.94,1.696,100.0,15.0,78
768.63,816.34,1.696,100.0,15.0,53
1470.88,1073.94,1.696,100.0,15.0,44
778.0,613.44,1.696,100.0,15.0,82
1573.69,569.0,1.696,100.0,15.0,27
1504.51,825.41,1.696,100.0,15.0,1c
798.63,778.69,1.696,100.0,15.0,15
1489.07,825.69,1.696,100.0,15.0,3
1579.38,473.19,1.696,100.0,15.0,34
874.28,625.54,1.696,100.0,15.0,63
1485.04,841.29,1.696,100.0,15.0,1b
1498.87,847.16,1.696,100.0,15.0,1
1457.38,1043.5,1.696,100.0,15.0,204c
583.69,854.5,1.908,100.0,15.0,9
323.63,227.57,1.908,100.0,15.0,12
977.75,829.69,1.908,100.0,15.0,52
1425.56,1082.94,1.908,100.0,15.0,78
768.63,816.34,1.908,100.0,15.0,53
1470.88,1073.94,1.908,100.0,15.0,44
778.0,613.44,1.908,100.0,15.0,82
1573.69,569.0,1.908,100.0,15.0,27
1504.51,825.41,1.908,100.0,15.0,1c
798.63,778.69,1.908,100.0,15.0,15
1489.07,825.69,1.908,100.0,15.0,3
1579.38,473.19,1.908,100.0,15.0,34
874.28,625.54,1.908,100.0,15.0,63
1485.04,841.29,1.908,100.0,15.0,1b
1498.87,847.16,1.908,100.0,15.0,1
1457.38,1043.5,1.908,100.0,15.0,204c
583.69,854.5,2.12,100.0,15.0,9
323.63,227.57,2.12,100.0,15.0,12
977.75,829.69,2.12,100.0,15.0,52
1425.56,1082.94,2.12,100.0,15.0,78
768.63,816.34,2.12,100.0,15.0,53
1470.88,1073.94,2.12,100.0,15.0,44
778.0,613.44,2.12,100.0,15.0,82
1573.69,569.0,2.12,100.0,15.0,27
1504.51,825.41,2.12,100.0,15.0,1c
798.63,778.69,2.12,100.0,15.0,15
1489.07,825.69,2.12,100.0,15.0,3
1579.38,473.19,2.12,100.0,15.0,34
874.28,625.54,2.12,100.0,15.0,63
1485.04,841.29,2.12,100.0,15.0,1b
1498.87,847.16,2.12,100.0,15.0,1
1457.38,1043.5,2.12,100.0,15.0,204c
583.69,854.5,2.332,100.0,15.0,9
323.63,227.57,2.332,100.0,15.0,12
977.75,829.69,2.332,100.0,15.0,52
1425.56,1082.94,2.332,100.0,15.0,78
768.63,816.34,2.332,100.0,15.0,53
1470.88,1073.94,2.332,100.0,15.0,44
778.0,613.44,2.332,100.0,15.0,82
1573.69,569.0,2.332,100.0,15.0,27
1504.51,825.41,2.332,100.0,15.0,1c
798.63,778.69,2.332,100.0,15.0,15
1489.07,825.69,2.332,100.0,15.0,3
1579.38,473.19,2.332,100.0,15.0,34
874.28,625.54,2.332,100.0,15.0,63
1485.04,841.29,2.332,100.0,15.0,1b
1498.87,847.16,2.332,100.0,15.0,1
1457.38,1043.5,2.332,100.0,15.0,204c
583.69,854.5,2.544,100.0,15.0,9
323.63,227.57,2.544,100.0,15.0,12
977.75,829.69,2.544,100.0,15.0,52
1425.56,1082.94,2.544,100.0,15.0,78
768.63,816.34,2.544,100.0,15.0,53
1470.88,1073.94,2.544,100.0,15.0,44
778.0,613.44,2.544,100.0,15.0,82
1573.69,569.0,2.544,100.0,15.0,27
1504.51,825.41,2.544,100.0,15.0,1c
798.63,778.69,2.544,100.0,15.0,15
1489.07,825.69,2.544,100.0,15.0,3
1579.38,473.19,2.544,100.0,15.0,34
874.28,625.54,2.544,100.0,15.0,63
1485.04,841.29,2.544,100.0,15.0,1b
1498.87,847.16,2.544,100.0,15.0,1
1457.38,1043.5,2.544,100.0,15.0,204c
583.69,854.5,2.756,100.0,15.0,9
323.63,227.57,2.756,100.0,15.0,12
977.75,829.69,2.756,100.0,15.0,52
1425.56,1082.94,2.756,100.0,15.0,78
768.63,816.34,2.756,100.0,15.0,53
1470.88,1073.94,2.756,100.0,15.0,44
778.0,613.44,2.756,100.0,15.0,82
1573.69,569.0,2.756,100.0,15.0,27
1504.51,825.41,2.756,100.0,15.0,1c
798.63,778.69,2.756,100.0,15.0,15
1489.07,825.69,2.756,100.0,15.0,3
1579.38,473.19,2.756,100.0,15.0,34
874.28,625.54,2.756,100.0,15.0,63
1485.04,841.29,2.756,100.0,15.0,1b
1498.87,847.16,2.756,100.0,15.0,1
1457.38,1043.5,2.756,100.0,15.0,204c
583.69,854.5,2.968,100.0,15.0,9
323.63,227.57,2.968,100.0,15.0,12
977.75,829.69,2.968,100.0,15.0,52
1425.56,1082.94,2.968,100.0,15.0,78
768.63,816.34,2.968,100.0,15.0,53
1470.88,1073.94,2.968,100.0,15.0,44
778.0,613.44,2.968,100.0,15.0,82
1573.69,569.0,2.968,100.0,15.0,27
1504.51,825.41,2.968,100.0,15.0,1c
798.63,778.69,2.968,100.0,15.0,15
1489.07,825.69,2.968,100.0,15.0,3
1579.38,473.19,2.968,100.0,15.0,34
874.28,625.54,2.968,100.0,15.0,63
1485.04,841.29,2.968,100.0,15.0,1b
1498.87,847.16,2.968,100.0,15.0,1
1457.38,1043.5,2.968,100.0,15.0,204c
583.69,854.5,3.18,100.0,15.0,9
323.63,227.57,3.18,100.0,15.0,12
977.75,829.69,3.18,100.0,15.0,52
1425.56,1082.94,3.18,100.0,15.0,78
768.63,816.34,3.18,100.0,15.0,53
1470.88,1073.94,3.18,100.0,15.0,44
778.0,613.44,3.18,100.0,15.0,82
1573.69,569.0,3.18,100.0,15.0,27
1504.51,825.41,3.18,100.0,15.0,1c
798.63,778.69,3.18,100.0,15.0,15
1489.07,825.69,3.18,100.0,15.0,3
1579.38,473.19,3.18,100.0,15.0,34
874.28,625.54,3.18,100.0,15.0,63
1485.04,841.29,3.18,100.0,15.0,1b
1498.87,847.16,3.18,100.0,15.0,1
1457.38,1043.5,3.18,100.0,15.0,204c
583.69,854.5,3.392,100.0,15.0,9
323.63,227.57,3.392,100.0,15.0,12
977.75,829.69,3.392,100.0,15.0,52
1425.56,1082.94,3.392,100.0,15.0,78
768.63,816.34,3.392,100.0,15.0,53
1470.88,1073.94,3.392,100.0,15.0,44
778.0,613.44,3.392,100.0,15.0,82
1573.69,569.0,3.392,100.0,15.0,27
1504.51,825.41,3.392,100.0,15.0,1c
798.63,778.69,3.392,100.0,15.0,15
1489.07,825.69,3.392,100.0,15.0,3
1579.38,473.19,3.392,100.0,15.0,34
874.28,625.54,3.392,100.0,15.0,63
1485.04,841.29,3.392,100.0,15.0,1b
1498.87,847.16,3.392,100.0,15.0,1
1457.38,1043.5,3.392,100.0,15.0,204c
583.69,854.5,3.604,100.0,15.0,9
323.63,227.57,3.604,100.0,15.0,12
977.75,829.69,3.604,100.0,15.0,52
1425.56,1082.94,3.604,100.0,15.0,78
768.63,816.34,3.604,100.0,15.0,53
1470.88,1073.94,3.604,100.0,15.0,44
778.0,613.44,3.604,100.0,15.0,82
1573.69,569.0,3.604,100.0,15.0,27
1504.51,825.41,3.604,100.0,15.0,1c
798.63,778.69,3.604,100.0,15.0,15
1489.07,825.69,3.604,100.0,15.0,3
1579.38,473.19,3.604,100.0,15.0,34
874.28,625.54,3.604,100.0,15.0,63
1485.04,841.29,3.604,100.0,15.0,1b
1498.87,847.16,3.604,100.0,15.0,1
1457.38,1043.5,3.604,100.0,15.0,204c
583.69,854.5,3.816,100.0,15.0,9
323.63,227.57,3.816,100.0,15.0,12
977.75,829.69,3.816,100.0,15.0,52
1425.56,1082.94,3.816,100.0,15.0,78
768.63,816.34,3.816,100.0,15.0,53
1470.88,1073.94,3.816,100.0,15.0,44
778.0,613.44,3.816,100.0,15.0,82
1573.69,569.0,3.816,100.0,15.0,27
1504.51,825.41,3.816,100.0,15.0,1c
798.63,778.69,3.816,100.0,15.0,15
1489.07,825.69,3.816,100.0,15.0,3
1579.38,473.19,3.816,100.0,15.0,34
874.28,625.54,3.816,100.0,15.0,63
1485.04,841.29,3.816,100.0,15.0,1b
1498.87,847.16,3.816,100.0,15.0,1
1457.38,1043.5,3.816,100.0,15.0,204c
583.69,854.5,4.028,100.0,15.0,9
323.63,227.57,4.028,100.0,15.0,12
977.75,829.69,4.028,100.0,15.0,52
1425.56,1082.94,4.028,100.0,15.0,78
768.63,816.34,4.028,100.0,15.0,53
1470.88,1073.94,4.028,100.0,15.0,44
778.0,613.44,4.028,100.0,15.0,82
1573.69,569.0,4.028,100.0,15.0,27
1504.51,825.41,4.028,100.0,15.0,1c
798.63,778.69,4.028,100.0,15.0,15
1489.07,825.69,4.028,100.0,15.0,3
1579.38,473.19,4.028,100.0,15.0,34
874.28,625.54,4.028,100.0,15.0,63
1485.04,841.29,4.028,100.0,15.0,1b
1498.87,847.16,4.028,100.0,15.0,1
1457.38,1043.5,4.028,100.0,15.0,204c
583.69,854.5,4.24,100.0,15.0,9
323.63,227.57,4.24,100.0,15.0,12
977.75,829.69,4.24,100.0,15.0,52
1425.56,1082.94,4.24,100.0,15.0,78
768.63,816.34,4.24,100.0,15.0,53
1470.88,1073.94,4.24,100.0,15.0,44
778.0,613.44,4.24,100.0,15.0,82
1573.69,569.0,4.24,100.0,15.0,27
1504.51,825.41,4.24,100.0,15.0,1c
798.63,778.69,4.24,100.0,15.0,15
1489.07,825.69,4.24,100.0,15.0,3
1579.38,473.19,4.24,100.0,15.0,34
874.28,625.54,4.24,100.0,15.0,63
1485.04,841.29,4.24,100.0,15.0,1b
1498.87,847.16,4.24,100.0,15.0,1
1457.38,1043.5,4.24,100.0,15.0,204c
583.69,854.5,4.452,100.0,15.0,9
323.63,227.57,4.452,100.0,15.0,12
977.75,829.69,4.452,100.0,15.0,52
1425.56,1082.94,4.452,100.0,15.0,78
768.63,816.34,4.452,100.0,15.0,53
1470.88,1073.94,4.452,100.0,15.0,44
778.0,613.44,4.452,100.0,15.0,82
1573.69,569.0,4.452,100.0,15.0,27
1504.51,825.41,4.452,100.0,15.0,1c
798.63,778.69,4.452,100.0,15.0,15
1489.07,825.69,4.452,100.0,15.0,3
1579.38,473.19,4.452,100.0,15.0,34
874.28,625.54,4.452,100.0,15.0,63
1485.04,841.29,4.452,100.0,15.0,1b
1498.87,847.16,4.452,100.0,15.0,1
1457.38,1043.5,4.452,100.0,15.0,204c
583.69,854.5,4.664,100.0,15.0,9
323.63,227.57,4.664,100.0,15.0,12
977.75,829.69,4.664,100.0,15.0,52
1425.56,1082.94,4.664,100.0,15.0,78
768.63,816.34,4.664,100.0,15.0,53
1470.88,1073.94,4.664,100.0,15.0,44
778.0,613.44,4.664,100.0,15.0,82
1573.69,569.0,4.664,100.0,15.0,27
1504.51,825.41,4.664,100.0,15.0,1c
798.63,778.69,4.664,100.0,15.0,15
1489.07,825.69,4.664,100.0,15.0,3
1579.38,473.19,4.664,100.0,15.0,34
874.28,625.54,4.664,100.0,15.0,63
1485.04,841.29,4.664,100.0,15.0,1b
1498.87,847.16,4.664,100.0,15.0,1
1457.38,1043.5,4.664,100.0,15.0,204c
583.69,854.5,4.876,100.0,15.0,9
323.63,227.57,4.876,100.0,15.0,12
977.75,829.69,4.876,100.0,15.0,52
1425.56,1082.94,4.876,100.0,15.0,78
768.63,816.34,4.876,100.0,15.0,53
1470.88,1073.94,4.876,100.0,15.0,44
778.0,613.44,4.876,100.0,15.0,82
1573.69,569.0,4.876,100.0,15.0,27
1504.51,825.41,4.876,100.0,15.0,1c
798.63,778.69,4.876,100.0,15.0,15
1489.07,825.69,4.876,100.0,15.0,3
1579.38,473.19,4.876,100.0,15.0,34
874.28,625.54,4.876,100.0,15.0,63
1485.04,841.29,4.876,100.0,15.0,1b
1498.87,847.16,4.876,100.0,15.0,1
1457.38,1043.5,4.876,100.0,15.0,204c
583.69,854.5,5.088,100.0,15.0,9
323.63,227.57,5.088,100.0,15.0,12
977.75,829.69,5.088,100.0,15.0,52
1425.56,1082.94,5.088,100.0,15.0,78
768.63,816.34,5.088,100.0,15.0,53
1470.88,1073.94,5.088,100.0,15.0,44
778.0,613.44,5.088,100.0,15.0,82
1573.69,569.0,5.088,100.0,15.0,27
1504.51,825.41,5.088,100.0,15.0,1c
798.63,778.69,5.088,100.0,15.0,15
1489.07,825.69,5.088,100.0,15.0,3
1579.38,473.19,5.088,100.0,15.0,34
874.28,625.54,5.088,100.0,15.0,63
1485.04,841.29,5.088,100.0,15.0,1b
1498.87,847.16,5.088,100.0,15.0,1
1457.38,1043.5,5.088,100.0,15.0,204c
583.69,854.5,5.3,100.0,15.0,9
323.63,227.57,5.3,100.0,15.0,12
977.75,829.69,5.3,100.0,15.0,52
1425.56,1082.94,5.3,100.0,15.0,78
768.63,816.34,5.3,100.0,15.0,53
1470.88,1073.94,5.3,100.0,15.0,44
778.0,613.44,5.3,100.0,15.0,82
1573.69,569.0,5.3,100.0,15.0,27
1504.51,825.41,5.3,100.0,15.0,1c
798.63,778.69,5.3,100.0,15.0,15
1489.07,825.69,5.3,100.0,15.0,3
1579.38,473.19,5.3,100.0,15.0,34
874.28,625.54,5.3,100.0,15.0,63
1485.04,841.29,5.3,100.0,15.0,1b
1498.87,847.16,5.3,100.0,15.0,1
1457.38,1043.5,5.3,100.0,15.0,204c
583.69,854.5,5.512,100.0,15.0,9
323.63,227.57,5.512,100.0,15.0,12
977.75,829.69,5.512,100.0,15.0,52
1425.56,1082.94,5.512,100.0,15.0,78
768.63,816.34,5.512,100.0,15.0,53
1470.88,1073.94,5.512,100.0,15.0,44
778.0,613.44,5.512,100.0,15.0,82
1573.69,569.0,5.512,100.0,15.0,27
1504.51,825.41,5.512,100.0,15.0,1c
798.63,778.69,5.512,100.0,15.0,15
1489.07,825.69,5.512,100.0,15.0,3
1579.38,473.19,5.512,100.0,15.0,34
874.28,625.54,5.512,100.0,15.0,63
1485.04,841.29,5.512,100.0,15.0,1b
1498.87,847.16,5.512,100.0,15.0,1
1457.38,1043.5,5.512,100.0,15.0,204c
583.69,854.5,5.724,100.0,15.0,9
323.63,227.57,5.724,100.0,15.0,12
977.75,829.69,5.724,100.0,15.0,52
1425.56,1082.94,5.724,100.0,15.0,78
768.63,816.34,5.724,100.0,15.0,53
1470.88,1073.94,5.724,100.0,15.0,44
778.0,613.44,5.724,100.0,15.0,82
1573.69,569.0,5.724,100.0,15.0,27
1504.51,825.41,5.724,100.0,15.0,1c
798.63,778.69,5.724,100.0,15.0,15
1489.07,825.69,5.724,100.0,15.0,3
1579.38,473.19,5.724,100.0,15.0,34
874.28,625.54,5.724,100.0,15.0,63
1485.04,841.29,5.724,100.0,15.0,1b
1498.87,847.16,5.724,100.0,15.0,1
1457.38,1043.5,5.724,100.0,15.0,204c
583.69,854.5,5.936,100.0,15.0,9
323.63,227.57,5.936,100.0,15.0,12
977.75,829.69,5.936,100.0,15.0,52
1425.56,1082.94,5.936,100.0,15.0,78
768.63,816.34,5.936,100.0,15.0,53
1470.88,1073.94,5.936,100.0,15.0,44
778.0,613.44,5.936,100.0,15.0,82
1573.69,569.0,5.936,100.0,15.0,27
1504.51,825.41,5.936,100.0,15.0,1c
798.63,778.69,5.936,100.0,15.0,15
1489.07,825.69,5.936,100.0,15.0,3
1579.38,473.19,5.936,100.0,15.0,34
874.28,625.54,5.936,100.0,15.0,63
1485.04,841.29,5.936,100.0,15.0,1b
1498.87,847.16,5.936,100.0,15.0,1
1457.38,1043.5,5.936,100.0,15.0,204c
583.69,854.5,6.148,100.0,15.0,9
323.63,227.57,6.148,100.0,15.0,12
977.75,829.69,6.148,100.0,15.0,52
1425.56,1082.94,6.148,100.0,15.0,78
768.63,816.34,6.148,100.0,15.0,53
1470.88,1073.94,6.148,100.0,15.0,44
778.0,613.44,6.148,100.0,15.0,82
1573.69,569.0,6.148,100.0,15.0,27
1504.51,825.41,6.148,100.0,15.0,1c
798.63,778.69,6.148,100.0,15.0,15
1489.07,825.69,6.148,100.0,15.0,3
1579.38,473.19,6.148,100.0,15.0,34
874.28,625.54,6.148,100.0,15.0,63
1485.04,841.29,6.148,100.0,15.0,1b
1498.87,847.16,6.148,100.0,15.0,1
1457.38,1043.5,6.148,100.0,15.0,204c
583.69,854.5,6.36,100.0,15.0,9
323.63,227.57,6.36,100.0,15.0,12
977.75,829.69,6.36,100.0,15.0,52
1425.56,1082.94,6.36,100.0,15.0,78
768.63,816.34,6.36,100.0,15.0,53
1470.88,1073.94,6.36,100.0,15.0,44
778.0,613.44,6.36,100.0,15.0,82
1573.69,569.0,6.36,100.0,15.0,27
1504.51,825.41,6.36,100.0,15.0,1c
798.63,778.69,6.36,100.0,15.0,15
1489.07,825.69,6.36,100.0,15.0,3
1579.38,473.19,6.36,100.0,15.0,34
874.28,625.54,6.36,100.0,15.0,63
1485.04,841.29,6.36,100.0,15.0,1b
1498.87,847.16,6.36,100.0,15.0,1
1457.38,1043.5,6.36,100.0,15.0,204c
583.69,854.5,6.572,100.0,15.0,9
323.63,227.57,6.572,100.0,15.0,12
977.75,829.69,6.572,100.0,15.0,52
1425.56,1082.94,6.572,100.0,15.0,78
768.63,816.34,6.572,100.0,15.0,53
1470.88,1073.94,6.572,100.0,15.0,44
778.0,613.44,6.572,100.0,15.0,82
1573.69,569.0,6.572,100.0,15.0,27
1504.51,825.41,6.572,100.0,15.0,1c
798.63,778.69,6.572,100.0,15.0,15
1489.07,825.69,6.572,100.0,15.0,3
1579.38,473.19,6.572,100.0,15.0,34
874.28,625.54,6.572,100.0,15.0,63
1485.04,841.29,6.572,100.0,15.0,1b
1498.87,847.16,6.572,100.0,15.0,1
1457.38,1043.5,6.572,100.0,15.0,204c
583.69,854.5,6.784,100.0,15.0,9
323.63,227.57,6.784,100.0,15.0,12
977.75,829.69,6.784,100.0,15.0,52
1425.56,1082.94,6.784,100.0,15.0,78
768.63,816.34,6.784,100.0,15.0,53
1470.88,1073.94,6.784,100.0,15.0,44
778.0,613.44,6.784,100.0,15.0,82
1573.69,569.0,6.784,100.0,15.0,27
1504.51,825.41,6.784,100.0,15.0,1c
798.63,778.69,6.784,100.0,15.0,15
1489.07,825.69,6.784,100.0,15.0,3
1579.38,473.19,6.784,100.0,15.0,34
874.28,625.54,6.784,100.0,15.0,63
1485.04,841.29,6.784,100.0,15.0,1b
1498.87,847.16,6.784,100.0,15.0,1
1457.38,1043.5,6.784,100.0,15.0,204c
583.69,854.5,6.996,100.0,15.0,9
323.63,227.57,6.996,100.0,15.0,12
977.75,829.69,6.996,100.0,15.0,52
1425.56,1082.94,6.996,100.0,15.0,78
768.63,816.34,6.996,100.0,15.0,53
1470.88,1073.94,6.996,100.0,15.0,44
778.0,613.44,6.996,100.0,15.0,82
1573.69,569.0,6.996,100.0,15.0,27
1504.51,825.41,6.996,100.0,15.0,1c
798.63,778.69,6.996,100.0,15.0,15
1489.07,825.69,6.996,100.0,15.0,3
1579.38,473.19,6.996,100.0,15.0,34
874.28,625.54,6.996,100.0,15.0,63
1485.04,841.29,6.996,100.0,15.0,1b
1498.87,847.16,6.996,100.0,15.0,1
1457.38,1043.5,6.996,100.0,15.0,204c
583.69,854.5,7.208,100.0,15.0,9
323.63,227.57,7.208,100.0,15.0,12
977.75,829.69,7.208,100.0,15.0,52
1425.56,1082.94,7.208,100.0,15.0,78
768.63,816.34,7.208,100.0,15.0,53
1470.88,1073.94,7.208,100.0,15.0,44
778.0,613.44,7.208,100.0,15.0,82
1573.69,569.0,7.208,100.0,15.0,27
1504.51,825.41,7.208,100.0,15.0,1c
798.63,778.69,7.208,100.0,15.0,15
1489.07,825.69,7.208,100.0,15.0,3
1579.38,473.19,7.208,100.0,15.0,34
874.28,625.54,7.208,100.0,15.0,63
1485.04,841.29,7.208,100.0,15.0,1b
1498.87,847.16,7.208,100.0,15.0,1
1457.38,1043.5,7.208,100.0,15.0,204c
583.69,854.5,7.42,100.0,15.0,9
323.63,227.57,7.42,100.0,15.0,12
977.75,829.69,7.42,100.0,15.0,52
1425.56,1082.94,7.42,100.0,15.0,78
768.63,816.34,7.42,100.0,15.0,53
1470.88,1073.94,7.42,100.0,15.0,44
778.0,613.44,7.42,100.0,15.0,82
1573.69,569.0,7.42,100.0,15.0,27
1504.51,825.41,7.42,100.0,15.0,1c
798.63,778.69,7.42,100.0,15.0,15
1489.07,825.69,7.42,100.0,15.0,3
1579.38,473.19,7.42,100.0,15.0,34
874.28,625.54,7.42,100.0,15.0,63
1485.04,841.29,7.42,100.0,15.0,1b
1498.87,847.16,7.42,100.0,15.0,1
1457.38,1043.5,7.42,100.0,15.0,204c
583.69,854.5,7.632,100.0,15.0,9
323.63,227.57,7.632,100.0,15.0,12
977.75,829.69,7.632,100.0,15.0,52
1425.56,1082.94,7.632,100.0,15.0,78
768.63,816.34,7.632,100.0,15.0,53
1470.88,1073.94,7.632,100.0,15.0,44
778.0,613.44,7.632,100.0,15.0,82
1573.69,569.0,7.632,100.0,15.0,27
1504.51,825.41,7.632,100.0,15.0,1c
798.63,778.69,7.632,100.0,15.0,15
1489.07,825.69,7.632,100.0,15.0,3
1579.38,473.19,7.632,100.0,15.0,34
874.28,625.54,7.632,100.0,15.0,63
1485.04,841.29,7.632,100.0,15.0,1b
1498.87,847.16,7.632,100.0,15.0,1
1457.38,1043.5,7.632,100.0,15.0,204c
583.69,854.5,7.844,100.0,15.0,9
323.63,227.57,7.844,100.0,15.0,12
977.75,829.69,7.844,100.0,15.0,52
1425.56,1082.94,7.844,100.0,15.0,78
768.63,816.34,7.844,100.0,15.0,53
1470.88,1073.94,7.844,100.0,15.0,44
778.0,613.44,7.844,100.0,15.0,82
1573.69,569.0,7.844,100.0,15.0,27
1504.51,825.41,7.844,100.0,15.0,1c
798.63,778.69,7.844,100.0,15.0,15
1489.07,825.69,7.844,100.0,15.0,3
1579.38,473.19,7.844,100.0,15.0,34
874.28,625.54,7.844,100.0,15.0,63
1485.04,841.29,7.844,100.0,15.0,1b
1498.87,847.16,7.844,100.0,15.0,1
1457.38,1043.5,7.844,100.0,15.0,204c
583.69,854.5,8.056,100.0,15.0,9
323.63,227.57,8.056,100.0,15.0,12
977.75,829.69,8.056,100.0,15.0,52
1425.56,1082.94,8.056,100.0,15.0,78
768.63,816.34,8.056,100.0,15.0,53
1470.88,1073.94,8.056,100.0,15.0,44
778.0,613.44,8.056,100.0,15.0,82
1573.69,569.0,8.056,100.0,15.0,27
1504.51,825.41,8.056,100.0,15.0,1c
798.63,778.69,8.056,100.0,15.0,15
1489.07,825.69,8.056,100.0,15.0,3
1579.38,473.19,8.056,100.0,15.0,34
874.28,625.54,8.056,100.0,15.0,63
1485.04,841.29,8.056,100.0,15.0,1b
1498.87,847.16,8.056,100.0,15.0,1
1457.38,1043.5,8.056,100.0,15.0,204c
583.69,854.5,8.268,100.0,15.0,9
323.63,227.57,8.268,100.0,15.0,12
977.75,829.69,8.268,100.0,15.0,52
1425.56,1082.94,8.268,100.0,15.0,78
768.63,816.34,8.268,100.0,15.0,53
1470.88,1073.94,8.268,100.0,15.0,44
778.0,613.44,8.268,100.0,15.0,82
1573.69,569.0,8.268,100.0,15.0,27
1504.51,825.41,8.268,100.0,15.0,1c
798.63,778.69,8.268,100.0,15.0,15
1489.07,825.69,8.268,100.0,15.0,3
1579.38,473.19,8.268,100.0,15.0,34
874.28,625.54,8.268,100.0,15.0,63
1485.04,841.29,8.268,100.0,15.0,1b
1498.87,847.16,8.268,100.0,15.0,1
1457.38,1043.5,8.268,100.0,15.0,204c
583.69,854.5,8.48,100.0,15.0,9
323.63,227.57,8.48,100.0,15.0,12
977.75,829.69,8.48,100.0,15.0,52
1425.56,1082.94,8.48,100.0,15.0,78
768.63,816.34,8.48,100.0,15.0,53
1470.88,1073.94,8.48,100.0,15.0,44
778.0,613.44,8.48,100.0,15.0,82
1573.69,569.0,8.48,100.0,15.0,27
1504.51,825.41,8.48,100.0,15.0,1c
798.63,778.69,8.48,100.0,15.0,15
1489.07,825.69,8.48,100.0,15.0,3
1579.38,473.19,8.48,100.0,15.0,34
874.28,625.54,8.48,100.0,15.0,63
1485.04,841.29,8.48,100.0,15.0,1b
1498.87,847.16,8.48,100.0,15.0,1
1457.38,1043.5,8.48,100.0,15.0,204c
583.69,854.5,8.692,100.0,15.0,9
323.63,227.57,8.692,100.0,15.0,12
977.75,829.69,8.692,100.0,15.0,52
1425.56,1082.94,8.692,100.0,15.0,78
768.63,816.34,8.692,100.0,15.0,53
1470.88,1073.94,8.692,100.0,15.0,44
778.0,613.44,8.692,100.0,15.0,82
1573.69,569.0,8.692,100.0,15.0,27
1504.51,825.41,8.692,100.0,15.0,1c
798.63,778.69,8.692,100.0,15.0,15
1489.07,825.69,8.692,100.0,15.0,3
1579.38,473.19,8.692,100.0,15.0,34
874.28,625.54,8.692,100.0,15.0,63
1485.04,841.29,8.692,100.0,15.0,1b
1498.87,847.16,8.692,100.0,15.0,1
1457.38,1043.5,8.692,100.0,15.0,204c
583.69,854.5,8.904,100.0,15.0,9
323.63,227.57,8.904,100.0,15.0,12
977.75,829.69,8.904,100.0,15.0,52
1425.56,1082.94,8.904,100.0,15.0,78
768.63,816.34,8.904,100.0,15.0,53
1470.88,1073.94,8.904,100.0,15.0,44
778.0,613.44,8.904,100.0,15.0,82
1573.69,569.0,8.904,100.0,15.0,27
1504.51,825.41,8.904,100.0,15.0,1c
798.63,778.69,8.904,100.0,15.0,15
1489.07,825.69,8.904,100.0,15.0,3
1579.38,473.19,8.904,100.0,15.0,34
874.28,625.54,8.904,100.0,15.0,63
1485.04,841.29,8.904,100.0,15.0,1b
1498.87,847.16,8.904,100.0,15.0,1
1457.38,1043.5,8.904,100.0,15.0,204c
583.69,854.5,9.116,100.0,15.0,9
323.63,227.57,9.116,100.0,15.0,12
977.75,829.69,9.116,100.0,15.0,52
1425.56,1082.94,9.116,100.0,15.0,78
768.63,816.34,9.116,100.0,15.0,53
1470.88,1073.94,9.116,100.0,15.0,44
778.0,613.44,9.116,100.0,15.0,82
1573.69,569.0,9.116,100.0,15.0,27
1504.51,825.41,9.116,100.0,15.0,1c
798.63,778.69,9.116,100.0,15.0,15
1489.07,825.69,9.116,100.0,15.0,3
1579.38,473.19,9.116,100.0,15.0,34
874.28,625.54,9.116,100.0,15.0,63
1485.04,841.29,9.116,100.0,15.0,1b
1498.87,847.16,9.116,100.0,15.0,1
1457.38,1043.5,9.116,100.0,15.0,204c
583.69,854.5,9.328,100.0,15.0,9
323.63,227.57,9.328,100.0,15.0,12
977.75,829.69,9.328,100.0,15.0,52
1425.56,1082.94,9.328,100.0,15.0,78
768.63,816.34,9.328,100.0,15.0,53
1470.88,1073.94,9.328,100.0,15.0,44
778.0,613.44,9.328,100.0,15.0,82
1573.69,569.0,9.328,100.0,15.0,27
1504.51,825.41,9.328,100.0,15.0,1c
798.63,778.69,9.328,100.0,15.0,15
1489.07,825.69,9.328,100.0,15.0,3
1579.38,473.19,9.328,100.0,15.0,34
874.28,625.54,9.328,100.0,15.0,63
1485.04,841.29,9.328,100.0,15.0,1b
1498.87,847.16,9.328,100.0,15.0,1
1457.38,1043.5,9.328,100.0,15.0,204c
583.69,854.5,9.54,100.0,15.0,9
323.63,227.57,9.54,100.0,15.0,12
977.75,829.69,9.54,100.0,15.0,52
1425.56,1082.94,9.54,100.0,15.0,78
768.63,816.34,9.54,100.0,15.0,53
1470.88,1073.94,9.54,100.0,15.0,44
778.0,613.44,9.54,100.0,15.0,82
1573.69,569.0,9.54,100.0,15.0,27
1504.51,825.41,9.54,100.0,15.0,1c
798.63,778.69,9.54,100.0,15.0,15
1489.07,825.69,9.54,100.0,15.0,3
1579.38,473.19,9.54,100.0,15.0,34
874.28,625.54,9.54,100.0,15.0,63
1485.04,841.29,9.54,100.0,15.0,1b
1498.87,847.16,9.54,100.0,15.0,1
1457.38,1043.5,9.54,100.0,15.0,204c
583.69,854.5,9.752,100.0,15.0,9
323.63,227.57,9.752,100.0,15.0,12
977.75,829.69,9.752,100.0,15.0,52
1425.56,1082.94,9.752,100.0,15.0,78
768.63,816.34,9.752,100.0,15.0,53
1470.88,1073.94,9.752,100.0,15.0,44
778.0,613.44,9.752,100.0,15.0,82
1573.69,569.0,9.752,100.0,15.0,27
1504.51,825.41,9.752,100.0,15.0,1c
798.63,778.69,9.752,100.0,15.0,15
1489.07,825.69,9.752,100.0,15.0,3
1579.38,473.19,9.752,100.0,15.0,34
874.28,625.54,9.752,100.0,15.0,63
1485.04,841.29,9.752,100.0,15.0,1b
1498.87,847.16,9.752,100.0,15.0,1
1457.38,1043.5,9.752,100.0,15.0,204c
583.69,854.5,9.964,100.0,15.0,9
323.63,227.57,9.964,100.0,15.0,12
977.75,829.69,9.964,100.0,15.0,52
1425.56,1082.94,9.964,100.0,15.0,78
768.63,816.34,9.964,100.0,15.0,53
1470.88,1073.94,9.964,100.0,15.0,44
778.0,613.44,9.964,100.0,15.0,82
1573.69,569.0,9.964,100.0,15.0,27
1504.51,825.41,9.964,100.0,15.0,1c
798.63,778.69,9.964,100.0,15.0,15
1489.07,825.69,9.964,100.0,15.0,3
1579.38,473.19,9.964,100.0,15.0,34
874.28,625.54,9.964,100.0,15.0,63
1485.04,841.29,9.964,100.0,15.0,1b
1498.87,847.16,9.964,100.0,15.0,1
1457.38,1043.5,9.964,100.0,15.0,204c
583.69,854.5,10.176,100.0,15.0,9
323.63,227.57,10.176,100.0,15.0,12
977.75,829.69,10.176,100.0,15.0,52
1425.56,1082.94,10.176,100.0,15.0,78
768.63,816.34,10.176,100.0,15.0,53
1470.88,1073.94,10.176,100.0,15.0,44
778.0,613.44,10.176,100.0,15.0,82
1573.69,569.0,10.176,100.0,15.0,27
1504.51,825.41,10.176,100.0,15.0,1c
798.63,778.69,10.176,100.0,15.0,15
1489.07,825.69,10.176,100.0,15.0,3
1579.38,473.19,10.176,100.0,15.0,34
874.28,625.54,10.176,100.0,15.0,63
1485.04,841.29,10.176,100.0,15.0,1b
1498.87,847.16,10.176,100.0,15.0,1
1457.38,1043.5,10.176,100.0,15.0,204c
583.69,854.5,10.388,100.0,15.0,9
323.63,227.57,10.388,100.0,15.0,12
977.75,829.69,10.388,100.0,15.0,52
1425.56,1082.94,10.388,100.0,15.0,78
768.63,816.34,10.388,100.0,15.0,53
1470.88,1073.94,10.388,100.0,15.0,44
778.0,613.44,10.388,100.0,15.0,82
1573.69,569.0,10.388,100.0,15.0,27
1504.51,825.41,10.388,100.0,15.0,1c
798.63,778.69,10.388,100.0,15.0,15
1489.07,825.69,10.388,100.0,15.0,3
1579.38,473.19,10.388,100.0,15.0,34
874.28,625.54,10.388,100.0,15.0,63
1485.04,841.29,10.388,100.0,15.0,1b
1498.87,847.16,10.388,100.0,15.0,1
1457.38,1043.5,10.388,100.0,15.0,204c
583.69,854.5,10.6,100.0,15.0,9
323.63,227.57,10.6,100.0,15.0,12
977.75,829.69,10.6,100.0,15.0,52
1425.56,1082.94,10.6,100.0,15.0,78
768.63,816.34,10.6,100.0,15.0,53
1470.88,1073.94,10.6,100.0,15.0,44
778.0,613.44,10.6,100.0,15.0,82
1573.69,569.0,10.6,100.0,15.0,27
1504.51,825.41,10.6,100.0,15.0,1c
798.63,778.69,10.6,100.0,15.0,15
1489.07,825.69,10.6,100.0,15.0,3
1579.38,473.19,10.6,100.0,15.0,34
874.28,625.54,10.6,100.0,15.0,63
1485.04,841.29,10.6,100.0,15.0,1b
1498.87,847.16,10.6,100.0,15.0,1
1457.38,1043.5,10.6,100.0,15.0,204c
583.69,854.5,10.812,100.0,15.0,9
323.63,227.57,10.812,100.0,15.0,12
977.75,829.69,10.812,100.0,15.0,52
1425.56,1082.94,10.812,100.0,15.0,78
768.63,816.34,10.812,100.0,15.0,53
1470.88,1073.94,10.812,100.0,15.0,44
778.0,613.44,10.812,100.0,15.0,82
1573.69,569.0,10.812,100.0,15.0,27
1504.51,825.41,10.812,100.0,15.0,1c
798.63,778.69,10.812,100.0,15.0,15
1489.07,825.69,10.812,100.0,15.0,3
1579.38,473.19,10.812,100.0,15.0,34
874.28,625.54,10.812,100.0,15.0,63
1485.04,841.29,10.812,100.0,15.0,1b
1498.87,847.16,10.812,100.0,15.0,1
1457.38,1043.5,10.812,100.0,15.0,204c
583.69,854.5,11.024,100.0,15.0,9
323.63,227.57,11.024,100.0,15.0,12
977.75,829.69,11.024,100.0,15.0,52
1425.56,1082.94,11.024,100.0,15.0,78
768.63,816.34,11.024,100.0,15.0,53
1470.88,1073.94,11.024,100.0,15.0,44
778.0,613.44,11.024,100.0,15.0,82
1573.69,569.0,11.024,100.0,15.0,27
1504.51,825.41,11.024,100.0,15.0,1c
798.63,778.69,11.024,100.0,15.0,15
1489.07,825.69,11.024,100.0,15.0,3
1579.38,473.19,11.024,100.0,15.0,34
874.28,625.54,11.024,100.0,15.0,63
1485.04,841.29,11.024,100.0,15.0,1b
1498.87,847.16,11.024,100.0,15.0,1
1457.38,1043.5,11.024,100.0,15.0,204c
583.69,854.5,11.236,100.0,15.0,9
323.63,227.57,11.236,100.0,15.0,12
977.75,829.69,11.236,100.0,15.0,52
1425.56,1082.94,11.236,100.0,15.0,78
768.63,816.34,11.236,100.0,15.0,53
1470.88,1073.94,11.236,100.0,15.0,44
778.0,613.44,11.236,100.0,15.0,82
1573.69,569.0,11.236,100.0,15.0,27
1504.51,825.41,11.236,100.0,15.0,1c
798.63,778.69,11.236,100.0,15.0,15
1489.07,825.69,11.236,100.0,15.0,3
1579.38,473.19,11.236,100.0,15.0,34
874.28,625.54,11.236,100.0,15.0,63
1485.04,841.29,11.236,100.0,15.0,1b
1498.87,847.16,11.236,100.0,15.0,1
1457.38,1043.5,11.236,100.0,15.0,204c
583.69,854.5,11.448,100.0,15.0,9
323.63,227.57,11.448,100.0,15.0,12
977.75,829.69,11.448,100.0,15.0,52
1425.56,1082.94,11.448,100.0,15.0,78
768.63,816.34,11.448,100.0,15.0,53
1470.88,1073.94,11.448,100.0,15.0,44
778.0,613.44,11.448,100.0,15.0,82
1573.69,569.0,11.448,100.0,15.0,27
1504.51,825.41,11.448,100.0,15.0,1c
798.63,778.69,11.448,100.0,15.0,15
1489.07,825.69,11.448,100.0,15.0,3
1579.38,473.19,11.448,100.0,15.0,34
874.28,625.54,11.448,100.0,15.0,63
1485.04,841.29,11.448,100.0,15.0,1b
1498.87,847.16,11.448,100.0,15.0,1
1457.38,1043.5,11.448,100.0,15.0,204c
583.69,854.5,11.66,100.0,15.0,9
323.63,227.57,11.66,100.0,15.0,12
977.75,829.69,11.66,100.0,15.0,52
1425.56,1082.94,11.66,100.0,15.0,78
768.63,816.34,11.66,100.0,15.0,53
1470.88,1073.94,11.66,100.0,15.0,44
778.0,613.44,11.66,100.0,15.0,82
1573.69,569.0,11.66,100.0,15.0,27
1504.51,825.41,11.66,100.0,15.0,1c
798.63,778.69,11.66,100.0,15.0,15
1489.07,825.69,11.66,100.0,15.0,3
1579.38,473.19,11.66,100.0,15.0,34
874.28,625.54,11.66,100.0,15.0,63
1485.04,841.29,11.66,100.0,15.0,1b
1498.87,847.16,11.66,100.0,15.0,1
1457.38,1043.5,11.66,100.0,15.0,204c
583.69,854.5,11.872,100.0,15.0,9
323.63,227.57,11.872,100.0,15.0,12
977.75,829.69,11.872,100.0,15.0,52
1425.56,1082.94,11.872,100.0,15.0,78
768.63,816.34,11.872,100.0,15.0,53
1470.88,1073.94,11.872,100.0,15.0,44
778.0,613.44,11.872,100.0,15.0,82
1573.69,569.0,11.872,100.0,15.0,27
1504.51,825.41,11.872,100.0,15.0,1c
798.63,778.69,11.872,100.0,15.0,15
1489.07,825.69,11.872,100.0,15.0,3
1579.38,473.19,11.872,100.0,15.0,34
874.28,625.54,11.872,100.0,15.0,63
1485.04,841.29,11.872,100.0,15.0,1b
1498.87,847.16,11.872,100.0,15.0,1
1457.38,1043.5,11.872,100.0,15.0,204c
583.69,854.5,12.084,100.0,15.0,9
323.63,227.57,12.084,100.0,15.0,12
977.75,829.69,12.084,100.0,15.0,52
1425.56,1082.94,12.084,100.0,15.0,78
768.63,816.34,12.084,100.0,15.0,53
1470.88,1073.94,12.084,100.0,15.0,44
778.0,613.44,12.084,100.0,15.0,82
1573.69,569.0,12.084,100.0,15.0,27
1504.51,825.41,12.084,100.0,15.0,1c
798.63,778.69,12.084,100.0,15.0,15
1489.07,825.69,12.084,100.0,15.0,3
1579.38,473.19,12.084,100.0,15.0,34
874.28,625.54,12.084,100.0,15.0,63
1485.04,841.29,12.084,100.0,15.0,1b
1498.87,847.16,12.084,100.0,15.0,1
1457.38,1043.5,12.084,100.0,15.0,204c
583.69,854.5,12.296,100.0,15.0,9
323.63,227.57,12.296,100.0,15.0,12
977.75,829.69,12.296,100.0,15.0,52
1425.56,1082.94,12.296,100.0,15.0,78
768.63,816.34,12.296,100.0,15.0,53
1470.88,1073.94,12.296,100.0,15.0,44
778.0,613.44,12.296,100.0,15.0,82
1573.69,569.0,12.296,100.0,15.0,27
1504.51,825.41,12.296,100.0,15.0,1c
798.63,778.69,12.296,100.0,15.0,15
1489.07,825.69,12.296,100.0,15.0,3
1579.38,473.19,12.296,100.0,15.0,34
874.28,625.54,12.296,100.0,15.0,63
1485.04,841.29,12.296,100.0,15.0,1b
1498.87,847.16,12.296,100.0,15.0,1
1457.38,1043.5,12.296,100.0,15.0,204c
583.69,854.5,12.508,100.0,15.0,9
323.63,227.57,12.508,100.0,15.0,12
977.75,829.69,12.508,100.0,15.0,52
1425.56,1082.94,12.508,100.0,15.0,78
768.63,816.34,12.508,100.0,15.0,53
1470.88,1073.94,12.508,100.0,15.0,44
778.0,613.44,12.508,100.0,15.0,82
1573.69,569.0,12.508,100.0,15.0,27
1504.51,825.41,12.508,100.0,15.0,1c
798.63,778.69,12.508,100.0,15.0,15
1489.07,825.69,12.508,100.0,15.0,3
1579.38,473.19,12.508,100.0,15.0,34
874.28,625.54,12.508,100.0,15.0,63
1485.04,841.29,12.508,100.0,15.0,1b
1498.87,847.16,12.508,100.0,15.0,1
1457.38,1043.5,12.508,100.0,15.0,204c
583.69,854.5,12.72,100.0,15.0,9
323.63,227.57,12.72,100.0,15.0,12
977.75,829.69,12.72,100.0,15.0,52
1425.56,1082.94,12.72,100.0,15.0,78
768.63,816.34,12.72,100.0,15.0,53
1470.88,1073.94,12.72,100.0,15.0,44
778.0,613.44,12.72,100.0,15.0,82
1573.69,569.0,12.72,100.0,15.0,27
1504.51,825.41,12.72,100.0,15.0,1c
798.63,778.69,12.72,100.0,15.0,15
1489.07,825.69,12.72,100.0,15.0,3
1579.38,473.19,12.72,100.0,15.0,34
874.28,625.54,12.72,100.0,15.0,63
1485.04,841.29,12.72,100.0,15.0,1b
1498.87,847.16,12.72,100.0,15.0,1
1457.38,1043.5,12.72,100.0,15.0,204c
583.69,854.5,12.932,100.0,15.0,9
323.63,227.57,12.932,100.0,15.0,12
977.75,829.69,12.932,100.0,15.0,52
1425.56,1082.94,12.932,100.0,15.0,78
768.63,816.34,12.932,100.0,15.0,53
1470.88,1073.94,12.932,100.0,15.0,44
778.0,613.44,12.932,100.0,15.0,82
1573.69,569.0,12.932,100.0,15.0,27
1504.51,825.41,12.932,100.0,15.0,1c
798.63,778.69,12.932,100.0,15.0,15
1489.07,825.69,12.932,100.0,15.0,3
1579.38,473.19,12.932,100.0,15.0,34
874.28,625.54,12.932,100.0,15.0,63
1485.04,841.29,12.932,100.0,15.0,1b
1498.87,847.16,12.932,100.0,15.0,1
1457.38,1043.5,12.932,100.0,15.0,204c
583.69,854.5,13.144,100.0,15.0,9
323.63,227.57,13.144,100.0,15.0,12
977.75,829.69,13.144,100.0,15.0,52
1425.56,1082.94,13.144,100.0,15.0,78
768.63,816.34,13.144,100.0,15.0,53
1470.88,1073.94,13.144,100.0,15.0,44
778.0,613.44,13.144,100.0,15.0,82
1573.69,569.0,13.144,100.0,15.0,27
1504.51,825.41,13.144,100.0,15.0,1c
798.63,778.69,13.144,100.0,15.0,15
1489.07,825.69,13.144,100.0,15.0,3
1579.38,473.19,13.144,100.0,15.0,34
874.28,625.54,13.144,100.0,15.0,63
1485.04,841.29,13.144,100.0,15.0,1b
1498.87,847.16,13.144,100.0,15.0,1
1457.38,1043.5,13.144,100.0,15.0,204c
583.69,854.5,13.356,100.0,15.0,9
323.63,227.57,13.356,100.0,15.0,12
977.75,829.69,13.356,100.0,15.0,52
1425.56,1082.94,13.356,100.0,15.0,78
768.63,816.34,13.356,100.0,15.0,53
1470.88,1073.94,13.356,100.0,15.0,44
778.0,613.44,13.356,100.0,15.0,82
1573.69,569.0,13.356,100.0,15.0,27
1504.51,825.41,13.356,100.0,15.0,1c
798.63,778.69,13.356,100.0,15.0,15
1489.07,825.69,13.356,100.0,15.0,3
1579.38,473.19,13.356,100.0,15.0,34
874.28,625.54,13.356,100.0,15.0,63
1485.04,841.29,13.356,100.0,15.0,1b
1498.87,847.16,13.356,100.0,15.0,1
1457.38,1043.5,13.356,100.0,15.0,204c
583.69,854.5,13.568,100.0,15.0,9
323.63,227.57,13.568,100.0,15.0,12
977.75,829.69,13.568,100.0,15.0,52
1425.56,1082.94,13.568,100.0,15.0,78
768.63,816.34,13.568,100.0,15.0,53
1470.88,1073.94,13.568,100.0,15.0,44
778.0,613.44,13.568,100.0,15.0,82
1573.69,569.0,13.568,100.0,15.0,27
1504.51,825.41,13.568,100.0,15.0,1c
798.63,778.69,13.568,100.0,15.0,15
1489.07,825.69,13.568,100.0,15.0,3
1579.38,473.19,13.568,100.0,15.0,34
874.28,625.54,13.568,100.0,15.0,63
1485.04,841.29,13.568,100.0,15.0,1b
1498.87,847.16,13.568,100.0,15.0,1
1457.38,1043.5,13.568,100.0,15.0,204c
583.69,854.5,13.78,100.0,15.0,9
323.63,227.57,13.78,100.0,15.0,12
977.75,829.69,13.78,100.0,15.0,52
1425.56,1082.94,13.78,100.0,15.0,78
768.63,816.34,13.78,100.0,15.0,53
1470.88,1073.94,13.78,100.0,15.0,44
778.0,613.44,13.78,100.0,15.0,82
1573.69,569.0,13.78,100.0,15.0,27
1504.51,825.41,13.78,100.0,15.0,1c
798.63,778.69,13.78,100.0,15.0,15
1489.07,825.69,13.78,100.0,15.0,3
1579.38,473.19,13.78,100.0,15.0,34
874.28,625.54,13.78,100.0,15.0,63
1485.04,841.29,13.78,100.0,15.0,1b
1498.87,847.16,13.78,100.0,15.0,1
1457.38,1043.5,13.78,100.0,15.0,204c
583.69,854.5,13.992,100.0,15.0,9
323.63,227.57,13.992,100.0,15.0,12
977.75,829.69,13.992,100.0,15.0,52
1425.56,1082.94,13.992,100.0,15.0,78
768.63,816.34,13.992,100.0,15.0,53
1470.88,1073.94,13.992,100.0,15.0,44
778.0,613.44,13.992,100.0,15.0,82
1573.69,569.0,13.992,100.0,15.0,27
1504.51,825.41,13.992,100.0,15.0,1c
798.63,778.69,13.992,100.0,15.0,15
1489.07,825.69,13.992,100.0,15.0,3
1579.38,473.19,13.992,100.0,15.0,34
874.28,625.54,13.992,100.0,15.0,63
1485.04,841.29,13.992,100.0,15.0,1b
1498.87,847.16,13.992,100.0,15.0,1
1457.38,1043.5,13.992,100.0,15.0,204c
583.69,854.5,14.204,100.0,15.0,9
323.63,227.57,14.204,100.0,15.0,12
977.75,829.69,14.204,100.0,15.0,52
1425.56,1082.94,14.204,100.0,15.0,78
768.63,816.34,14.204,100.0,15.0,53
1470.88,1073.94,14.204,100.0,15.0,44
778.0,613.44,14.204,100.0,15.0,82
1573.69,569.0,14.204,100.0,15.0,27
1504.51,825.41,14.204,100.0,15.0,1c
798.63,778.69,14.204,100.0,15.0,15
1489.07,825.69,14.204,100.0,15.0,3
1579.38,473.19,14.204,100.0,15.0,34
874.28,625.54,14.204,100.0,15.0,63
1485.04,841.29,14.204,100.0,15.0,1b
1498.87,847.16,14.204,100.0,15.0,1
1457.38,1043.5,14.204,100.0,15.0,204c
583.69,854.5,14.416,100.0,15.0,9
323.63,227.57,14.416,100.0,15.0,12
977.75,829.69,14.416,100.0,15.0,52
1425.56,1082.94,14.416,100.0,15.0,78
768.63,816.34,14.416,100.0,15.0,53
1470.88,1073.94,14.416,100.0,15.0,44
778.0,613.44,14.416,100.0,15.0,82
1573.69,569.0,14.416,100.0,15.0,27
1504.51,825.41,14.416,100.0,15.0,1c
798.63,778.69,14.416,100.0,15.0,15
1489.07,825.69,14.416,100.0,15.0,3
1579.38,473.19,14.416,100.0,15.0,34
874.28,625.54,14.416,100.0,15.0,63
1485.04,841.29,14.416,100.0,15.0,1b
1498.87,847.16,14.416,100.0,15.0,1
1457.38,1043.5,14.416,100.0,15.0,204c
583.69,854.5,14.628,100.0,15.0,9
323.63,227.57,14.628,100.0,15.0,12
977.75,829.69,14.628,100.0,15.0,52
1425.56,1082.94,14.628,100.0,15.0,78
768.63,816.34,14.628,100.0,15.0,53
1470.88,1073.94,14.628,100.0,15.0,44
778.0,613.44,14.628,100.0,15.0,82
1573.69,569.0,14.628,100.0,15.0,27
1504.51,825.41,14.628,100.0,15.0,1c
798.63,778.69,14.628,100.0,15.0,15
1489.07,825.69,14.628,100.0,15.0,3
1579.38,473.19,14.628,100.0,15.0,34
874.28,625.54,14.628,100.0,15.0,63
1485.04,841.29,14.628,100.0,15.0,1b
1498.87,847.16,14.628,100.0,15.0,1
1457.38,1043.5,14.628,100.0,15.0,204c
583.69,854.5,14.84,100.0,15.0,9
323.63,227.57,14.84,100.0,15.0,12
977.75,829.69,14.84,100.0,15.0,52
1425.56,1082.94,14.84,100.0,15.0,78
768.63,816.34,14.84,100.0,15.0,53
1470.88,1073.94,14.84,100.0,15.0,44
778.0,613.44,14.84,100.0,15.0,82
1573.69,569.0,14.84,100.0,15.0,27
1504.51,825.41,14.84,100.0,15.0,1c
798.63,778.69,14.84,100.0,15.0,15
1489.07,825.69,14.84,100.0,15.0,3
1579.38,473.19,14.84,100.0,15.0,34
874.28,625.54,14.84,100.0,15.0,63
1485.04,841.29,14.84,100.0,15.0,1b
1498.87,847.16,14.84,100.0,15.0,1
1457.38,1043.5,14.84,100.0,15.0,204c
583.69,854.5,15.052,100.0,15.0,9
323.63,227.57,15.052,100.0,15.0,12
977.75,829.69,15.052,100.0,15.0,52
1425.56,1082.94,15.052,100.0,15.0,78
768.63,816.34,15.052,100.0,15.0,53
1470.88,1073.94,15.052,100.0,15.0,44
778.0,613.44,15.052,100.0,15.0,82
1573.69,569.0,15.052,100.0,15.0,27
1504.51,825.41,15.052,100.0,15.0,1c
798.63,778.69,15.052,100.0,15.0,15
1489.07,825.69,15.052,100.0,15.0,3
1579.38,473.19,15.052,100.0,15.0,34
874.28,625.54,15.052,100.0,15.0,63
1485.04,841.29,15.052,100.0,15.0,1b
1498.87,847.16,15.052,100.0,15.0,1
1457.38,1043.5,15.052,100.0,15.0,204c
583.69,854.5,15.264,100.0,15.0,9
323.63,227.57,15.264,100.0,15.0,12
977.75,829.69,15.264,100.0,15.0,52
1425.56,1082.94,15.264,100.0,15.0,78
768.63,816.34,15.264,100.0,15.0,53
1470.88,1073.94,15.264,100.0,15.0,44
778.0,613.44,15.264,100.0,15.0,82
1573.69,569.0,15.264,100.0,15.0,27
1504.51,825.41,15.264,100.0,15.0,1c
798.63,778.69,15.264,100.0,15.0,15
1489.07,825.69,15.264,100.0,15.0,3
1579.38,473.19,15.264,100.0,15.0,34
874.28,625.54,15.264,100.0,15.0,63
1485.04,841.29,15.264,100.0,15.0,1b
1498.87,847.16,15.264,100.0,15.0,1
1457.38,1043.5,15.264,100.0,15.0,204c
583.69,854.5,15.476,100.0,15.0,9
323.63,227.57,15.476,100.0,15.0,12
977.75,829.69,15.476,100.0,15.0,52
1425.56,1082.94,15.476,100.0,15.0,78
768.63,816.34,15.476,100.0,15.0,53
1470.88,1073.94,15.476,100.0,15.0,44
778.0,613.44,15.476,100.0,15.0,82
1573.69,569.0,15.476,100.0,15.0,27
1504.51,825.41,15.476,100.0,15.0,1c
798.63,778.69,15.476,100.0,15.0,15
1489.07,825.69,15.476,100.0,15.0,3
1579.38,473.19,15.476,100.0,15.0,34
874.28,625.54,15.476,100.0,15.0,63
1485.04,841.29,15.476,100.0,15.0,1b
1498.87,847.16,15.476,100.0,15.0,1
1457.38,1043.5,15.476,100.0,15.0,204c
583.69,854.5,15.688,100.0,15.0,9
323.63,227.57,15.688,100.0,15.0,12
977.75,829.69,15.688,100.0,15.0,52
1425.56,1082.94,15.688,100.0,15.0,78
768.63,816.34,15.688,100.0,15.0,53
1470.88,1073.94,15.688,100.0,15.0,44
778.0,613.44,15.688,100.0,15.0,82
1573.69,569.0,15.688,100.0,15.0,27
1504.51,825.41,15.688,100.0,15.0,1c
798.63,778.69,15.688,100.0,15.0,15
1489.07,825.69,15.688,100.0,15.0,3
1579.38,473.19,15.688,100.0,15.0,34
874.28,625.54,15.688,100.0,15.0,63
1485.04,841.29,15.688,100.0,15.0,1b
1498.87,847.16,15.688,100.0,15.0,1
1457.38,1043.5,15.688,100.0,15.0,204c
583.69,854.5,15.9,100.0,15.0,9
323.63,227.57,15.9,100.0,15.0,12
977.75,829.69,15.9,100.0,15.0,52
1425.56,1082.94,15.9,100.0,15.0,78
768.63,816.34,15.9,100.0,15.0,53
1470.88,1073.94,15.9,100.0,15.0,44
778.0,613.44,15.9,100.0,15.0,82
1573.69,569.0,15.9,100.0,15.0,27
1504.51,825.41,15.9,100.0,15.0,1c
798.63,778.69,15.9,100.0,15.0,15
1489.07,825.69,15.9,100.0,15.0,3
1579.38,473.19,15.9,100.0,15.0,34
874.28,625.54,15.9,100.0,15.0,63
1485.04,841.29,15.9,100.0,15.0,1b
1498.87,847.16,15.9,100.0,15.0,1
1457.38,1043.5,15.9,100.0,15.0,204c
583.69,854.5,16.112,100.0,15.0,9
323.63,227.57,16.112,100.0,15.0,12
977.75,829.69,16.112,100.0,15.0,52
1425.56,1082.94,16.112,100.0,15.0,78
768.63,816.34,16.112,100.0,15.0,53
1470.88,1073.94,16.112,100.0,15.0,44
778.0,613.44,16.112,100.0,15.0,82
1573.69,569.0,16.112,100.0,15.0,27
1504.51,825.41,16.112,100.0,15.0,1c
798.63,778.69,16.112,100.0,15.0,15
1489.07,825.69,16.112,100.0,15.0,3
1579.38,473.19,16.112,100.0,15.0,34
874.28,625.54,16.112,100.0,15.0,63
1485.04,841.29,16.112,100.0,15.0,1b
1498.87,847.16,16.112,100.0,15.0,1
1457.38,1043.5,16.112,100.0,15.0,204c
583.69,854.5,16.324,100.0,15.0,9
323.63,227.57,16.324,100.0,15.0,12
977.75,829.69,16.324,100.0,15.0,52
1425.56,1082.94,16.324,100.0,15.0,78
768.63,816.34,16.324,100.0,15.0,53
1470.88,1073.94,16.324,100.0,15.0,44
778.0,613.44,16.324,100.0,15.0,82
1573.69,569.0,16.324,100.0,15.0,27
1504.51,825.41,16.324,100.0,15.0,1c
798.63,778.69,16.324,100.0,15.0,15
1489.07,825.69,16.324,100.0,15.0,3
1579.38,473.19,16.324,100.0,15.0,34
874.28,625.54,16.324,100.0,15.0,63
1485.04,841.29,16.324,100.0,15.0,1b
1498.87,847.16,16.324,100.0,15.0,1
1457.38,1043.5,16.324,100.0,15.0,204c
583.69,854.5,16.536,100.0,15.0,9
323.63,227.57,16.536,100.0,15.0,12
977.75,829.69,16.536,100.0,15.0,52
1425.56,1082.94,16.536,100.0,15.0,78
768.63,816.34,16.536,100.0,15.0,53
1470.88,1073.94,16.536,100.0,15.0,44
778.0,613.44,16.536,100.0,15.0,82
1573.69,569.0,16.536,100.0,15.0,27
1504.51,825.41,16.536,100.0,15.0,1c
798.63,778.69,16.536,100.0,15.0,15
1489.07,825.69,16.536,100.0,15.0,3
1579.38,473.19,16.536,100.0,15.0,34
874.28,625.54,16.536,100.0,15.0,63
1485.04,841.29,16.536,100.0,15.0,1b
1498.87,847.16,16.536,100.0,15.0,1
1457.38,1043.5,16.536,100.0,15.0,204c
583.69,854.5,16.748,100.0,15.0,9
323.63,227.57,16.748,100.0,15.0,12
977.75,829.69,16.748,100.0,15.0,52
1425.56,1082.94,16.748,100.0,15.0,78
768.63,816.34,16.748,100.0,15.0,53
1470.88,1073.94,16.748,100.0,15.0,44
778.0,613.44,16.748,100.0,15.0,82
1573.69,569.0,16.748,100.0,15.0,27
1504.51,825.41,16.748,100.0,15.0,1c
798.63,778.69,16.748,100.0,15.0,15
1489.07,825.69,16.748,100.0,15.0,3
1579.38,473.19,16.748,100.0,15.0,34
874.28,625.54,16.748,100.0,15.0,63
1485.04,841.29,16.748,100.0,15.0,1b
1498.87,847.16,16.748,100.0,15.0,1
1457.38,1043.5,16.748,100.0,15.0,204c
583.69,854.5,16.96,100.0,15.0,9
323.63,227.57,16.96,100.0,15.0,12
977.75,829.69,16.96,100.0,15.0,52
1425.56,1082.94,16.96,100.0,15.0,78
768.63,816.34,16.96,100.0,15.0,53
1470.88,1073.94,16.96,100.0,15.0,44
778.0,613.44,16.96,100.0,15.0,82
1573.69,569.0,16.96,100.0,15.0,27
1504.51,825.41,16.96,100.0,15.0,1c
798.63,778.69,16.96,100.0,15.0,15
1489.07,825.69,16.96,100.0,15.0,3
1579.38,473.19,16.96,100.0,15.0,34
874.28,625.54,16.96,100.0,15.0,63
1485.04,841.29,16.96,100.0,15.0,1b
1498.87,847.16,16.96,100.0,15.0,1
1457.38,1043.5,16.96,100.0,15.0,204c
583.69,854.5,17.172,100.0,15.0,9
323.63,227.57,17.172,100.0,15.0,12
977.75,829.69,17.172,100.0,15.0,52
1425.56,1082.94,17.172,100.0,15.0,78
768.63,816.34,17.172,100.0,15.0,53
1470.88,1073.94,17.172,100.0,15.0,44
778.0,613.44,17.172,100.0,15.0,82
1573.69,569.0,17.172,100.0,15.0,27
1504.51,825.41,17.172,100.0,15.0,1c
798.63,778.69,17.172,100.0,15.0,15
1489.07,825.69,17.172,100.0,15.0,3
1579.38,473.19,17.172,100.0,15.0,34
874.28,625.54,17.172,100.0,15.0,63
1485.04,841.29,17.172,100.0,15.0,1b
1498.87,847.16,17.172,100.0,15.0,1
1457.38,1043.5,17.172,100.0,15.0,204c
583.69,854.5,17.384,100.0,15.0,9
323.63,227.57,17.384,100.0,15.0,12
977.75,829.69,17.384,100.0,15.0,52
1425.56,1082.94,17.384,100.0,15.0,78
768.63,816.34,17.384,100.0,15.0,53
1470.88,1073.94,17.384,100.0,15.0,44
778.0,613.44,17.384,100.0,15.0,82
1573.69,569.0,17.384,100.0,15.0,27
1504.51,825.41,17.384,100.0,15.0,1c
798.63,778.69,17.384,100.0,15.0,15
1489.07,825.69,17.384,100.0,15.0,3
1579.38,473.19,17.384,100.0,15.0,34
874.28,625.54,17.384,100.0,15.0,63
1485.04,841.29,17.384,100.0,15.0,1b
1498.87,847.16,17.384,100.0,15.0,1
1457.38,1043.5,17.384,100.0,15.0,204c
583.69,854.5,17.596,100.0,15.0,9
323.63,227.57,17.596,100.0,15.0,12
977.75,829.69,17.596,100.0,15.0,52
1425.56,1082.94,17.596,100.0,15.0,78
768.63,816.34,17.596,100.0,15.0,53
1470.88,1073.94,17.596,100.0,15.0,44
778.0,613.44,17.596,100.0,15.0,82
1573.69,569.0,17.596,100.0,15.0,27
1504.51,825.41,17.596,100.0,15.0,1c
798.63,778.69,17.596,100.0,15.0,15
1489.07,825.69,17.596,100.0,15.0,3
1579.38,473.19,17.596,100.0,15.0,34
874.28,625.54,17.596,100.0,15.0,63
1485.04,841.29,17.596,100.0,15.0,1b
1498.87,847.16,17.596,100.0,15.0,1
1457.38,1043.5,17.596,100.0,15.0,204c
583.69,854.5,17.808,100.0,15.0,9
323.63,227.57,17.808,100.0,15.0,12
977.75,829.69,17.808,100.0,15.0,52
1425.56,1082.94,17.808,100.0,15.0,78
768.63,816.34,17.808,100.0,15.0,53
1470.88,1073.94,17.808,100.0,15.0,44
778.0,613.44,17.808,100.0,15.0,82
1573.69,569.0,17.808,100.0,15.0,27
1504.51,825.41,17.808,100.0,15.0,1c
798.63,778.69,17.808,100.0,15.0,15
1489.07,825.69,17.808,100.0,15.0,3
1579.38,473.19,17.808,100.0,15.0,34
874.28,625.54,17.808,100.0,15.0,63
1485.04,841.29,17.808,100.0,15.0,1b
1498.87,847.16,17.808,100.0,15.0,1
1457.38,1043.5,17.808,100.0,15.0,204c
583.69,854.5,18.02,100.0,15.0,9
323.63,227.57,18.02,100.0,15.0,12
977.75,829.69,18.02,100.0,15.0,52
1425.56,1082.94,18.02,100.0,15.0,78
768.63,816.34,18.02,100.0,15.0,53
1470.88,1073.94,18.02,100.0,15.0,44
778.0,613.44,18.02,100.0,15.0,82
1573.69,569.0,18.02,100.0,15.0,27
1504.51,825.41,18.02,100.0,15.0,1c
798.63,778.69,18.02,100.0,15.0,15
1489.07,825.69,18.02,100.0,15.0,3
1579.38,473.19,18.02,100.0,15.0,34
874.28,625.54,18.02,100.0,15.0,63
1485.04,841.29,18.02,100.0,15.0,1b
1498.87,847.16,18.02,100.0,15.0,1
1457.38,1043.5,18.02,100.0,15.0,204c
583.69,854.5,18.232,100.0,15.0,9
323.63,227.57,18.232,100.0,15.0,12
977.75,829.69,18.232,100.0,15.0,52
1425.56,1082.94,18.232,100.0,15.0,78
768.63,816.34,18.232,100.0,15.0,53
1470.88,1073.94,18.232,100.0,15.0,44
778.0,613.44,18.232,100.0,15.0,82
1573.69,569.0,18.232,100.0,15.0,27
1504.51,825.41,18.232,100.0,15.0,1c
798.63,778.69,18.232,100.0,15.0,15
1489.07,825.69,18.232,100.0,15.0,3
1579.38,473.19,18.232,100.0,15.0,34
874.28,625.54,18.232,100.0,15.0,63
1485.04,841.29,18.232,100.0,15.0,1b
1498.87,847.16,18.232,100.0,15.0,1
1457.38,1043.5,18.232,100.0,15.0,204c
583.69,854.5,18.444,100.0,15.0,9
323.63,227.57,18.444,100.0,15.0,12
977.75,829.69,18.444,100.0,15.0,52
1425.56,1082.94,18.444,100.0,15.0,78
768.63,816.34,18.444,100.0,15.0,53
1470.88,1073.94,18.444,100.0,15.0,44
778.0,613.44,18.444,100.0,15.0,82
1573.69,569.0,18.444,100.0,15.0,27
1504.51,825.41,18.444,100.0,15.0,1c
798.63,778.69,18.444,100.0,15.0,15
1489.07,825.69,18.444,100.0,15.0,3
1579.38,473.19,18.444,100.0,15.0,34
874.28,625.54,18.444,100.0,15.0,63
1485.04,841.29,18.444,100.0,15.0,1b
1498.87,847.16,18.444,100.0,15.0,1
1457.38,1043.5,18.444,100.0,15.0,204c
583.69,854.5,18.656,100.0,15.0,9
323.63,227.57,18.656,100.0,15.0,12
977.75,829.69,18.656,100.0,15.0,52
1425.56,1082.94,18.656,100.0,15.0,78
768.63,816.34,18.656,100.0,15.0,53
1470.88,1073.94,18.656,100.0,15.0,44
778.0,613.44,18.656,100.0,15.0,82
1573.69,569.0,18.656,100.0,15.0,27
1504.51,825.41,18.656,100.0,15.0,1c
798.63,778.69,18.656,100.0,15.0,15
1489.07,825.69,18.656,100.0,15.0,3
1579.38,473.19,18.656,100.0,15.0,34
874.28,625.54,18.656,100.0,15.0,63
1485.04,841.29,18.656,100.0,15.0,1b
1498.87,847.16,18.656,100.0,15.0,1
1457.38,1043.5,18.656,100.0,15.0,204c
583.69,854.5,18.868,100.0,15.0,9
323.63,227.57,18.868,100.0,15.0,12
977.75,829.69,18.868,100.0,15.0,52
1425.56,1082.94,18.868,100.0,15.0,78
768.63,816.34,18.868,100.0,15.0,53
1470.88,1073.94,18.868,100.0,15.0,44
778.0,613.44,18.868,100.0,15.0,82
1573.69,569.0,18.868,100.0,15.0,27
1504.51,825.41,18.868,100.0,15.0,1c
798.63,778.69,18.868,100.0,15.0,15
1489.07,825.69,18.868,100.0,15.0,3
1579.38,473.19,18.868,100.0,15.0,34
874.28,625.54,18.868,100.0,15.0,63
1485.04,841.29,18.868,100.0,15.0,1b
1498.87,847.16,18.868,100.0,15.0,1
1457.38,1043.5,18.868,100.0,15.0,204c
583.69,854.5,19.08,100.0,15.0,9
323.63,227.57,19.08,100.0,15.0,12
977.75,829.69,19.08,100.0,15.0,52
1425.56,1082.94,19.08,100.0,15.0,78
768.63,816.34,19.08,100.0,15.0,53
1470.88,1073.94,19.08,100.0,15.0,44
778.0,613.44,19.08,100.0,15.0,82
1573.69,569.0,19.08,100.0,15.0,27
1504.51,825.41,19.08,100.0,15.0,1c
798.63,778.69,19.08,100.0,15.0,15
1489.07,825.69,19.08,100.0,15.0,3
1579.38,473.19,19.08,100.0,15.0,34
874.28,625.54,19.08,100.0,15.0,63
1485.04,841.29,19.08,100.0,15.0,1b
1498.87,847.16,19.08,100.0,15.0,1
1457.38,1043.5,19.08,100.0,15.0,204c
583.69,854.5,19.292,100.0,15.0,9
323.63,227.57,19.292,100.0,15.0,12
977.75,829.69,19.292,100.0,15.0,52
1425.56,1082.94,19.292,100.0,15.0,78
768.63,816.34,19.292,100.0,15.0,53
1470.88,1073.94,19.292,100.0,15.0,44
778.0,613.44,19.292,100.0,15.0,82
1573.69,569.0,19.292,100.0,15.0,27
1504.51,825.41,19.292,100.0,15.0,1c
798.63,778.69,19.292,100.0,15.0,15
1489.07,825.69,19.292,100.0,15.0,3
1579.38,473.19,19.292,100.0,15.0,34
874.28,625.54,19.292,100.0,15.0,63
1485.04,841.29,19.292,100.0,15.0,1b
1498.87,847.16,19.292,100.0,15.0,1
1457.38,1043.5,19.292,100.0,15.0,204c
583.69,854.5,19.504,100.0,15.0,9
323.63,227.57,19.504,100.0,15.0,12
977.75,829.69,19.504,100.0,15.0,52
1425.56,1082.94,19.504,100.0,15.0,78
768.63,816.34,19.504,100.0,15.0,53
1470.88,1073.94,19.504,100.0,15.0,44
778.0,613.44,19.504,100.0,15.0,82
1573.69,569.0,19.504,100.0,15.0,27
1504.51,825.41,19.504,100.0,15.0,1c
798.63,778.69,19.504,100.0,15.0,15
1489.07,825.69,19.504,100.0,15.0,3
1579.38,473.19,19.504,100.0,15.0,34
874.28,625.54,19.504,100.0,15.0,63
1485.04,841.29,19.504,100.0,15.0,1b
1498.87,847.16,19.504,100.0,15.0,1
1457.38,1043.5,19.504,100.0,15.0,204c
583.69,854.5,19.716,100.0,15.0,9
323.63,227.57,19.716,100.0,15.0,12
977.75,829.69,19.716,100.0,15.0,52
1425.56,1082.94,19.716,100.0,15.0,78
768.63,816.34,19.716,100.0,15.0,53
1470.88,1073.94,19.716,100.0,15.0,44
778.0,613.44,19.716,100.0,15.0,82
1573.69,569.0,19.716,100.0,15.0,27
1504.51,825.41,19.716,100.0,15.0,1c
798.63,778.69,19.716,100.0,15.0,15
1489.07,825.69,19.716,100.0,15.0,3
1579.38,473.19,19.716,100.0,15.0,34
874.28,625.54,19.716,100.0,15.0,63
1485.04,841.29,19.716,100.0,15.0,1b
1498.87,847.16,19.716,100.0,15.0,1
1457.38,1043.5,19.716,100.0,15.0,204c
583.69,854.5,19.928,100.0,15.0,9
323.63,227.57,19.928,100.0,15.0,12
977.75,829.69,19.928,100.0,15.0,52
1425.56,1082.94,19.928,100.0,15.0,78
768.63,816.34,19.928,100.0,15.0,53
1470.88,1073.94,19.928,100.0,15.0,44
778.0,613.44,19.928,100.0,15.0,82
1573.69,569.0,19.928,100.0,15.0,27
1504.51,825.41,19.928,100.0,15.0,1c
798.63,778.69,19.928,100.0,15.0,15
1489.07,825.69,19.928,100.0,15.0,3
1579.38,473.19,19.928,100.0,15.0,34
874.28,625.54,19.928,100.0,15.0,63
1485.04,841.29,19.928,100.0,15.0,1b
1498.87,847.16,19.928,100.0,15.0,1
1457.38,1043.5,19.928,100.0,15.0,204c
583.69,854.5,20.14,100.0,15.0,9
323.63,227.57,20.14,100.0,15.0,12
977.75,829.69,20.14,100.0,15.0,52
1425.56,1082.94,20.14,100.0,15.0,78
768.63,816.34,20.14,100.0,15.0,53
1470.88,1073.94,20.14,100.0,15.0,44
778.0,613.44,20.14,100.0,15.0,82
1573.69,569.0,20.14,100.0,15.0,27
1504.51,825.41,20.14,100.0,15.0,1c
798.63,778.69,20.14,100.0,15.0,15
1489.07,825.69,20.14,100.0,15.0,3
1579.38,473.19,20.14,100.0,15.0,34
874.28,625.54,20.14,100.0,15.0,63
1485.04,841.29,20.14,100.0,15.0,1b
1498.87,847.16,20.14,100.0,15.0,1
1457.38,1043.5,20.14,100.0,15.0,204c
583.69,854.5,20.352,100.0,15.0,9
323.63,227.57,20.352,100.0,15.0,12
977.75,829.69,20.352,100.0,15.0,52
1425.56,1082.94,20.352,100.0,15.0,78
768.63,816.34,20.352,100.0,15.0,53
1470.88,1073.94,20.352,100.0,15.0,44
778.0,613.44,20.352,100.0,15.0,82
1573.69,569.0,20.352,100.0,15.0,27
1504.51,825.41,20.352,100.0,15.0,1c
798.63,778.69,20.352,100.0,15.0,15
1489.07,825.69,20.352,100.0,15.0,3
1579.38,473.19,20.352,100.0,15.0,34
874.28,625.54,20.352,100.0,15.0,63
1485.04,841.29,20.352,100.0,15.0,1b
1498.87,847.16,20.352,100.0,15.0,1
1457.38,1043.5,20.352,100.0,15.0,204c
583.69,854.5,20.564,100.0,15.0,9
323.63,227.57,20.564,100.0,15.0,12
977.75,829.69,20.564,100.0,15.0,52
1425.56,1082.94,20.564,100.0,15.0,78
768.63,816.34,20.564,100.0,15.0,53
1470.88,1073.94,20.564,100.0,15.0,44
778.0,613.44,20.564,100.0,15.0,82
1573.69,569.0,20.564,100.0,15.0,27
1504.51,825.41,20.564,100.0,15.0,1c
798.63,778.69,20.564,100.0,15.0,15
1489.07,825.69,20.564,100.0,15.0,3
1579.38,473.19,20.564,100.0,15.0,34
874.28,625.54,20.564,100.0,15.0,63
1485.04,841.29,20.564,100.0,15.0,1b
1498.87,847.16,20.564,100.0,15.0,1
1457.38,1043.5,20.564,100.0,15.0,204c
583.69,854.5,20.776,100.0,15.0,9
323.63,227.57,20.776,100.0,15.0,12
977.75,829.69,20.776,100.0,15.0,52
1425.56,1082.94,20.776,100.0,15.0,78
768.63,816.34,20.776,100.0,15.0,53
1470.88,1073.94,20.776,100.0,15.0,44
778.0,613.44,20.776,100.0,15.0,82
1573.69,569.0,20.776,100.0,15.0,27
1504.51,825.41,20.776,100.0,15.0,1c
798.63,778.69,20.776,100.0,15.0,15
1489.07,825.69,20.776,100.0,15.0,3
1579.38,473.19,20.776,100.0,15.0,34
874.28,625.54,20.776,100.0,15.0,63
1485.04,841.29,20.776,100.0,15.0,1b
1498.87,847.16,20.776,100.0,15.0,1
1457.38,1043.5,20.776,100.0,15.0,204c
583.69,854.5,20.988,100.0,15.0,9
323.63,227.57,20.988,100.0,15.0,12
977.75,829.69,20.988,100.0,15.0,52
1425.56,1082.94,20.988,100.0,15.0,78
768.63,816.34,20.988,100.0,15.0,53
1470.88,1073.94,20.988,100.0,15.0,44
778.0,613.44,20.988,100.0,15.0,82
1573.69,569.0,20.988,100.0,15.0,27
1504.51,825.41,20.988,100.0,15.0,1c
798.63,778.69,20.988,100.0,15.0,15
1489.07,825.69,20.988,100.0,15.0,3
1579.38,473.19,20.988,100.0,15.0,34
874.28,625.54,20.988,100.0,15.0,63
1485.04,841.29,20.988,100.0,15.0,1b
1498.87,847.16,20.988,100.0,15.0,1
1457.38,1043.5,20.988,100.0,15.0,204c
583.69,854.5,21.2,100.0,15.0,9
323.63,227.57,21.2,100.0,15.0,12
977.75,829.69,21.2,100.0,15.0,52
1425.56,1082.94,21.2,100.0,15.0,78
768.63,816.34,21.2,100.0,15.0,53
1470.88,1073.94,21.2,100.0,15.0,44
778.0,613.44,21.2,100.0,15.0,82
1573.69,569.0,21.2,100.0,15.0,27
1504.51,825.41,21.2,100.0,15.0,1c
798.63,778.69,21.2,100.0,15.0,15
1489.07,825.69,21.2,100.0,15.0,3
1579.38,473.19,21.2,100.0,15.0,34
874.28,625.54,21.2,100.0,15.0,63
1485.04,841.29,21.2,100.0,15.0,1b
1498.87,847.16,21.2,100.0,15.0,1
1457.38,1043.5,21.2,100.0,15.0,204c
583.69,854.5,21.412,100.0,15.0,9
323.63,227.57,21.412,100.0,15.0,12
977.75,829.69,21.412,100.0,15.0,52
1425.56,1082.94,21.412,100.0,15.0,78
768.63,816.34,21.412,100.0,15.0,53
1470.88,1073.94,21.412,100.0,15.0,44
778.0,613.44,21.412,100.0,15.0,82
1573.69,569.0,21.412,100.0,15.0,27
1504.51,825.41,21.412,100.0,15.0,1c
798.63,778.69,21.412,100.0,15.0,15
1489.07,825.69,21.412,100.0,15.0,3
1579.38,473.19,21.412,100.0,15.0,34
874.28,625.54,21.412,100.0,15.0,63
1485.04,841.29,21.412,100.0,15.0,1b
1498.87,847.16,21.412,100.0,15.0,1
1457.38,1043.5,21.412,100.0,15.0,204c
583.69,854.5,21.624,100.0,15.0,9
323.63,227.57,21.624,100.0,15.0,12
977.75,829.69,21.624,100.0,15.0,52
1425.56,1082.94,21.624,100.0,15.0,78
768.63,816.34,21.624,100.0,15.0,53
1470.88,1073.94,21.624,100.0,15.0,44
778.0,613.44,21.624,100.0,15.0,82
1573.69,569.0,21.624,100.0,15.0,27
1504.51,825.41,21.624,100.0,15.0,1c
798.63,778.69,21.624,100.0,15.0,15
1489.07,825.69,21.624,100.0,15.0,3
1579.38,473.19,21.624,100.0,15.0,34
874.28,625.54,21.624,100.0,15.0,63
1485.04,841.29,21.624,100.0,15.0,1b
1498.87,847.16,21.624,100.0,15.0,1
1457.38,1043.5,21.624,100.0,15.0,204c
583.69,854.5,21.836,100.0,15.0,9
323.63,227.57,21.836,100.0,15.0,12
977.75,829.69,21.836,100.0,15.0,52
1425.56,1082.94,21.836,100.0,15.0,78
768.63,816.34,21.836,100.0,15.0,53
1470.88,1073.94,21.836,100.0,15.0,44
778.0,613.44,21.836,100.0,15.0,82
1573.69,569.0,21.836,100.0,15.0,27
1504.51,825.41,21.836,100.0,15.0,1c
798.63,778.69,21.836,100.0,15.0,15
1489.07,825.69,21.836,100.0,15.0,3
1579.38,473.19,21.836,100.0,15.0,34
874.28,625.54,21.836,100.0,15.0,63
1485.04,841.29,21.836,100.0,15.0,1b
1498.87,847.16,21.836,100.0,15.0,1
1457.38,1043.5,21.836,100.0,15.0,204c
583.69,854.5,22.048,100.0,15.0,9
323.63,227.57,22.048,100.0,15.0,12
977.75,829.69,22.048,100.0,15.0,52
1425.56,1082.94,22.048,100.0,15.0,78
768.63,816.34,22.048,100.0,15.0,53
1470.88,1073.94,22.048,100.0,15.0,44
778.0,613.44,22.048,100.0,15.0,82
1573.69,569.0,22.048,100.0,15.0,27
1504.51,825.41,22.048,100.0,15.0,1c
798.63,778.69,22.048,100.0,15.0,15
1489.07,825.69,22.048,100.0,15.0,3
1579.38,473.19,22.048,100.0,15.0,34
874.28,625.54,22.048,100.0,15.0,63
1485.04,841.29,22.048,100.0,15.0,1b
1498.87,847.16,22.048,100.0,15.0,1
1457.38,1043.5,22.048,100.0,15.0,204c
583.69,854.5,22.26,100.0,15.0,9
323.63,227.57,22.26,100.0,15.0,12
977.75,829.69,22.26,100.0,15.0,52
1425.56,1082.94,22.26,100.0,15.0,78
768.63,816.34,22.26,100.0,15.0,53
1470.88,1073.94,22.26,100.0,15.0,44
778.0,613.44,22.26,100.0,15.0,82
1573.69,569.0,22.26,100.0,15.0,27
1504.51,825.41,22.26,100.0,15.0,1c
798.63,778.69,22.26,100.0,15.0,15
1489.07,825.69,22.26,100.0,15.0,3
1579.38,473.19,22.26,100.0,15.0,34
874.28,625.54,22.26,100.0,15.0,63
1485.04,841.29,22.26,100.0,15.0,1b
1498.87,847.16,22.26,100.0,15.0,1
1457.38,1043.5,22.26,100.0,15.0,204c
583.69,854.5,22.472,100.0,15.0,9
323.63,227.57,22.472,100.0,15.0,12
977.75,829.69,22.472,100.0,15.0,52
1425.56,1082.94,22.472,100.0,15.0,78
768.63,816.34,22.472,100.0,15.0,53
1470.88,1073.94,22.472,100.0,15.0,44
778.0,613.44,22.472,100.0,15.0,82
1573.69,569.0,22.472,100.0,15.0,27
1504.51,825.41,22.472,100.0,15.0,1c
798.63,778.69,22.472,100.0,15.0,15
1489.07,825.69,22.472,100.0,15.0,3
1579.38,473.19,22.472,100.0,15.0,34
874.28,625.54,22.472,100.0,15.0,63
1485.04,841.29,22.472,100.0,15.0,1b
1498.87,847.16,22.472,100.0,15.0,1
1457.38,1043.5,22.472,100.0,15.0,204c
583.69,854.5,22.684,100.0,15.0,9
323.63,227.57,22.684,100.0,15.0,12
977.75,829.69,22.684,100.0,15.0,52
1425.56,1082.94,22.684,100.0,15.0,78
768.63,816.34,22.684,100.0,15.0,53
1470.88,1073.94,22.684,100.0,15.0,44
778.0,613.44,22.684,100.0,15.0,82
1573.69,569.0,22.684,100.0,15.0,27
1504.51,825.41,22.684,100.0,15.0,1c
798.63,778.69,22.684,100.0,15.0,15
1489.07,825.69,22.684,100.0,15.0,3
1579.38,473.19,22.684,100.0,15.0,34
874.28,625.54,22.684,100.0,15.0,63
1485.04,841.29,22.684,100.0,15.0,1b
1498.87,847.16,22.684,100.0,15.0,1
1457.38,1043.5,22.684,100.0,15.0,204c
583.69,854.5,22.896,100.0,15.0,9
323.63,227.57,22.896,100.0,15.0,12
977.75,829.69,22.896,100.0,15.0,52
1425.56,1082.94,22.896,100.0,15.0,78
768.63,816.34,22.896,100.0,15.0,53
1470.88,1073.94,22.896,100.0,15.0,44
778.0,613.44,22.896,100.0,15.0,82
1573.69,569.0,22.896,100.0,15.0,27
1504.51,825.41,22.896,100.0,15.0,1c
798.63,778.69,22.896,100.0,15.0,15
1489.07,825.69,22.896,100.0,15.0,3
1579.38,473.19,22.896,100.0,15.0,34
874.28,625.54,22.896,100.0,15.0,63
1485.04,841.29,22.896,100.0,15.0,1b
1498.87,847.16,22.896,100.0,15.0,1
1457.38,1043.5,22.896,100.0,15.0,204c
583.69,854.5,23.108,100.0,15.0,9
323.63,227.57,23.108,100.0,15.0,12
977.75,829.69,23.108,100.0,15.0,52
1425.56,1082.94,23.108,100.0,15.0,78
768.63,816.34,23.108,100.0,15.0,53
1470.88,1073.94,23.108,100.0,15.0,44
778.0,613.44,23.108,100.0,15.0,82
1573.69,569.0,23.108,100.0,15.0,27
1504.51,825.41,23.108,100.0,15.0,1c
798.63,778.69,23.108,100.0,15.0,15
1489.07,825.69,23.108,100.0,15.0,3
1579.38,473.19,23.108,100.0,15.0,34
874.28,625.54,23.108,100.0,15.0,63
1485.04,841.29,23.108,100.0,15.0,1b
1498.87,847.16,23.108,100.0,15.0,1
1457.38,1043.5,23.108,100.0,15.0,204c
583.69,854.5,23.32,100.0,15.0,9
323.63,227.57,23.32,100.0,15.0,12
977.75,829.69,23.32,100.0,15.0,52
1425.56,1082.94,23.32,100.0,15.0,78
768.63,816.34,23.32,100.0,15.0,53
1470.88,1073.94,23.32,100.0,15.0,44
778.0,613.44,23.32,100.0,15.0,82
1573.69,569.0,23.32,100.0,15.0,27
1504.51,825.41,23.32,100.0,15.0,1c
798.63,778.69,23.32,100.0,15.0,15
1489.07,825.69,23.32,100.0,15.0,3
1579.38,473.19,23.32,100.0,15.0,34
874.28,625.54,23.32,100.0,15.0,63
1485.04,841.29,23.32,100.0,15.0,1b
1498.87,847.16,23.32,100.0,15.0,1
1457.38,1043.5,23.32,100.0,15.0,204c
583.69,854.5,23.532,100.0,15.0,9
323.63,227.57,23.532,100.0,15.0,12
977.75,829.69,23.532,100.0,15.0,52
1425.56,1082.94,23.532,100.0,15.0,78
768.63,816.34,23.532,100.0,15.0,53
1470.88,1073.94,23.532,100.0,15.0,44
778.0,613.44,23.532,100.0,15.0,82
1573.69,569.0,23.532,100.0,15.0,27
1504.51,825.41,23.532,100.0,15.0,1c
798.63,778.69,23.532,100.0,15.0,15
1489.07,825.69,23.532,100.0,15.0,3
1579.38,473.19,23.532,100.0,15.0,34
874.28,625.54,23.532,100.0,15.0,63
1485.04,841.29,23.532,100.0,15.0,1b
1498.87,847.16,23.532,100.0,15.0,1
1457.38,1043.5,23.532,100.0,15.0,204c
583.69,854.5,23.744,100.0,15.0,9
323.63,227.57,23.744,100.0,15.0,12
977.75,829.69,23.744,100.0,15.0,52
1425.56,1082.94,23.744,100.0,15.0,78
768.63,816.34,23.744,100.0,15.0,53
1470.88,1073.94,23.744,100.0,15.0,44
778.0,613.44,23.744,100.0,15.0,82
1573.69,569.0,23.744,100.0,15.0,27
1504.51,825.41,23.744,100.0,15.0,1c
798.63,778.69,23.744,100.0,15.0,15
1489.07,825.69,23.744,100.0,15.0,3
1579.38,473.19,23.744,100.0,15.0,34
874.28,625.54,23.744,100.0,15.0,63
1485.04,841.29,23.744,100.0,15.0,1b
1498.87,847.16,23.744,100.0,15.0,1
1457.38,1043.5,23.744,100.0,15.0,204c
583.69,854.5,23.956,100.0,15.0,9
323.63,227.57,23.956,100.0,15.0,12
977.75,829.69,23.956,100.0,15.0,52
1425.56,1082.94,23.956,100.0,15.0,78
768.63,816.34,23.956,100.0,15.0,53
1470.88,1073.94,23.956,100.0,15.0,44
778.0,613.44,23.956,100.0,15.0,82
1573.69,569.0,23.956,100.0,15.0,27
1504.51,825.41,23.956,100.0,15.0,1c
798.63,778.69,23.956,100.0,15.0,15
1489.07,825.69,23.956,100.0,15.0,3
1579.38,473.19,23.956,100.0,15.0,34
874.28,625.54,23.956,100.0,15.0,63
1485.04,841.29,23.956,100.0,15.0,1b
1498.87,847.16,23.956,100.0,15.0,1
1457.38,1043.5,23.956,100.0,15.0,204c
583.69,854.5,24.168,100.0,15.0,9
323.63,227.57,24.168,100.0,15.0,12
977.75,829.69,24.168,100.0,15.0,52
1425.56,1082.94,24.168,100.0,15.0,78
768.63,816.34,24.168,100.0,15.0,53
1470.88,1073.94,24.168,100.0,15.0,44
778.0,613.44,24.168,100.0,15.0,82
1573.69,569.0,24.168,100.0,15.0,27
1504.51,825.41,24.168,100.0,15.0,1c
798.63,778.69,24.168,100.0,15.0,15
1489.07,825.69,24.168,100.0,15.0,3
1579.38,473.19,24.168,100.0,15.0,34
874.28,625.54,24.168,100.0,15.0,63
1485.04,841.29,24.168,100.0,15.0,1b
1498.87,847.16,24.168,100.0,15.0,1
1457.38,1043.5,24.168,100.0,15.0,204c
583.69,854.5,24.38,100.0,15.0,9
323.63,227.57,24.38,100.0,15.0,12
977.75,829.69,24.38,100.0,15.0,52
1425.56,1082.94,24.38,100.0,15.0,78
768.63,816.34,24.38,100.0,15.0,53
1470.88,1073.94,24.38,100.0,15.0,44
778.0,613.44,24.38,100.0,15.0,82
1573.69,569.0,24.38,100.0,15.0,27
1504.51,825.41,24.38,100.0,15.0,1c
798.63,778.69,24.38,100.0,15.0,15
1489.07,825.69,24.38,100.0,15.0,3
1579.38,473.19,24.38,100.0,15.0,34
874.28,625.54,24.38,100.0,15.0,63
1485.04,841.29,24.38,100.0,15.0,1b
1498.87,847.16,24.38,100.0,15.0,1
1457.38,1043.5,24.38,100.0,15.0,204c
583.69,854.5,24.592,100.0,15.0,9
323.63,227.57,24.592,100.0,15.0,12
977.75,829.69,24.592,100.0,15.0,52
1425.56,1082.94,24.592,100.0,15.0,78
768.63,816.34,24.592,100.0,15.0,53
1470.88,1073.94,24.592,100.0,15.0,44
778.0,613.44,24.592,100.0,15.0,82
1573.69,569.0,24.592,100.0,15.0,27
1504.51,825.41,24.592,100.0,15.0,1c
798.63,778.69,24.592,100.0,15.0,15
1489.07,825.69,24.592,100.0,15.0,3
1579.38,473.19,24.592,100.0,15.0,34
874.28,625.54,24.592,100.0,15.0,63
1485.04,841.29,24.592,100.0,15.0,1b
1498.87,847.16,24.592,100.0,15.0,1
1457.38,1043.5,24.592,100.0,15.0,204c
583.69,854.5,24.804,100.0,15.0,9
323.63,227.57,24.804,100.0,15.0,12
977.75,829.69,24.804,100.0,15.0,52
1425.56,1082.94,24.804,100.0,15.0,78
768.63,816.34,24.804,100.0,15.0,53
1470.88,1073.94,24.804,100.0,15.0,44
778.0,613.44,24.804,100.0,15.0,82
1573.69,569.0,24.804,100.0,15.0,27
1504.51,825.41,24.804,100.0,15.0,1c
798.63,778.69,24.804,100.0,15.0,15
1489.07,825.69,24.804,100.0,15.0,3
1579.38,473.19,24.804,100.0,15.0,34
874.28,625.54,24.804,100.0,15.0,63
1485.04,841.29,24.804,100.0,15.0,1b
1498.87,847.16,24.804,100.0,15.0,1
1457.38,1043.5,24.804,100.0,15.0,204c
583.69,854.5,25.016,100.0,15.0,9
323.63,227.57,25.016,100.0,15.0,12
977.75,829.69,25.016,100.0,15.0,52
1425.56,1082.94,25.016,100.0,15.0,78
768.63,816.34,25.016,100.0,15.0,53
1470.88,1073.94,25.016,100.0,15.0,44
778.0,613.44,25.016,100.0,15.0,82
1573.69,569.0,25.016,100.0,15.0,27
1504.51,825.41,25.016,100.0,15.0,1c
798.63,778.69,25.016,100.0,15.0,15
1489.07,825.69,25.016,100.0,15.0,3
1579.38,473.19,25.016,100.0,15.0,34
874.28,625.54,25.016,100.0,15.0,63
1485.04,841.29,25.016,100.0,15.0,1b
1498.87,847.16,25.016,100.0,15.0,1
1457.38,1043.5,25.016,100.0,15.0,204c
583.69,854.5,25.228,100.0,15.0,9
323.63,227.57,25.228,100.0,15.0,12
977.75,829.69,25.228,100.0,15.0,52
1425.56,1082.94,25.228,100.0,15.0,78
768.63,816.34,25.228,100.0,15.0,53
1470.88,1073.94,25.228,100.0,15.0,44
778.0,613.44,25.228,100.0,15.0,82
1573.69,569.0,25.228,100.0,15.0,27
1504.51,825.41,25.228,100.0,15.0,1c
798.63,778.69,25.228,100.0,15.0,15
1489.07,825.69,25.228,100.0,15.0,3
1579.38,473.19,25.228,100.0,15.0,34
874.28,625.54,25.228,100.0,15.0,63
1485.04,841.29,25.228,100.0,15.0,1b
1498.87,847.16,25.228,100.0,15.0,1
1457.38,1043.5,25.228,100.0,15.0,204c
583.69,854.5,25.44,100.0,15.0,9
323.63,227.57,25.44,100.0,15.0,12
977.75,829.69,25.44,100.0,15.0,52
1425.56,1082.94,25.44,100.0,15.0,78
768.63,816.34,25.44,100.0,15.0,53
1470.88,1073.94,25.44,100.0,15.0,44
778.0,613.44,25.44,100.0,15.0,82
1573.69,569.0,25.44,100.0,15.0,27
1504.51,825.41,25.44,100.0,15.0,1c
798.63,778.69,25.44,100.0,15.0,15
1489.07,825.69,25.44,100.0,15.0,3
1579.38,473.19,25.44,100.0,15.0,34
874.28,625.54,25.44,100.0,15.0,63
1485.04,841.29,25.44,100.0,15.0,1b
1498.87,847.16,25.44,100.0,15.0,1
1457.38,1043.5,25.44,100.0,15.0,204c
583.69,854.5,25.652,100.0,15.0,9
323.63,227.57,25.652,100.0,15.0,12
977.75,829.69,25.652,100.0,15.0,52
1425.56,1082.94,25.652,100.0,15.0,78
768.63,816.34,25.652,100.0,15.0,53
1470.88,1073.94,25.652,100.0,15.0,44
778.0,613.44,25.652,100.0,15.0,82
1573.69,569.0,25.652,100.0,15.0,27
1504.51,825.41,25.652,100.0,15.0,1c
798.63,778.69,25.652,100.0,15.0,15
1489.07,825.69,25.652,100.0,15.0,3
1579.38,473.19,25.652,100.0,15.0,34
874.28,625.54,25.652,100.0,15.0,63
1485.04,841.29,25.652,100.0,15.0,1b
1498.87,847.16,25.652,100.0,15.0,1
1457.38,1043.5,25.652,100.0,15.0,204c
583.69,854.5,25.864,100.0,15.0,9
323.63,227.57,25.864,100.0,15.0,12
977.75,829.69,25.864,100.0,15.0,52
1425.56,1082.94,25.864,100.0,15.0,78
768.63,816.34,25.864,100.0,15.0,53
1470.88,1073.94,25.864,100.0,15.0,44
778.0,613.44,25.864,100.0,15.0,82
1573.69,569.0,25.864,100.0,15.0,27
1504.51,825.41,25.864,100.0,15.0,1c
798.63,778.69,25.864,100.0,15.0,15
1489.07,825.69,25.864,100.0,15.0,3
1579.38,473.19,25.864,100.0,15.0,34
874.28,625.54,25.864,100.0,15.0,63
1485.04,841.29,25.864,100.0,15.0,1b
1498.87,847.16,25.864,100.0,15.0,1
1457.38,1043.5,25.864,100.0,15.0,204c
583.69,854.5,26.076,100.0,15.0,9
323.63,227.57,26.076,100.0,15.0,12
977.75,829.69,26.076,100.0,15.0,52
1425.56,1082.94,26.076,100.0,15.0,78
768.63,816.34,26.076,100.0,15.0,53
1470.88,1073.94,26.076,100.0,15.0,44
778.0,613.44,26.076,100.0,15.0,82
1573.69,569.0,26.076,100.0,15.0,27
1504.51,825.41,26.076,100.0,15.0,1c
798.63,778.69,26.076,100.0,15.0,15
1489.07,825.69,26.076,100.0,15.0,3
1579.38,473.19,26.076,100.0,15.0,34
874.28,625.54,26.076,100.0,15.0,63
1485.04,841.29,26.076,100.0,15.0,1b
1498.87,847.16,26.076,100.0,15.0,1
1457.38,1043.5,26.076,100.0,15.0,204c
583.69,854.5,26.288,100.0,15.0,9
323.63,227.57,26.288,100.0,15.0,12
977.75,829.69,26.288,100.0,15.0,52
1425.56,1082.94,26.288,100.0,15.0,78
768.63,816.34,26.288,100.0,15.0,53
1470.88,1073.94,26.288,100.0,15.0,44
778.0,613.44,26.288,100.0,15.0,82
1573.69,569.0,26.288,100.0,15.0,27
1504.51,825.41,26.288,100.0,15.0,1c
798.63,778.69,26.288,100.0,15.0,15
1489.07,825.69,26.288,100.0,15.0,3
1579.38,473.19,26.288,100.0,15.0,34
874.28,625.54,26.288,100.0,15.0,63
1485.04,841.29,26.288,100.0,15.0,1b
1498.87,847.16,26.288,100.0,15.0,1
1457.38,1043.5,26.288,100.0,15.0,204c
583.69,854.5,26.5,100.0,15.0,9
323.63,227.57,26.5,100.0,15.0,12
977.75,829.69,26.5,100.0,15.0,52
1425.56,1082.94,26.5,100.0,15.0,78
768.63,816.34,26.5,100.0,15.0,53
1470.88,1073.94,26.5,100.0,15.0,44
778.0,613.44,26.5,100.0,15.0,82
1573.69,569.0,26.5,100.0,15.0,27
1504.51,825.41,26.5,100.0,15.0,1c
798.63,778.69,26.5,100.0,15.0,15
1489.07,825.69,26.5,100.0,15.0,3
1579.38,473.19,26.5,100.0,15.0,34
874.28,625.54,26.5,100.0,15.0,63
1485.04,841.29,26.5,100.0,15.0,1b
1498.87,847.16,26.5,100.0,15.0,1
1457.38,1043.5,26.5,100.0,15.0,204c
583.69,854.5,26.712,100.0,15.0,9
323.63,227.57,26.712,100.0,15.0,12
977.75,829.69,26.712,100.0,15.0,52
1425.56,1082.94,26.712,100.0,15.0,78
768.63,816.34,26.712,100.0,15.0,53
1470.88,1073.94,26.712,100.0,15.0,44
778.0,613.44,26.712,100.0,15.0,82
1573.69,569.0,26.712,100.0,15.0,27
1504.51,825.41,26.712,100.0,15.0,1c
798.63,778.69,26.712,100.0,15.0,15
1489.07,825.69,26.712,100.0,15.0,3
1579.38,473.19,26.712,100.0,15.0,34
874.28,625.54,26.712,100.0,15.0,63
1485.04,841.29,26.712,100.0,15.0,1b
1498.87,847.16,26.712,100.0,15.0,1
1457.38,1043.5,26.712,100.0,15.0,204c
583.69,854.5,26.924,100.0,15.0,9
323.63,227.57,26.924,100.0,15.0,12
977.75,829.69,26.924,100.0,15.0,52
1425.56,1082.94,26.924,100.0,15.0,78
768.63,816.34,26.924,100.0,15.0,53
1470.88,1073.94,26.924,100.0,15.0,44
778.0,613.44,26.924,100.0,15.0,82
1573.69,569.0,26.924,100.0,15.0,27
1504.51,825.41,26.924,100.0,15.0,1c
798.63,778.69,26.924,100.0,15.0,15
1489.07,825.69,26.924,100.0,15.0,3
1579.38,473.19,26.924,100.0,15.0,34
874.28,625.54,26.924,100.0,15.0,63
1485.04,841.29,26.924,100.0,15.0,1b
1498.87,847.16,26.924,100.0,15.0,1
1457.38,1043.5,26.924,100.0,15.0,204c
583.69,854.5,27.136,100.0,15.0,9
323.63,227.57,27.136,100.0,15.0,12
977.75,829.69,27.136,100.0,15.0,52
1425.56,1082.94,27.136,100.0,15.0,78
768.63,816.34,27.136,100.0,15.0,53
1470.88,1073.94,27.136,100.0,15.0,44
778.0,613.44,27.136,100.0,15.0,82
1573.69,569.0,27.136,100.0,15.0,27
1504.51,825.41,27.136,100.0,15.0,1c
798.63,778.69,27.136,100.0,15.0,15
1489.07,825.69,27.136,100.0,15.0,3
1579.38,473.19,27.136,100.0,15.0,34
874.28,625.54,27.136,100.0,15.0,63
1485.04,841.29,27.136,100.0,15.0,1b
1498.87,847.16,27.136,100.0,15.0,1
1457.38,1043.5,27.136,100.0,15.0,204c
583.69,854.5,27.348,100.0,15.0,9
323.63,227.57,27.348,100.0,15.0,12
977.75,829.69,27.348,100.0,15.0,52
1425.56,1082.94,27.348,100.0,15.0,78
768.63,816.34,27.348,100.0,15.0,53
1470.88,1073.94,27.348,100.0,15.0,44
778.0,613.44,27.348,100.0,15.0,82
1573.69,569.0,27.348,100.0,15.0,27
1504.51,825.41,27.348,100.0,15.0,1c
798.63,778.69,27.348,100.0,15.0,15
1489.07,825.69,27.348,100.0,15.0,3
1579.38,473.19,27.348,100.0,15.0,34
874.28,625.54,27.348,100.0,15.0,63
1485.04,841.29,27.348,100.0,15.0,1b
1498.87,847.16,27.348,100.0,15.0,1
1457.38,1043.5,27.348,100.0,15.0,204c
583.69,854.5,27.56,100.0,15.0,9
323.63,227.57,27.56,100.0,15.0,12
977.75,829.69,27.56,100.0,15.0,52
1425.56,1082.94,27.56,100.0,15.0,78
768.63,816.34,27.56,100.0,15.0,53
1470.88,1073.94,27.56,100.0,15.0,44
778.0,613.44,27.56,100.0,15.0,82
1573.69,569.0,27.56,100.0,15.0,27
1504.51,825.41,27.56,100.0,15.0,1c
798.63,778.69,27.56,100.0,15.0,15
1489.07,825.69,27.56,100.0,15.0,3
1579.38,473.19,27.56,100.0,15.0,34
874.28,625.54,27.56,100.0,15.0,63
1485.04,841.29,27.56,100.0,15.0,1b
1498.87,847.16,27.56,100.0,15.0,1
1457.38,1043.5,27.56,100.0,15.0,204c
583.69,854.5,27.772,100.0,15.0,9
323.63,227.57,27.772,100.0,15.0,12
977.75,829.69,27.772,100.0,15.0,52
1425.56,1082.94,27.772,100.0,15.0,78
768.63,816.34,27.772,100.0,15.0,53
1470.88,1073.94,27.772,100.0,15.0,44
778.0,613.44,27.772,100.0,15.0,82
1573.69,569.0,27.772,100.0,15.0,27
1504.51,825.41,27.772,100.0,15.0,1c
798.63,778.69,27.772,100.0,15.0,15
1489.07,825.69,27.772,100.0,15.0,3
1579.38,473.19,27.772,100.0,15.0,34
874.28,625.54,27.772,100.0,15.0,63
1485.04,841.29,27.772,100.0,15.0,1b
1498.87,847.16,27.772,100.0,15.0,1
1457.38,1043.5,27.772,100.0,15.0,204c
583.69,854.5,27.984,100.0,15.0,9
323.63,227.57,27.984,100.0,15.0,12
977.75,829.69,27.984,100.0,15.0,52
1425.56,1082.94,27.984,100.0,15.0,78
768.63,816.34,27.984,100.0,15.0,53
1470.88,1073.94,27.984,100.0,15.0,44
778.0,613.44,27.984,100.0,15.0,82
1573.69,569.0,27.984,100.0,15.0,27
1504.51,825.41,27.984,100.0,15.0,1c
798.63,778.69,27.984,100.0,15.0,15
1489.07,825.69,27.984,100.0,15.0,3
1579.38,473.19,27.984,100.0,15.0,34
874.28,625.54,27.984,100.0,15.0,63
1485.04,841.29,27.984,100.0,15.0,1b
1498.87,847.16,27.984,100.0,15.0,1
1457.38,1043.5,27.984,100.0,15.0,204c
583.69,854.5,28.196,100.0,15.0,9
323.63,227.57,28.196,100.0,15.0,12
977.75,829.69,28.196,100.0,15.0,52
1425.56,1082.94,28.196,100.0,15.0,78
768.63,816.34,28.196,100.0,15.0,53
1470.88,1073.94,28.196,100.0,15.0,44
778.0,613.44,28.196,100.0,15.0,82
1573.69,569.0,28.196,100.0,15.0,27
1504.51,825.41,28.196,100.0,15.0,1c
798.63,778.69,28.196,100.0,15.0,15
1489.07,825.69,28.196,100.0,15.0,3
1579.38,473.19,28.196,100.0,15.0,34
874.28,625.54,28.196,100.0,15.0,63
1485.04,841.29,28.196,100.0,15.0,1b
1498.87,847.16,28.196,100.0,15.0,1
1457.38,1043.5,28.196,100.0,15.0,204c
583.69,854.5,28.408,100.0,15.0,9
323.63,227.57,28.408,100.0,15.0,12
977.75,829.69,28.408,100.0,15.0,52
1425.56,1082.94,28.408,100.0,15.0,78
768.63,816.34,28.408,100.0,15.0,53
1470.88,1073.94,28.408,100.0,15.0,44
778.0,613.44,28.408,100.0,15.0,82
1573.69,569.0,28.408,100.0,15.0,27
1504.51,825.41,28.408,100.0,15.0,1c
798.63,778.69,28.408,100.0,15.0,15
1489.07,825.69,28.408,100.0,15.0,3
1579.38,473.19,28.408,100.0,15.0,34
874.28,625.54,28.408,100.0,15.0,63
1485.04,841.29,28.408,100.0,15.0,1b
1498.87,847.16,28.408,100.0,15.0,1
1457.38,1043.5,28.408,100.0,15.0,204c
583.69,854.5,28.62,100.0,15.0,9
323.63,227.57,28.62,100.0,15.0,12
977.75,829.69,28.62,100.0,15.0,52
1425.56,1082.94,28.62,100.0,15.0,78
768.63,816.34,28.62,100.0,15.0,53
1470.88,1073.94,28.62,100.0,15.0,44
778.0,613.44,28.62,100.0,15.0,82
1573.69,569.0,28.62,100.0,15.0,27
1504.51,825.41,28.62,100.0,15.0,1c
798.63,778.69,28.62,100.0,15.0,15
1489.07,825.69,28.62,100.0,15.0,3
1579.38,473.19,28.62,100.0,15.0,34
874.28,625.54,28.62,100.0,15.0,63
1485.04,841.29,28.62,100.0,15.0,1b
1498.87,847.16,28.62,100.0,15.0,1
1457.38,1043.5,28.62,100.0,15.0,204c
583.69,854.5,28.832,100.0,15.0,9
323.63,227.57,28.832,100.0,15.0,12
977.75,829.69,28.832,100.0,15.0,52
1425.56,1082.94,28.832,100.0,15.0,78
768.63,816.34,28.832,100.0,15.0,53
1470.88,1073.94,28.832,100.0,15.0,44
778.0,613.44,28.832,100.0,15.0,82
1573.69,569.0,28.832,100.0,15.0,27
1504.51,825.41,28.832,100.0,15.0,1c
798.63,778.69,28.832,100.0,15.0,15
1489.07,825.69,28.832,100.0,15.0,3
1579.38,473.19,28.832,100.0,15.0,34
874.28,625.54,28.832,100.0,15.0,63
1485.04,841.29,28.832,100.0,15.0,1b
1498.87,847.16,28.832,100.0,15.0,1
1457.38,1043.5,28.832,100.0,15.0,204c
583.69,854.5,29.044,100.0,15.0,9
323.63,227.57,29.044,100.0,15.0,12
977.75,829.69,29.044,100.0,15.0,52
1425.56,1082.94,29.044,100.0,15.0,78
768.63,816.34,29.044,100.0,15.0,53
1470.88,1073.94,29.044,100.0,15.0,44
778.0,613.44,29.044,100.0,15.0,82
1573.69,569.0,29.044,100.0,15.0,27
1504.51,825.41,29.044,100.0,15.0,1c
798.63,778.69,29.044,100.0,15.0,15
1489.07,825.69,29.044,100.0,15.0,3
1579.38,473.19,29.044,100.0,15.0,34
874.28,625.54,29.044,100.0,15.0,63
1485.04,841.29,29.044,100.0,15.0,1b
1498.87,847.16,29.044,100.0,15.0,1
1457.38,1043.5,29.044,100.0,15.0,204c
583.69,854.5,29.256,100.0,15.0,9
323.63,227.57,29.256,100.0,15.0,12
977.75,829.69,29.256,100.0,15.0,52
1425.56,1082.94,29.256,100.0,15.0,78
768.63,816.34,29.256,100.0,15.0,53
1470.88,1073.94,29.256,100.0,15.0,44
778.0,613.44,29.256,100.0,15.0,82
1573.69,569.0,29.256,100.0,15.0,27
1504.51,825.41,29.256,100.0,15.0,1c
798.63,778.69,29.256,100.0,15.0,15
1489.07,825.69,29.256,100.0,15.0,3
1579.38,473.19,29.256,100.0,15.0,34
874.28,625.54,29.256,100.0,15.0,63
1485.04,841.29,29.256,100.0,15.0,1b
1498.87,847.16,29.256,100.0,15.0,1
1457.38,1043.5,29.256,100.0,15.0,204c
583.69,854.5,29.468,100.0,15.0,9
323.63,227.57,29.468,100.0,15.0,12
977.75,829.69,29.468,100.0,15.0,52
1425.56,1082.94,29.468,100.0,15.0,78
768.63,816.34,29.468,100.0,15.0,53
1470.88,1073.94,29.468,100.0,15.0,44
778.0,613.44,29.468,100.0,15.0,82
1573.69,569.0,29.468,100.0,15.0,27
1504.51,825.41,29.468,100.0,15.0,1c
798.63,778.69,29.468,100.0,15.0,15
1489.07,825.69,29.468,100.0,15.0,3
1579.38,473.19,29.468,100.0,15.0,34
874.28,625.54,29.468,100.0,15.0,63
1485.04,841.29,29.468,100.0,15.0,1b
1498.87,847.16,29.468,100.0,15.0,1
1457.38,1043.5,29.468,100.0,15.0,204c
583.69,854.5,29.68,100.0,15.0,9
323.63,227.57,29.68,100.0,15.0,12
977.75,829.69,29.68,100.0,15.0,52
1425.56,1082.94,29.68,100.0,15.0,78
768.63,816.34,29.68,100.0,15.0,53
1470.88,1073.94,29.68,100.0,15.0,44
778.0,613.44,29.68,100.0,15.0,82
1573.69,569.0,29.68,100.0,15.0,27
1504.51,825.41,29.68,100.0,15.0,1c
798.63,778.69,29.68,100.0,15.0,15
1489.07,825.69,29.68,100.0,15.0,3
1579.38,473.19,29.68,100.0,15.0,34
874.28,625.54,29.68,100.0,15.0,63
1485.04,841.29,29.68,100.0,15.0,1b
1498.87,847.16,29.68,100.0,15.0,1
1457.38,1043.5,29.68,100.0,15.0,204c
583.69,854.5,29.892,100.0,15.0,9
323.63,227.57,29.892,100.0,15.0,12
977.75,829.69,29.892,100.0,15.0,52
1425.56,1082.94,29.892,100.0,15.0,78
768.63,816.34,29.892,100.0,15.0,53
1470.88,1073.94,29.892,100.0,15.0,44
778.0,613.44,29.892,100.0,15.0,82
1573.69,569.0,29.892,100.0,15.0,27
1504.51,825.41,29.892,100.0,15.0,1c
798.63,778.69,29.892,100.0,15.0,15
1489.07,825.69,29.892,100.0,15.0,3
1579.38,473.19,29.892,100.0,15.0,34
874.28,625.54,29.892,100.0,15.0,63
1485.04,841.29,29.892,100.0,15.0,1b
1498.87,847.16,29.892,100.0,15.0,1
1457.38,1043.5,29.892,100.0,15.0,204c
583.69,854.5,30.104,100.0,15.0,9
323.63,227.57,30.104,100.0,15.0,12
977.75,829.69,30.104,100.0,15.0,52
1425.56,1082.94,30.104,100.0,15.0,78
768.63,816.34,30.104,100.0,15.0,53
1470.88,1073.94,30.104,100.0,15.0,44
778.0,613.44,30.104,100.0,15.0,82
1573.69,569.0,30.104,100.0,15.0,27
1504.51,825.41,30.104,100.0,15.0,1c
798.63,778.69,30.104,100.0,15.0,15
1489.07,825.69,30.104,100.0,15.0,3
1579.38,473.19,30.104,100.0,15.0,34
874.28,625.54,30.104,100.0,15.0,63
1485.04,841.29,30.104,100.0,15.0,1b
1498.87,847.16,30.104,100.0,15.0,1
1457.38,1043.5,30.104,100.0,15.0,204c
583.69,854.5,30.316,100.0,15.0,9
323.63,227.57,30.316,100.0,15.0,12
977.75,829.69,30.316,100.0,15.0,52
1425.56,1082.94,30.316,100.0,15.0,78
768.63,816.34,30.316,100.0,15.0,53
1470.88,1073.94,30.316,100.0,15.0,44
778.0,613.44,30.316,100.0,15.0,82
1573.69,569.0,30.316,100.0,15.0,27
1504.51,825.41,30.316,100.0,15.0,1c
798.63,778.69,30.316,100.0,15.0,15
1489.07,825.69,30.316,100.0,15.0,3
1579.38,473.19,30.316,100.0,15.0,34
874.28,625.54,30.316,100.0,15.0,63
1485.04,841.29,30.316,100.0,15.0,1b
1498.87,847.16,30.316,100.0,15.0,1
1457.38,1043.5,30.316,100.0,15.0,204c
583.69,854.5,30.528,100.0,15.0,9
323.63,227.57,30.528,100.0,15.0,12
977.75,829.69,30.528,100.0,15.0,52
1425.56,1082.94,30.528,100.0,15.0,78
768.63,816.34,30.528,100.0,15.0,53
1470.88,1073.94,30.528,100.0,15.0,44
778.0,613.44,30.528,100.0,15.0,82
1573.69,569.0,30.528,100.0,15.0,27
1504.51,825.41,30.528,100.0,15.0,1c
798.63,778.69,30.528,100.0,15.0,15
1489.07,825.69,30.528,100.0,15.0,3
1579.38,473.19,30.528,100.0,15.0,34
874.28,625.54,30.528,100.0,15.0,63
1485.04,841.29,30.528,100.0,15.0,1b
1498.87,847.16,30.528,100.0,15.0,1
1457.38,1043.5,30.528,100.0,15.0,204c
583.69,854.5,30.74,100.0,15.0,9
323.63,227.57,30.74,100.0,15.0,12
977.75,829.69,30.74,100.0,15.0,52
1425.56,1082.94,30.74,100.0,15.0,78
768.63,816.34,30.74,100.0,15.0,53
1470.88,1073.94,30.74,100.0,15.0,44
778.0,613.44,30.74,100.0,15.0,82
1573.69,569.0,30.74,100.0,15.0,27
1504.51,825.41,30.74,100.0,15.0,1c
798.63,778.69,30.74,100.0,15.0,15
1489.07,825.69,30.74,100.0,15.0,3
1579.38,473.19,30.74,100.0,15.0,34
874.28,625.54,30.74,100.0,15.0,63
1485.04,841.29,30.74,100.0,15.0,1b
1498.87,847.16,30.74,100.0,15.0,1
1457.38,1043.5,30.74,100.0,15.0,204c
583.69,854.5,30.952,100.0,15.0,9
323.63,227.57,30.952,100.0,15.0,12
977.75,829.69,30.952,100.0,15.0,52
1425.56,1082.94,30.952,100.0,15.0,78
768.63,816.34,30.952,100.0,15.0,53
1470.88,1073.94,30.952,100.0,15.0,44
778.0,613.44,30.952,100.0,15.0,82
1573.69,569.0,30.952,100.0,15.0,27
1504.51,825.41,30.952,100.0,15.0,1c
798.63,778.69,30.952,100.0,15.0,15
1489.07,825.69,30.952,100.0,15.0,3
1579.38,473.19,30.952,100.0,15.0,34
874.28,625.54,30.952,100.0,15.0,63
1485.04,841.29,30.952,100.0,15.0,1b
1498.87,847.16,30.952,100.0,15.0,1
1457.38,1043.5,30.952,100.0,15.0,204c
583.69,854.5,31.164,100.0,15.0,9
323.63,227.57,31.164,100.0,15.0,12
977.75,829.69,31.164,100.0,15.0,52
1425.56,1082.94,31.164,100.0,15.0,78
768.63,816.34,31.164,100.0,15.0,53
1470.88,1073.94,31.164,100.0,15.0,44
778.0,613.44,31.164,100.0,15.0,82
1573.69,569.0,31.164,100.0,15.0,27
1504.51,825.41,31.164,100.0,15.0,1c
798.63,778.69,31.164,100.0,15.0,15
1489.07,825.69,31.164,100.0,15.0,3
1579.38,473.19,31.164,100.0,15.0,34
874.28,625.54,31.164,100.0,15.0,63
1485.04,841.29,31.164,100.0,15.0,1b
1498.87,847.16,31.164,100.0,15.0,1
1457.38,1043.5,31.164,100.0,15.0,204c
583.69,854.5,31.376,100.0,15.0,9
323.63,227.57,31.376,100.0,15.0,12
977.75,829.69,31.376,100.0,15.0,52
1425.56,1082.94,31.376,100.0,15.0,78
768.63,816.34,31.376,100.0,15.0,53
1470.88,1073.94,31.376,100.0,15.0,44
778.0,613.44,31.376,100.0,15.0,82
1573.69,569.0,31.376,100.0,15.0,27
1504.51,825.41,31.376,100.0,15.0,1c
798.63,778.69,31.376,100.0,15.0,15
1489.07,825.69,31.376,100.0,15.0,3
1579.38,473.19,31.376,100.0,15.0,34
874.28,625.54,31.376,100.0,15.0,63
1485.04,841.29,31.376,100.0,15.0,1b
1498.87,847.16,31.376,100.0,15.0,1
1457.38,1043.5,31.376,100.0,15.0,204c
583.69,854.5,31.588,100.0,15.0,9
323.63,227.57,31.588,100.0,15.0,12
977.75,829.69,31.588,100.0,15.0,52
1425.56,1082.94,31.588,100.0,15.0,78
768.63,816.34,31.588,100.0,15.0,53
1470.88,1073.94,31.588,100.0,15.0,44
778.0,613.44,31.588,100.0,15.0,82
1573.69,569.0,31.588,100.0,15.0,27
1504.51,825.41,31.588,100.0,15.0,1c
798.63,778.69,31.588,100.0,15.0,15
1489.07,825.69,31.588,100.0,15.0,3
1579.38,473.19,31.588,100.0,15.0,34
874.28,625.54,31.588,100.0,15.0,63
1485.04,841.29,31.588,100.0,15.0,1b
1498.87,847.16,31.588,100.0,15.0,1
1457.38,1043.5,31.588,100.0,15.0,204c
583.69,854.5,31.8,100.0,15.0,9
323.63,227.57,31.8,100.0,15.0,12
977.75,829.69,31.8,100.0,15.0,52
1425.56,1082.94,31.8,100.0,15.0,78
768.63,816.34,31.8,100.0,15.0,53
1470.88,1073.94,31.8,100.0,15.0,44
778.0,613.44,31.8,100.0,15.0,82
1573.69,569.0,31.8,100.0,15.0,27
1504.51,825.41,31.8,100.0,15.0,1c
798.63,778.69,31.8,100.0,15.0,15
1489.07,825.69,31.8,100.0,15.0,3
1579.38,473.19,31.8,100.0,15.0,34
874.28,625.54,31.8,100.0,15.0,63
1485.04,841.29,31.8,100.0,15.0,1b
1498.87,847.16,31.8,100.0,15.0,1
1457.38,1043.5,31.8,100.0,15.0,204c
583.69,854.5,32.012,100.0,15.0,9
323.63,227.57,32.012,100.0,15.0,12
977.75,829.69,32.012,100.0,15.0,52
1425.56,1082.94,32.012,100.0,15.0,78
768.63,816.34,32.012,100.0,15.0,53
1470.88,1073.94,32.012,100.0,15.0,44
778.0,613.44,32.012,100.0,15.0,82
1573.69,569.0,32.012,100.0,15.0,27
1504.51,825.41,32.012,100.0,15.0,1c
798.63,778.69,32.012,100.0,15.0,15
1489.07,825.69,32.012,100.0,15.0,3
1579.38,473.19,32.012,100.0,15.0,34
874.28,625.54,32.012,100.0,15.0,63
1485.04,841.29,32.012,100.0,15.0,1b
1498.87,847.16,32.012,100.0,15.0,1
1457.38,1043.5,32.012,100.0,15.0,204c
583.69,854.5,32.224,100.0,15.0,9
323.63,227.57,32.224,100.0,15.0,12
977.75,829.69,32.224,100.0,15.0,52
1425.56,1082.94,32.224,100.0,15.0,78
768.63,816.34,32.224,100.0,15.0,53
1470.88,1073.94,32.224,100.0,15.0,44
778.0,613.44,32.224,100.0,15.0,82
1573.69,569.0,32.224,100.0,15.0,27
1504.51,825.41,32.224,100.0,15.0,1c
798.63,778.69,32.224,100.0,15.0,15
1489.07,825.69,32.224,100.0,15.0,3
1579.38,473.19,32.224,100.0,15.0,34
874.28,625.54,32.224,100.0,15.0,63
1485.04,841.29,32.224,100.0,15.0,1b
1498.87,847.16,32.224,100.0,15.0,1
1457.38,1043.5,32.224,100.0,15.0,204c
583.69,854.5,32.436,100.0,15.0,9
323.63,227.57,32.436,100.0,15.0,12
977.75,829.69,32.436,100.0,15.0,52
1425.56,1082.94,32.436,100.0,15.0,78
768.63,816.34,32.436,100.0,15.0,53
1470.88,1073.94,32.436,100.0,15.0,44
778.0,613.44,32.436,100.0,15.0,82
1573.69,569.0,32.436,100.0,15.0,27
1504.51,825.41,32.436,100.0,15.0,1c
798.63,778.69,32.436,100.0,15.0,15
1489.07,825.69,32.436,100.0,15.0,3
1579.38,473.19,32.436,100.0,15.0,34
874.28,625.54,32.436,100.0,15.0,63
1485.04,841.29,32.436,100.0,15.0,1b
1498.87,847.16,32.436,100.0,15.0,1
1457.38,1043.5,32.436,100.0,15.0,204c
583.69,854.5,32.648,100.0,15.0,9
323.63,227.57,32.648,100.0,15.0,12
977.75,829.69,32.648,100.0,15.0,52
1425.56,1082.94,32.648,100.0,15.0,78
768.63,816.34,32.648,100.0,15.0,53
1470.88,1073.94,32.648,100.0,15.0,44
778.0,613.44,32.648,100.0,15.0,82
1573.69,569.0,32.648,100.0,15.0,27
1504.51,825.41,32.648,100.0,15.0,1c
798.63,778.69,32.648,100.0,15.0,15
1489.07,825.69,32.648,100.0,15.0,3
1579.38,473.19,32.648,100.0,15.0,34
874.28,625.54,32.648,100.0,15.0,63
1485.04,841.29,32.648,100.0,15.0,1b
1498.87,847.16,32.648,100.0,15.0,1
1457.38,1043.5,32.648,100.0,15.0,204c
583.69,854.5,32.86,100.0,15.0,9
323.63,227.57,32.86,100.0,15.0,12
977.75,829.69,32.86,100.0,15.0,52
1425.56,1082.94,32.86,100.0,15.0,78
768.63,816.34,32.86,100.0,15.0,53
1470.88,1073.94,32.86,100.0,15.0,44
778.0,613.44,32.86,100.0,15.0,82
1573.69,569.0,32.86,100.0,15.0,27
1504.51,825.41,32.86,100.0,15.0,1c
798.63,778.69,32.86,100.0,15.0,15
1489.07,825.69,32.86,100.0,15.0,3
1579.38,473.19,32.86,100.0,15.0,34
874.28,625.54,32.86,100.0,15.0,63
1485.04,841.29,32.86,100.0,15.0,1b
1498.87,847.16,32.86,100.0,15.0,1
1457.38,1043.5,32.86,100.0,15.0,204c
583.69,854.5,33.072,100.0,15.0,9
323.63,227.57,33.072,100.0,15.0,12
977.75,829.69,33.072,100.0,15.0,52
1425.56,1082.94,33.072,100.0,15.0,78
768.63,816.34,33.072,100.0,15.0,53
1470.88,1073.94,33.072,100.0,15.0,44
778.0,613.44,33.072,100.0,15.0,82
1573.69,569.0,33.072,100.0,15.0,27
1504.51,825.41,33.072,100.0,15.0,1c
798.63,778.69,33.072,100.0,15.0,15
1489.07,825.69,33.072,100.0,15.0,3
1579.38,473.19,33.072,100.0,15.0,34
874.28,625.54,33.072,100.0,15.0,63
1485.04,841.29,33.072,100.0,15.0,1b
1498.87,847.16,33.072,100.0,15.0,1
1457.38,1043.5,33.072,100.0,15.0,204c
583.69,854.5,33.284,100.0,15.0,9
323.63,227.57,33.284,100.0,15.0,12
977.75,829.69,33.284,100.0,15.0,52
1425.56,1082.94,33.284,100.0,15.0,78
768.63,816.34,33.284,100.0,15.0,53
1470.88,1073.94,33.284,100.0,15.0,44
778.0,613.44,33.284,100.0,15.0,82
1573.69,569.0,33.284,100.0,15.0,27
1504.51,825.41,33.284,100.0,15.0,1c
798.63,778.69,33.284,100.0,15.0,15
1489.07,825.69,33.284,100.0,15.0,3
1579.38,473.19,33.284,100.0,15.0,34
874.28,625.54,33.284,100.0,15.0,63
1485.04,841.29,33.284,100.0,15.0,1b
1498.87,847.16,33.284,100.0,15.0,1
1457.38,1043.5,33.284,100.0,15.0,204c
583.69,854.5,33.496,100.0,15.0,9
323.63,227.57,33.496,100.0,15.0,12
977.75,829.69,33.496,100.0,15.0,52
1425.56,1082.94,33.496,100.0,15.0,78
768.63,816.34,33.496,100.0,15.0,53
1470.88,1073.94,33.496,100.0,15.0,44
778.0,613.44,33.496,100.0,15.0,82
1573.69,569.0,33.496,100.0,15.0,27
1504.51,825.41,33.496,100.0,15.0,1c
798.63,778.69,33.496,100.0,15.0,15
1489.07,825.69,33.496,100.0,15.0,3
1579.38,473.19,33.496,100.0,15.0,34
874.28,625.54,33.496,100.0,15.0,63
1485.04,841.29,33.496,100.0,15.0,1b
1498.87,847.16,33.496,100.0,15.0,1
1457.38,1043.5,33.496,100.0,15.0,204c
583.69,854.5,33.708,100.0,15.0,9
323.63,227.57,33.708,100.0,15.0,12
977.75,829.69,33.708,100.0,15.0,52
1425.56,1082.94,33.708,100.0,15.0,78
768.63,816.34,33.708,100.0,15.0,53
1470.88,1073.94,33.708,100.0,15.0,44
778.0,613.44,33.708,100.0,15.0,82
1573.69,569.0,33.708,100.0,15.0,27
1504.51,825.41,33.708,100.0,15.0,1c
798.63,778.69,33.708,100.0,15.0,15
1489.07,825.69,33.708,100.0,15.0,3
1579.38,473.19,33.708,100.0,15.0,34
874.28,625.54,33.708,100.0,15.0,63
1485.04,841.29,33.708,100.0,15.0,1b
1498.87,847.16,33.708,100.0,15.0,1
1457.38,1043.5,33.708,100.0,15.0,204c
583.69,854.5,33.92,100.0,15.0,9
323.63,227.57,33.92,100.0,15.0,12
977.75,829.69,33.92,100.0,15.0,52
1425.56,1082.94,33.92,100.0,15.0,78
768.63,816.34,33.92,100.0,15.0,53
1470.88,1073.94,33.92,100.0,15.0,44
778.0,613.44,33.92,100.0,15.0,82
1573.69,569.0,33.92,100.0,15.0,27
1504.51,825.41,33.92,100.0,15.0,1c
798.63,778.69,33.92,100.0,15.0,15
1489.07,825.69,33.92,100.0,15.0,3
1579.38,473.19,33.92,100.0,15.0,34
874.28,625.54,33.92,100.0,15.0,63
1485.04,841.29,33.92,100.0,15.0,1b
1498.87,847.16,33.92,100.0,15.0,1
1457.38,1043.5,33.92,100.0,15.0,204c
583.69,854.5,34.132,100.0,15.0,9
323.63,227.57,34.132,100.0,15.0,12
977.75,829.69,34.132,100.0,15.0,52
1425.56,1082.94,34.132,100.0,15.0,78
768.63,816.34,34.132,100.0,15.0,53
1470.88,1073.94,34.132,100.0,15.0,44
778.0,613.44,34.132,100.0,15.0,82
1573.69,569.0,34.132,100.0,15.0,27
1504.51,825.41,34.132,100.0,15.0,1c
798.63,778.69,34.132,100.0,15.0,15
1489.07,825.69,34.132,100.0,15.0,3
1579.38,473.19,34.132,100.0,15.0,34
874.28,625.54,34.132,100.0,15.0,63
1485.04,841.29,34.132,100.0,15.0,1b
1498.87,847.16,34.132,100.0,15.0,1
1457.38,1043.5,34.132,100.0,15.0,204c
583.69,854.5,34.344,100.0,15.0,9
323.63,227.57,34.344,100.0,15.0,12
977.75,829.69,34.344,100.0,15.0,52
1425.56,1082.94,34.344,100.0,15.0,78
768.63,816.34,34.344,100.0,15.0,53
1470.88,1073.94,34.344,100.0,15.0,44
778.0,613.44,34.344,100.0,15.0,82
1573.69,569.0,34.344,100.0,15.0,27
1504.51,825.41,34.344,100.0,15.0,1c
798.63,778.69,34.344,100.0,15.0,15
1489.07,825.69,34.344,100.0,15.0,3
1579.38,473.19,34.344,100.0,15.0,34
874.28,625.54,34.344,100.0,15.0,63
1485.04,841.29,34.344,100.0,15.0,1b
1498.87,847.16,34.344,100.0,15.0,1
1457.38,1043.5,34.344,100.0,15.0,204c
583.69,854.5,34.556,100.0,15.0,9
323.63,227.57,34.556,100.0,15.0,12
977.75,829.69,34.556,100.0,15.0,52
1425.56,1082.94,34.556,100.0,15.0,78
768.63,816.34,34.556,100.0,15.0,53
1470.88,1073.94,34.556,100.0,15.0,44
778.0,613.44,34.556,100.0,15.0,82
1573.69,569.0,34.556,100.0,15.0,27
1504.51,825.41,34.556,100.0,15.0,1c
798.63,778.69,34.556,100.0,15.0,15
1489.07,825.69,34.556,100.0,15.0,3
1579.38,473.19,34.556,100.0,15.0,34
874.28,625.54,34.556,100.0,15.0,63
1485.04,841.29,34.556,100.0,15.0,1b
1498.87,847.16,34.556,100.0,15.0,1
1457.38,1043.5,34.556,100.0,15.0,204c
583.69,854.5,34.768,100.0,15.0,9
323.63,227.57,34.768,100.0,15.0,12
977.75,829.69,34.768,100.0,15.0,52
1425.56,1082.94,34.768,100.0,15.0,78
768.63,816.34,34.768,100.0,15.0,53
1470.88,1073.94,34.768,100.0,15.0,44
778.0,613.44,34.768,100.0,15.0,82
1573.69,569.0,34.768,100.0,15.0,27
1504.51,825.41,34.768,100.0,15.0,1c
798.63,778.69,34.768,100.0,15.0,15
1489.07,825.69,34.768,100.0,15.0,3
1579.38,473.19,34.768,100.0,15.0,34
874.28,625.54,34.768,100.0,15.0,63
1485.04,841.29,34.768,100.0,15.0,1b
1498.87,847.16,34.768,100.0,15.0,1
1457.38,1043.5,34.768,100.0,15.0,204c
583.69,854.5,34.98,100.0,15.0,9
323.63,227.57,34.98,100.0,15.0,12
977.75,829.69,34.98,100.0,15.0,52
1425.56,1082.94,34.98,100.0,15.0,78
768.63,816.34,34.98,100.0,15.0,53
1470.88,1073.94,34.98,100.0,15.0,44
778.0,613.44,34.98,100.0,15.0,82
1573.69,569.0,34.98,100.0,15.0,27
1504.51,825.41,34.98,100.0,15.0,1c
798.63,778.69,34.98,100.0,15.0,15
1489.07,825.69,34.98,100.0,15.0,3
1579.38,473.19,34.98,100.0,15.0,34
874.28,625.54,34.98,100.0,15.0,63
1485.04,841.29,34.98,100.0,15.0,1b
1498.87,847.16,34.98,100.0,15.0,1
1457.38,1043.5,34.98,100.0,15.0,204c
583.69,854.5,35.192,100.0,15.0,9
323.63,227.57,35.192,100.0,15.0,12
977.75,829.69,35.192,100.0,15.0,52
1425.56,1082.94,35.192,100.0,15.0,78
768.63,816.34,35.192,100.0,15.0,53
1470.88,1073.94,35.192,100.0,15.0,44
778.0,613.44,35.192,100.0,15.0,82
1573.69,569.0,35.192,100.0,15.0,27
1504.51,825.41,35.192,100.0,15.0,1c
798.63,778.69,35.192,100.0,15.0,15
1489.07,825.69,35.192,100.0,15.0,3
1579.38,473.19,35.192,100.0,15.0,34
874.28,625.54,35.192,100.0,15.0,63
1485.04,841.29,35.192,100.0,15.0,1b
1498.87,847.16,35.192,100.0,15.0,1
1457.38,1043.5,35.192,100.0,15.0,204c
583.69,854.5,35.404,100.0,15.0,9
323.63,227.57,35.404,100.0,15.0,12
977.75,829.69,35.404,100.0,15.0,52
1425.56,1082.94,35.404,100.0,15.0,78
768.63,816.34,35.404,100.0,15.0,53
1470.88,1073.94,35.404,100.0,15.0,44
778.0,613.44,35.404,100.0,15.0,82
1573.69,569.0,35.404,100.0,15.0,27
1504.51,825.41,35.404,100.0,15.0,1c
798.63,778.69,35.404,100.0,15.0,15
1489.07,825.69,35.404,100.0,15.0,3
1579.38,473.19,35.404,100.0,15.0,34
874.28,625.54,35.404,100.0,15.0,63
1485.04,841.29,35.404,100.0,15.0,1b
1498.87,847.16,35.404,100.0,15.0,1
1457.38,1043.5,35.404,100.0,15.0,204c
583.69,854.5,35.616,100.0,15.0,9
323.63,227.57,35.616,100.0,15.0,12
977.75,829.69,35.616,100.0,15.0,52
1425.56,1082.94,35.616,100.0,15.0,78
768.63,816.34,35.616,100.0,15.0,53
1470.88,1073.94,35.616,100.0,15.0,44
778.0,613.44,35.616,100.0,15.0,82
1573.69,569.0,35.616,100.0,15.0,27
1504.51,825.41,35.616,100.0,15.0,1c
798.63,778.69,35.616,100.0,15.0,15
1489.07,825.69,35.616,100.0,15.0,3
1579.38,473.19,35.616,100.0,15.0,34
874.28,625.54,35.616,100.0,15.0,63
1485.04,841.29,35.616,100.0,15.0,1b
1498.87,847.16,35.616,100.0,15.0,1
1457.38,1043.5,35.616,100.0,15.0,204c
583.69,854.5,35.828,100.0,15.0,9
323.63,227.57,35.828,100.0,15.0,12
977.75,829.69,35.828,100.0,15.0,52
1425.56,1082.94,35.828,100.0,15.0,78
768.63,816.34,35.828,100.0,15.0,53
1470.88,1073.94,35.828,100.0,15.0,44
778.0,613.44,35.828,100.0,15.0,82
1573.69,569.0,35.828,100.0,15.0,27
1504.51,825.41,35.828,100.0,15.0,1c
798.63,778.69,35.828,100.0,15.0,15
1489.07,825.69,35.828,100.0,15.0,3
1579.38,473.19,35.828,100.0,15.0,34
874.28,625.54,35.828,100.0,15.0,63
1485.04,841.29,35.828,100.0,15.0,1b
1498.87,847.16,35.828,100.0,15.0,1
1457.38,1043.5,35.828,100.0,15.0,204c
583.69,854.5,36.04,100.0,15.0,9
323.63,227.57,36.04,100.0,15.0,12
977.75,829.69,36.04,100.0,15.0,52
1425.56,1082.94,36.04,100.0,15.0,78
768.63,816.34,36.04,100.0,15.0,53
1470.88,1073.94,36.04,100.0,15.0,44
778.0,613.44,36.04,100.0,15.0,82
1573.69,569.0,36.04,100.0,15.0,27
1504.51,825.41,36.04,100.0,15.0,1c
798.63,778.69,36.04,100.0,15.0,15
1489.07,825.69,36.04,100.0,15.0,3
1579.38,473.19,36.04,100.0,15.0,34
874.28,625.54,36.04,100.0,15.0,63
1485.04,841.29,36.04,100.0,15.0,1b
1498.87,847.16,36.04,100.0,15.0,1
1457.38,1043.5,36.04,100.0,15.0,204c
583.69,854.5,36.252,100.0,15.0,9
323.63,227.57,36.252,100.0,15.0,12
977.75,829.69,36.252,100.0,15.0,52
1425.56,1082.94,36.252,100.0,15.0,78
768.63,816.34,36.252,100.0,15.0,53
1470.88,1073.94,36.252,100.0,15.0,44
778.0,613.44,36.252,100.0,15.0,82
1573.69,569.0,36.252,100.0,15.0,27
1504.51,825.41,36.252,100.0,15.0,1c
798.63,778.69,36.252,100.0,15.0,15
1489.07,825.69,36.252,100.0,15.0,3
1579.38,473.19,36.252,100.0,15.0,34
874.28,625.54,36.252,100.0,15.0,63
1485.04,841.29,36.252,100.0,15.0,1b
1498.87,847.16,36.252,100.0,15.0,1
1457.38,1043.5,36.252,100.0,15.0,204c
583.69,854.5,36.464,100.0,15.0,9
323.63,227.57,36.464,100.0,15.0,12
977.75,829.69,36.464,100.0,15.0,52
1425.56,1082.94,36.464,100.0,15.0,78
768.63,816.34,36.464,100.0,15.0,53
1470.88,1073.94,36.464,100.0,15.0,44
778.0,613.44,36.464,100.0,15.0,82
1573.69,569.0,36.464,100.0,15.0,27
1504.51,825.41,36.464,100.0,15.0,1c
798.63,778.69,36.464,100.0,15.0,15
1489.07,825.69,36.464,100.0,15.0,3
1579.38,473.19,36.464,100.0,15.0,34
874.28,625.54,36.464,100.0,15.0,63
1485.04,841.29,36.464,100.0,15.0,1b
1498.87,847.16,36.464,100.0,15.0,1
1457.38,1043.5,36.464,100.0,15.0,204c
583.69,854.5,36.676,100.0,15.0,9
323.63,227.57,36.676,100.0,15.0,12
977.75,829.69,36.676,100.0,15.0,52
1425.56,1082.94,36.676,100.0,15.0,78
768.63,816.34,36.676,100.0,15.0,53
1470.88,1073.94,36.676,100.0,15.0,44
778.0,613.44,36.676,100.0,15.0,82
1573.69,569.0,36.676,100.0,15.0,27
1504.51,825.41,36.676,100.0,15.0,1c
798.63,778.69,36.676,100.0,15.0,15
1489.07,825.69,36.676,100.0,15.0,3
1579.38,473.19,36.676,100.0,15.0,34
874.28,625.54,36.676,100.0,15.0,63
1485.04,841.29,36.676,100.0,15.0,1b
1498.87,847.16,36.676,100.0,15.0,1
1457.38,1043.5,36.676,100.0,15.0,204c
583.69,854.5,36.888,100.0,15.0,9
323.63,227.57,36.888,100.0,15.0,12
977.75,829.69,36.888,100.0,15.0,52
1425.56,1082.94,36.888,100.0,15.0,78
768.63,816.34,36.888,100.0,15.0,53
1470.88,1073.94,36.888,100.0,15.0,44
778.0,613.44,36.888,100.0,15.0,82
1573.69,569.0,36.888,100.0,15.0,27
1504.51,825.41,36.888,100.0,15.0,1c
798.63,778.69,36.888,100.0,15.0,15
1489.07,825.69,36.888,100.0,15.0,3
1579.38,473.19,36.888,100.0,15.0,34
874.28,625.54,36.888,100.0,15.0,63
1485.04,841.29,36.888,100.0,15.0,1b
1498.87,847.16,36.888,100.0,15.0,1
1457.38,1043.5,36.888,100.0,15.0,204c
583.69,854.5,37.1,100.0,15.0,9
323.63,227.57,37.1,100.0,15.0,12
977.75,829.69,37.1,100.0,15.0,52
1425.56,1082.94,37.1,100.0,15.0,78
768.63,816.34,37.1,100.0,15.0,53
1470.88,1073.94,37.1,100.0,15.0,44
778.0,613.44,37.1,100.0,15.0,82
1573.69,569.0,37.1,100.0,15.0,27
1504.51,825.41,37.1,100.0,15.0,1c
798.63,778.69,37.1,100.0,15.0,15
1489.07,825.69,37.1,100.0,15.0,3
1579.38,473.19,37.1,100.0,15.0,34
874.28,625.54,37.1,100.0,15.0,63
1485.04,841.29,37.1,100.0,15.0,1b
1498.87,847.16,37.1,100.0,15.0,1
1457.38,1043.5,37.1,100.0,15.0,204c
583.69,854.5,37.312,100.0,15.0,9
323.63,227.57,37.312,100.0,15.0,12
977.75,829.69,37.312,100.0,15.0,52
1425.56,1082.94,37.312,100.0,15.0,78
768.63,816.34,37.312,100.0,15.0,53
1470.88,1073.94,37.312,100.0,15.0,44
778.0,613.44,37.312,100.0,15.0,82
1573.69,569.0,37.312,100.0,15.0,27
1504.51,825.41,37.312,100.0,15.0,1c
798.63,778.69,37.312,100.0,15.0,15
1489.07,825.69,37.312,100.0,15.0,3
1579.38,473.19,37.312,100.0,15.0,34
874.28,625.54,37.312,100.0,15.0,63
1485.04,841.29,37.312,100.0,15.0,1b
1498.87,847.16,37.312,100.0,15.0,1
1457.38,1043.5,37.312,100.0,15.0,204c
583.69,854.5,37.524,100.0,15.0,9
323.63,227.57,37.524,100.0,15.0,12
977.75,829.69,37.524,100.0,15.0,52
1425.56,1082.94,37.524,100.0,15.0,78
768.63,816.34,37.524,100.0,15.0,53
1470.88,1073.94,37.524,100.0,15.0,44
778.0,613.44,37.524,100.0,15.0,82
1573.69,569.0,37.524,100.0,15.0,27
1504.51,825.41,37.524,100.0,15.0,1c
798.63,778.69,37.524,100.0,15.0,15
1489.07,825.69,37.524,100.0,15.0,3
1579.38,473.19,37.524,100.0,15.0,34
874.28,625.54,37.524,100.0,15.0,63
1485.04,841.29,37.524,100.0,15.0,1b
1498.87,847.16,37.524,100.0,15.0,1
1457.38,1043.5,37.524,100.0,15.0,204c
583.69,854.5,37.736,100.0,15.0,9
323.63,227.57,37.736,100.0,15.0,12
977.75,829.69,37.736,100.0,15.0,52
1425.56,1082.94,37.736,100.0,15.0,78
768.63,816.34,37.736,100.0,15.0,53
1470.88,1073.94,37.736,100.0,15.0,44
778.0,613.44,37.736,100.0,15.0,82
1573.69,569.0,37.736,100.0,15.0,27
1504.51,825.41,37.736,100.0,15.0,1c
798.63,778.69,37.736,100.0,15.0,15
1489.07,825.69,37.736,100.0,15.0,3
1579.38,473.19,37.736,100.0,15.0,34
874.28,625.54,37.736,100.0,15.0,63
1485.04,841.29,37.736,100.0,15.0,1b
1498.87,847.16,37.736,100.0,15.0,1
1457.38,1043.5,37.736,100.0,15.0,204c
583.69,854.5,37.948,100.0,15.0,9
323.63,227.57,37.948,100.0,15.0,12
977.75,829.69,37.948,100.0,15.0,52
1425.56,1082.94,37.948,100.0,15.0,78
768.63,816.34,37.948,100.0,15.0,53
1470.88,1073.94,37.948,100.0,15.0,44
778.0,613.44,37.948,100.0,15.0,82
1573.69,569.0,37.948,100.0,15.0,27
1504.51,825.41,37.948,100.0,15.0,1c
798.63,778.69,37.948,100.0,15.0,15
1489.07,825.69,37.948,100.0,15.0,3
1579.38,473.19,37.948,100.0,15.0,34
874.28,625.54,37.948,100.0,15.0,63
1485.04,841.29,37.948,100.0,15.0,1b
1498.87,847.16,37.948,100.0,15.0,1
1457.38,1043.5,37.948,100.0,15.0,204c
583.69,854.5,38.16,100.0,15.0,9
323.63,227.57,38.16,100.0,15.0,12
977.75,829.69,38.16,100.0,15.0,52
1425.56,1082.94,38.16,100.0,15.0,78
768.63,816.34,38.16,100.0,15.0,53
1470.88,1073.94,38.16,100.0,15.0,44
778.0,613.44,38.16,100.0,15.0,82
1573.69,569.0,38.16,100.0,15.0,27
1504.51,825.41,38.16,100.0,15.0,1c
798.63,778.69,38.16,100.0,15.0,15
1489.07,825.69,38.16,100.0,15.0,3
1579.38,473.19,38.16,100.0,15.0,34
874.28,625.54,38.16,100.0,15.0,63
1485.04,841.29,38.16,100.0,15.0,1b
1498.87,847.16,38.16,100.0,15.0,1
1457.38,1043.5,38.16,100.0,15.0,204c
583.69,854.5,38.372,100.0,15.0,9
323.63,227.57,38.372,100.0,15.0,12
977.75,829.69,38.372,100.0,15.0,52
1425.56,1082.94,38.372,100.0,15.0,78
768.63,816.34,38.372,100.0,15.0,53
1470.88,1073.94,38.372,100.0,15.0,44
778.0,613.44,38.372,100.0,15.0,82
1573.69,569.0,38.372,100.0,15.0,27
1504.51,825.41,38.372,100.0,15.0,1c
798.63,778.69,38.372,100.0,15.0,15
1489.07,825.69,38.372,100.0,15.0,3
1579.38,473.19,38.372,100.0,15.0,34
874.28,625.54,38.372,100.0,15.0,63
1485.04,841.29,38.372,100.0,15.0,1b
1498.87,847.16,38.372,100.0,15.0,1
1457.38,1043.5,38.372,100.0,15.0,204c
583.69,854.5,38.584,100.0,15.0,9
323.63,227.57,38.584,100.0,15.0,12
977.75,829.69,38.584,100.0,15.0,52
1425.56,1082.94,38.584,100.0,15.0,78
768.63,816.34,38.584,100.0,15.0,53
1470.88,1073.94,38.584,100.0,15.0,44
778.0,613.44,38.584,100.0,15.0,82
1573.69,569.0,38.584,100.0,15.0,27
1504.51,825.41,38.584,100.0,15.0,1c
798.63,778.69,38.584,100.0,15.0,15
1489.07,825.69,38.584,100.0,15.0,3
1579.38,473.19,38.584,100.0,15.0,34
874.28,625.54,38.584,100.0,15.0,63
1485.04,841.29,38.584,100.0,15.0,1b
1498.87,847.16,38.584,100.0,15.0,1
1457.38,1043.5,38.584,100.0,15.0,204c
583.69,854.5,38.796,100.0,15.0,9
323.63,227.57,38.796,100.0,15.0,12
977.75,829.69,38.796,100.0,15.0,52
1425.56,1082.94,38.796,100.0,15.0,78
768.63,816.34,38.796,100.0,15.0,53
1470.88,1073.94,38.796,100.0,15.0,44
778.0,613.44,38.796,100.0,15.0,82
1573.69,569.0,38.796,100.0,15.0,27
1504.51,825.41,38.796,100.0,15.0,1c
798.63,778.69,38.796,100.0,15.0,15
1489.07,825.69,38.796,100.0,15.0,3
1579.38,473.19,38.796,100.0,15.0,34
874.28,625.54,38.796,100.0,15.0,63
1485.04,841.29,38.796,100.0,15.0,1b
1498.87,847.16,38.796,100.0,15.0,1
1457.38,1043.5,38.796,100.0,15.0,204c
583.69,854.5,39.008,100.0,15.0,9
323.63,227.57,39.008,100.0,15.0,12
977.75,829.69,39.008,100.0,15.0,52
1425.56,1082.94,39.008,100.0,15.0,78
768.63,816.34,39.008,100.0,15.0,53
1470.88,1073.94,39.008,100.0,15.0,44
778.0,613.44,39.008,100.0,15.0,82
1573.69,569.0,39.008,100.0,15.0,27
1504.51,825.41,39.008,100.0,15.0,1c
798.63,778.69,39.008,100.0,15.0,15
1489.07,825.69,39.008,100.0,15.0,3
1579.38,473.19,39.008,100.0,15.0,34
874.28,625.54,39.008,100.0,15.0,63
1485.04,841.29,39.008,100.0,15.0,1b
1498.87,847.16,39.008,100.0,15.0,1
1457.38,1043.5,39.008,100.0,15.0,204c
583.69,854.5,39.22,100.0,15.0,9
323.63,227.57,39.22,100.0,15.0,12
977.75,829.69,39.22,100.0,15.0,52
1425.56,1082.94,39.22,100.0,15.0,78
768.63,816.34,39.22,100.0,15.0,53
1470.88,1073.94,39.22,100.0,15.0,44
778.0,613.44,39.22,100.0,15.0,82
1573.69,569.0,39.22,100.0,15.0,27
1504.51,825.41,39.22,100.0,15.0,1c
798.63,778.69,39.22,100.0,15.0,15
1489.07,825.69,39.22,100.0,15.0,3
1579.38,473.19,39.22,100.0,15.0,34
874.28,625.54,39.22,100.0,15.0,63
1485.04,841.29,39.22,100.0,15.0,1b
1498.87,847.16,39.22,100.0,15.0,1
1457.38,1043.5,39.22,100.0,15.0,204c
583.69,854.5,39.432,100.0,15.0,9
323.63,227.57,39.432,100.0,15.0,12
977.75,829.69,39.432,100.0,15.0,52
1425.56,1082.94,39.432,100.0,15.0,78
768.63,816.34,39.432,100.0,15.0,53
1470.88,1073.94,39.432,100.0,15.0,44
778.0,613.44,39.432,100.0,15.0,82
1573.69,569.0,39.432,100.0,15.0,27
1504.51,825.41,39.432,100.0,15.0,1c
798.63,778.69,39.432,100.0,15.0,15
1489.07,825.69,39.432,100.0,15.0,3
1579.38,473.19,39.432,100.0,15.0,34
874.28,625.54,39.432,100.0,15.0,63
1485.04,841.29,39.432,100.0,15.0,1b
1498.87,847.16,39.432,100.0,15.0,1
1457.38,1043.5,39.432,100.0,15.0,204c
583.69,854.5,39.644,100.0,15.0,9
323.63,227.57,39.644,100.0,15.0,12
977.75,829.69,39.644,100.0,15.0,52
1425.56,1082.94,39.644,100.0,15.0,78
768.63,816.34,39.644,100.0,15.0,53
1470.88,1073.94,39.644,100.0,15.0,44
778.0,613.44,39.644,100.0,15.0,82
1573.69,569.0,39.644,100.0,15.0,27
1504.51,825.41,39.644,100.0,15.0,1c
798.63,778.69,39.644,100.0,15.0,15
1489.07,825.69,39.644,100.0,15.0,3
1579.38,473.19,39.644,100.0,15.0,34
874.28,625.54,39.644,100.0,15.0,63
1485.04,841.29,39.644,100.0,15.0,1b
1498.87,847.16,39.644,100.0,15.0,1
1457.38,1043.5,39.644,100.0,15.0,204c
583.69,854.5,39.856,100.0,15.0,9
323.63,227.57,39.856,100.0,15.0,12
977.75,829.69,39.856,100.0,15.0,52
1425.56,1082.94,39.856,100.0,15.0,78
768.63,816.34,39.856,100.0,15.0,53
1470.88,1073.94,39.856,100.0,15.0,44
778.0,613.44,39.856,100.0,15.0,82
1573.69,569.0,39.856,100.0,15.0,27
1504.51,825.41,39.856,100.0,15.0,1c
798.63,778.69,39.856,100.0,15.0,15
1489.07,825.69,39.856,100.0,15.0,3
1579.38,473.19,39.856,100.0,15.0,34
874.28,625.54,39.856,100.0,15.0,63
1485.04,841.29,39.856,100.0,15.0,1b
1498.87,847.16,39.856,100.0,15.0,1
1457.38,1043.5,39.856,100.0,15.0,204c
